entry_id,volume,chapter,unit,sequence,source_order,korean,chinese,english,entry_kind,pos,pos_zh,origin_type,origin_detail,pronunciation,dictionary_source,dictionary_candidate_count,match_method,english_method,match_confidence,review_status,revision_note
v01-c01-u01-001,1,1,1,1,1,안녕하십니까,你好,hello; how do you do?,expression,표현,表达,expression,安寧 + 하다 + 敬语终结,,,0,unmatched,editorial_override,0.15,low,Migrated from the reviewed Volume 1 edition.
v01-c01-u01-002,1,1,1,2,2,네,是的,yes; yes sir; yes ma'am,lexeme,감탄사,叹,native,,,Korean Basic Dictionary,7,exact_ranked_gloss,dictionary_equivalent,0.91,high,
v01-c01-u01-003,1,1,1,3,3,저,我,I; me (humble),lexeme,대명사,代,native,,,Korean Basic Dictionary,11,editorial_override,editorial_override,1.0,verified,第一人称代词 저。
v01-c01-u01-004,1,1,1,4,4,이름,姓名,name; full name,lexeme,명사,名,native,,,Korean Basic Dictionary,13,exact_ranked_gloss,dictionary_equivalent,0.91,high,
v01-c01-u01-005,1,1,1,5,5,선생님,老师,teacher; master,lexeme,명사,名,hybrid,先生님,,Korean Basic Dictionary,3,exact_ranked_gloss,dictionary_equivalent,0.91,high,
v01-c01-u01-006,1,1,1,6,6,씨,小姐，先生（用于姓之后，表示尊敬）,Mr.; Ms.; honorific suffix,grammar,의존 명사,依存名,hanja,氏,,Korean Basic Dictionary,12,editorial_override,editorial_override,1.0,verified,敬称 씨；避免误配为“种子”。
v01-c01-u01-007,1,1,1,7,7,성,姓,surname; family name,lexeme,명사,名,hanja,姓,성ː,Korean Basic Dictionary,9,exact_ranked_gloss,dictionary_equivalent,0.91,high,
v01-c01-u01-008,1,1,1,8,8,인도 사람,印度人,Indian person,expression,표현,表达,expression,인도(印度) + 사람(固),,Korean Basic Dictionary,0,component_match,editorial_override,0.42,low,Migrated from the reviewed Volume 1 edition.
v01-c01-u01-009,1,1,1,9,9,중국,中国,China,lexeme,명사,名,hanja,中國,,Korean Basic Dictionary,1,exact_unique_gloss,dictionary_equivalent,0.97,high,
v01-c01-u01-010,1,1,1,10,10,제,我的,my,grammar,관형사,冠,grammar,저의 → 제,,Korean Basic Dictionary,13,editorial_override,editorial_override,1.0,verified,저의 的缩约；避免误配为汉字 제。
v01-c01-u01-011,1,1,1,11,11,그리고,和,and,lexeme,부사,副,native,,,Korean Basic Dictionary,1,exact_unique_form,dictionary_equivalent,0.78,medium,
v01-c01-u01-012,1,1,1,12,12,친구,朋友,friend,lexeme,명사,名,hanja,親舊,,Korean Basic Dictionary,4,exact_ranked_gloss,dictionary_equivalent,0.91,high,
v01-c01-u02-001,1,1,2,13,13,어느,哪（个）,any,lexeme,관형사,冠,native,,,Korean Basic Dictionary,14,exact_ranked_gloss,dictionary_equivalent,0.91,high,
v01-c01-u02-002,1,1,2,14,14,나라,国家,country; nation; state,lexeme,명사,名,native,,,Korean Basic Dictionary,2,exact_ranked_gloss,dictionary_equivalent,0.91,high,
v01-c01-u02-003,1,1,2,15,15,사람,人,human; man,lexeme,명사,名,native,,사ː람,Korean Basic Dictionary,34,exact_ambiguous_tie,dictionary_equivalent,0.45,low,
v01-c01-u02-004,1,1,2,16,16,미국,美国,the United States,lexeme,명사,名,hanja,美國,,Korean Basic Dictionary,1,exact_unique_gloss,dictionary_equivalent,0.97,high,
v01-c01-u02-005,1,1,2,17,17,아니요,不,no; no sir; no ma'am,lexeme,감탄사,叹,native,,,Korean Basic Dictionary,1,exact_unique_gloss,dictionary_equivalent,0.97,high,
v01-c01-u02-006,1,1,2,18,18,일본,日本,Japan,lexeme,명사,名,hanja,日本,,Korean Basic Dictionary,1,exact_unique_gloss,dictionary_equivalent,0.97,high,
v01-c01-u02-007,1,1,2,19,19,그렇습니까,是吗,is that so?,expression,형용사,形,expression,그렇다 + 正式疑问终结,그러타,Korean Basic Dictionary,6,exact_ambiguous_tie,editorial_override,0.45,low,Migrated from the reviewed Volume 1 edition.
v01-c01-u02-008,1,1,2,20,20,영국,英国,England; the United Kingdom,lexeme,명사,名,hanja,英國,,Korean Basic Dictionary,1,exact_unique_gloss,dictionary_equivalent,0.97,high,
v01-c01-u02-009,1,1,2,21,21,독일,德国,Germany,lexeme,명사,名,hanja,獨逸,도길,Korean Basic Dictionary,1,exact_unique_gloss,dictionary_equivalent,0.97,high,
v01-c01-u02-010,1,1,2,22,22,러시아,俄罗斯,Russia,lexeme,명사,名,loanword,Russia,,Korean Basic Dictionary,1,exact_unique_gloss,dictionary_equivalent,0.97,high,
v01-c01-u02-011,1,1,2,23,23,몽골,蒙古,Mongolia,lexeme,명사,名,loanword,←Mongolia,,Korean Basic Dictionary,2,exact_ambiguous_tie,dictionary_equivalent,0.45,low,
v01-c01-u02-012,1,1,2,24,24,인도,印度,India,lexeme,명사,名,hanja,印度,,Korean Basic Dictionary,6,exact_ranked_gloss,dictionary_equivalent,0.91,high,
v01-c01-u02-013,1,1,2,25,25,태국,泰国,Thailand,lexeme,명사,名,hanja,泰國,,Korean Basic Dictionary,1,exact_unique_gloss,dictionary_equivalent,0.97,high,
v01-c01-u02-014,1,1,2,26,26,한국,韩国,Korea,lexeme,명사,名,hanja,韓國,한ː국,Korean Basic Dictionary,1,exact_unique_gloss,dictionary_equivalent,0.97,high,
v01-c01-u02-015,1,1,2,27,27,호주,澳大利亚,Australia,lexeme,명사,名,hanja,濠洲,,Korean Basic Dictionary,2,exact_ranked_gloss,dictionary_equivalent,0.91,high,
v01-c01-u02-016,1,1,2,28,28,국적,国籍,nationality; citizenship,lexeme,명사,名,hanja,國籍,국쩍,Korean Basic Dictionary,3,exact_ambiguous_tie,dictionary_equivalent,0.45,low,
v01-c01-u02-017,1,1,2,29,29,캐나다,加拿大,Canada,lexeme,명사,名,loanword,Canada,,Korean Basic Dictionary,1,exact_unique_gloss,dictionary_equivalent,0.97,high,
v01-c01-u02-018,1,1,2,30,30,에서,从，来自,from,grammar,조사,助,native,,,Korean Basic Dictionary,6,editorial_override,editorial_override,1.0,verified,出处助词 에서。
v01-c01-u02-019,1,1,2,31,31,왔습니다,来,came,expression,동사,动,expression,오다 的过去正式体,,Korean Basic Dictionary,33,exact_ambiguous_tie,editorial_override,0.45,low,Migrated from the reviewed Volume 1 edition.
v01-c01-u03-001,1,1,3,32,32,회사원,公司职员,employee; office worker; staff,lexeme,명사,名,hanja,會社員,회ː사원/훼ː사원,Korean Basic Dictionary,1,exact_unique_gloss,dictionary_equivalent,0.97,high,
v01-c01-u03-002,1,1,3,33,33,그럼,那么,if so; in that case,lexeme,부사,副,native,,,Korean Basic Dictionary,5,exact_ambiguous_tie,dictionary_equivalent,0.45,low,
v01-c01-u03-003,1,1,3,34,34,학생,学生,student; learner,lexeme,명사,名,hanja,學生,학쌩,Korean Basic Dictionary,1,exact_unique_gloss,dictionary_equivalent,0.97,high,
v01-c01-u03-004,1,1,3,35,35,대학생,大学生,college student,lexeme,명사,名,hanja,大學生,대ː학쌩,Korean Basic Dictionary,1,exact_unique_gloss,dictionary_equivalent,0.97,high,
v01-c01-u03-005,1,1,3,36,36,직업,职业,occupation; job,lexeme,명사,名,hanja,職業,지겁,Korean Basic Dictionary,1,exact_unique_gloss,dictionary_equivalent,0.97,high,
v01-c01-u03-006,1,1,3,37,37,경찰,警察,police; policing,lexeme,명사,名,hanja,警察,경ː찰,Korean Basic Dictionary,2,exact_ambiguous_tie,dictionary_equivalent,0.45,low,
v01-c01-u03-007,1,1,3,38,38,가수,歌手,singer,lexeme,명사,名,hanja,歌手,,Korean Basic Dictionary,1,exact_unique_gloss,dictionary_equivalent,0.97,high,
v01-c01-u03-008,1,1,3,39,39,의사,医生,doctor; physician,lexeme,명사,名,hanja,醫師,,Korean Basic Dictionary,3,exact_ranked_gloss,dictionary_equivalent,0.91,high,
v01-c01-u03-009,1,1,3,40,40,간호사,护士,nurse,lexeme,명사,名,hanja,看護師,,Korean Basic Dictionary,1,exact_unique_gloss,dictionary_equivalent,0.97,high,
v01-c01-u03-010,1,1,3,41,41,은행원,银行职员,bank teller,lexeme,명사,名,hanja,銀行員,,Korean Basic Dictionary,1,exact_unique_gloss,dictionary_equivalent,0.97,high,
v01-c01-u03-011,1,1,3,42,42,비서,秘书,secretary; personal assistant,lexeme,명사,名,hanja,祕書,비ː서,Korean Basic Dictionary,1,exact_unique_gloss,dictionary_equivalent,0.97,high,
v01-c01-u03-012,1,1,3,43,43,기자,记者,reporter; journalist,lexeme,명사,名,hanja,記者,,Korean Basic Dictionary,1,exact_unique_gloss,dictionary_equivalent,0.97,high,
v01-c01-u03-013,1,1,3,44,44,변호사,律师,lawyer,lexeme,명사,名,hanja,辯護士,변ː호사,Korean Basic Dictionary,1,exact_unique_gloss,dictionary_equivalent,0.97,high,
v01-c01-u03-014,1,1,3,45,45,아니다,不是,not,lexeme,형용사,形,native,,,Korean Basic Dictionary,8,exact_ambiguous_tie,dictionary_equivalent,0.45,low,
v01-c01-u03-015,1,1,3,46,46,그런데,（表示转折的连词）可……，那……,by the way,lexeme,부사,副,native,,,Korean Basic Dictionary,4,exact_ranked_gloss,dictionary_equivalent,0.91,high,
v01-c01-u03-016,1,1,3,47,47,무엇,什么,what,lexeme,대명사,代,native,,무얻,Korean Basic Dictionary,2,exact_ambiguous_tie,dictionary_equivalent,0.45,low,
v01-c01-u03-017,1,1,3,48,48,하십니까?,做吗？（“합니까”的敬语）,do? (honorific),expression,동사,动,expression,하다 + 尊敬 + 正式疑问,,Korean Basic Dictionary,46,exact_ambiguous_tie,editorial_override,0.45,low,Migrated from the reviewed Volume 1 edition.
v01-c01-u03-018,1,1,3,49,49,교수,教授,professor,lexeme,명사,名,hanja,敎授,교ː수,Korean Basic Dictionary,2,editorial_override,editorial_override,1.0,verified,课程语境为职业“教授”；排除同词的 teaching/instruction 义项。
v01-c01-u03-019,1,1,3,50,50,을/를,（宾格助词）,object marker,expression,표현,表达,expression,,,,0,unmatched,editorial_override,0.15,low,Migrated from the reviewed Volume 1 edition.
v01-c01-u04-001,1,1,4,51,51,누구,谁,A pronoun used to indicate a person that one does not know.,lexeme,대명사,代,native,,,Korean Basic Dictionary,7,exact_ambiguous_tie,dictionary_definition,0.45,low,
v01-c01-u04-002,1,1,4,52,52,처음 뵙겠습니다.,初次见面,nice to meet you,expression,표현,表达,expression,처음 + 뵙다 + 겠습니다,,Korean Basic Dictionary,0,component_match,editorial_override,0.42,low,Migrated from the reviewed Volume 1 edition.
v01-c01-u04-003,1,1,4,53,53,반갑다,认识你很高兴,glad; joyful,lexeme,형용사,形,native,,반갑따,Korean Basic Dictionary,1,exact_unique_gloss,dictionary_equivalent,0.97,high,
v01-c01-u04-004,1,1,4,54,54,가다,去,go; travel,lexeme,동사,动,native,,,Korean Basic Dictionary,44,exact_ambiguous_tie,dictionary_equivalent,0.45,low,
v01-c01-u04-005,1,1,4,55,55,오다,来,come,lexeme,동사,动,native,,,Korean Basic Dictionary,33,exact_ambiguous_tie,dictionary_equivalent,0.45,low,
v01-c01-u04-006,1,1,4,56,56,만나다,见面,meet; meet with; join,lexeme,동사,动,native,,,Korean Basic Dictionary,10,exact_ranked_gloss,dictionary_equivalent,0.91,high,
v01-c01-u04-007,1,1,4,57,57,인사하다,打招呼,greet; salute,lexeme,동사,动,hybrid,人事하다,,Korean Basic Dictionary,3,exact_ranked_gloss,dictionary_equivalent,0.91,high,
v01-c01-u04-008,1,1,4,58,58,자다,睡,sleep,lexeme,동사,动,native,,,Korean Basic Dictionary,8,exact_ambiguous_tie,dictionary_equivalent,0.45,low,
v01-c01-u04-009,1,1,4,59,59,먹다,吃,eat; have; consume; take,lexeme,동사,动,native,,먹따,Korean Basic Dictionary,33,exact_ambiguous_tie,dictionary_equivalent,0.45,low,
v01-c01-u04-010,1,1,4,60,60,입다,穿,wear; be dressed; put on,lexeme,동사,动,native,,입따,Korean Basic Dictionary,3,exact_ranked_gloss,dictionary_equivalent,0.91,high,
v01-c01-u04-011,1,1,4,61,61,듣다,听,hear,lexeme,동사,动,native,,듣따,Korean Basic Dictionary,14,exact_ambiguous_tie,dictionary_equivalent,0.45,low,
v01-c01-u04-012,1,1,4,62,62,읽다,读,read; read out,lexeme,동사,动,native,,익따,Korean Basic Dictionary,9,exact_ambiguous_tie,dictionary_equivalent,0.45,low,
v01-c01-u04-013,1,1,4,63,63,쓰다,写,write,lexeme,동사,动,native,,,Korean Basic Dictionary,25,exact_ambiguous_tie,dictionary_equivalent,0.45,low,
v01-c01-u04-014,1,1,4,64,64,학교,学校,school,lexeme,명사,名,hanja,學校,학꾜,Korean Basic Dictionary,4,exact_unique_gloss,dictionary_equivalent,0.97,high,
v01-c01-u04-015,1,1,4,65,65,에,（表示地点或时间的助词）,on; in; at,grammar,조사,助,native,,,Korean Basic Dictionary,24,exact_ambiguous_tie,dictionary_equivalent,0.45,low,
v01-c02-u01-001,1,2,1,66,66,점원,（商店）店员,clerk,lexeme,명사,名,hanja,店員,저ː뭔,Korean Basic Dictionary,1,exact_unique_gloss,dictionary_equivalent,0.97,high,
v01-c02-u01-002,1,2,1,67,67,이것,这个（东西）,this,lexeme,대명사,代,native,,이걷,Korean Basic Dictionary,5,exact_ranked_gloss,dictionary_equivalent,0.91,high,
v01-c02-u01-003,1,2,1,68,68,교과서,课本,textbook,lexeme,명사,名,hanja,敎科書,교ː과서/교ː꽈서,Korean Basic Dictionary,2,editorial_override,editorial_override,1.0,verified,교과서 对应“课本/textbook”；原英文 exemplar 为错误义项。
v01-c02-u01-004,1,2,1,69,69,그렇다,是那样；对,be so; be like that; that's right,lexeme,형용사,形,native,,그러타,Korean Basic Dictionary,6,editorial_override,editorial_override,1.0,verified,그렇다 表示“是那样/对”；原英文 same 不成立。
v01-c02-u01-005,1,2,1,70,70,저것,那个（东西）,that,lexeme,대명사,代,native,,저걷,Korean Basic Dictionary,3,exact_ambiguous_tie,dictionary_equivalent,0.45,low,
v01-c02-u01-006,1,2,1,71,71,사전,词典,dictionary,lexeme,명사,名,hanja,辭典,,Korean Basic Dictionary,2,exact_ranked_gloss,dictionary_equivalent,0.91,high,
v01-c02-u01-007,1,2,1,72,72,잡지,杂志,magazine,lexeme,명사,名,hanja,雜誌,잡찌,Korean Basic Dictionary,1,exact_unique_gloss,dictionary_equivalent,0.97,high,
v01-c02-u01-008,1,2,1,73,73,읽기책,读物,reading book; reader,expression,표현,表达,expression,,,,0,unmatched,editorial_override,0.15,low,Migrated from the reviewed Volume 1 edition.
v01-c02-u01-009,1,2,1,74,74,책상,书桌,desk,lexeme,명사,名,hanja,冊床,책쌍,Korean Basic Dictionary,1,exact_unique_gloss,dictionary_equivalent,0.97,high,
v01-c02-u01-010,1,2,1,75,75,연필,铅笔,pencil,lexeme,명사,名,hanja,鉛筆,,Korean Basic Dictionary,1,exact_unique_gloss,dictionary_equivalent,0.97,high,
v01-c02-u01-011,1,2,1,76,76,자,尺,ruler,lexeme,명사,名,native,,,Korean Basic Dictionary,9,exact_ambiguous_tie,dictionary_equivalent,0.45,low,
v01-c02-u01-012,1,2,1,77,77,지우개,橡皮,eraser,lexeme,명사,名,native,,,Korean Basic Dictionary,2,exact_ranked_gloss,dictionary_equivalent,0.91,high,
v01-c02-u01-013,1,2,1,78,78,볼펜,圆珠笔,ballpoint pen,lexeme,명사,名,loanword,ball pen,,Korean Basic Dictionary,1,exact_unique_gloss,dictionary_equivalent,0.97,high,
v01-c02-u01-014,1,2,1,79,79,돈,钱,money,lexeme,명사,名,native,,돈ː,Korean Basic Dictionary,14,exact_ambiguous_tie,dictionary_equivalent,0.45,low,
v01-c02-u01-015,1,2,1,80,80,카드,卡,card,lexeme,명사,名,loanword,card,,Korean Basic Dictionary,7,exact_ambiguous_tie,dictionary_equivalent,0.45,low,
v01-c02-u01-016,1,2,1,81,81,여권,护照,passport,lexeme,명사,名,hanja,旅券,여꿘,Korean Basic Dictionary,2,exact_ranked_gloss,dictionary_equivalent,0.91,high,
v01-c02-u01-017,1,2,1,82,82,신분증,身份证,identification card,lexeme,명사,名,hanja,身分證,신분쯩,Korean Basic Dictionary,1,exact_unique_gloss,dictionary_equivalent,0.97,high,
v01-c02-u01-018,1,2,1,83,83,가방,包,bag,lexeme,명사,名,native,,,Korean Basic Dictionary,1,exact_unique_gloss,dictionary_equivalent,0.97,high,
v01-c02-u01-019,1,2,1,84,84,손수건,手绢,handkerchief,lexeme,명사,名,hybrid,손手巾,손쑤건,Korean Basic Dictionary,1,exact_unique_gloss,dictionary_equivalent,0.97,high,
v01-c02-u01-020,1,2,1,85,85,모자,帽子,hat,lexeme,명사,名,hanja,帽子,,Korean Basic Dictionary,2,exact_ranked_gloss,dictionary_equivalent,0.91,high,
v01-c02-u01-021,1,2,1,86,86,거울,镜子,mirror,lexeme,명사,名,native,,,Korean Basic Dictionary,4,exact_ambiguous_tie,dictionary_equivalent,0.45,low,
v01-c02-u01-022,1,2,1,87,87,휴지,手纸,toilet paper; toilet tissue,lexeme,명사,名,hanja,休紙,,Korean Basic Dictionary,2,exact_ranked_gloss,dictionary_equivalent,0.91,high,
v01-c02-u01-023,1,2,1,88,88,공책,笔记本,notebook,lexeme,명사,名,hanja,空冊,,Korean Basic Dictionary,1,exact_unique_gloss,dictionary_equivalent,0.97,high,
v01-c02-u01-024,1,2,1,89,89,열쇠,钥匙,key,lexeme,명사,名,native,,열ː쐬/열ː쒜,Korean Basic Dictionary,2,exact_ambiguous_tie,dictionary_equivalent,0.45,low,
v01-c02-u01-025,1,2,1,90,90,수첩,手册,pocket notebook,lexeme,명사,名,hanja,手帖,,Korean Basic Dictionary,1,exact_unique_gloss,dictionary_equivalent,0.97,high,
v01-c02-u01-026,1,2,1,91,91,과자,饼干,snack,lexeme,명사,名,hanja,菓子,,Korean Basic Dictionary,1,exact_unique_gloss,dictionary_equivalent,0.97,high,
v01-c02-u01-027,1,2,1,92,92,종이,纸,paper,lexeme,명사,名,native,,,Korean Basic Dictionary,2,exact_unique_gloss,dictionary_equivalent,0.97,high,
v01-c02-u01-028,1,2,1,93,93,필통,铅笔盒，笔筒,pencil holder,lexeme,명사,名,hanja,筆筒,,Korean Basic Dictionary,2,exact_ambiguous_tie,dictionary_equivalent,0.45,low,
v01-c02-u01-029,1,2,1,94,94,이,这,this,lexeme,대명사,代,native,,,Korean Basic Dictionary,29,exact_ambiguous_tie,dictionary_equivalent,0.45,low,
v01-c02-u01-030,1,2,1,95,95,그,那,A pronoun used to indicate people who are not the speaker or listener.,lexeme,대명사,代,native,,,Korean Basic Dictionary,10,exact_ambiguous_tie,dictionary_definition,0.45,low,
v01-c02-u01-031,1,2,1,96,96,저,那,that; that over there,lexeme,관형사,冠,native,,,Korean Basic Dictionary,11,editorial_override,editorial_override,1.0,verified,远指冠形词 저。
v01-c02-u01-032,1,2,1,97,97,그것,那个,that; that thing,lexeme,대명사,代,native,,그걷,Korean Basic Dictionary,7,editorial_override,editorial_override,1.0,verified,用完整、简洁的指示代词释义替换被截断的词典定义。
v01-c02-u01-033,1,2,1,98,98,저건,那个（东西）,that one over there,expression,표현,表达,expression,,,,0,unmatched,editorial_override,0.15,low,Migrated from the reviewed Volume 1 edition.
v01-c02-u01-034,1,2,1,99,99,여기,这儿,here; this,lexeme,대명사,代,native,,,Korean Basic Dictionary,2,exact_ranked_gloss,dictionary_equivalent,0.91,high,
v01-c02-u01-035,1,2,1,100,100,있다,有，在,existent; existing,lexeme,형용사,形,native,,읻따,Korean Basic Dictionary,25,exact_ambiguous_tie,dictionary_equivalent,0.45,low,
v01-c02-u02-001,1,2,2,101,101,달력,日历,calendar,lexeme,명사,名,hybrid,달曆,,Korean Basic Dictionary,1,exact_unique_gloss,dictionary_equivalent,0.97,high,
v01-c02-u02-002,1,2,2,102,102,지도,地图,map,lexeme,명사,名,hanja,地圖,,Korean Basic Dictionary,5,exact_ranked_gloss,dictionary_equivalent,0.91,high,
v01-c02-u02-003,1,2,2,103,103,없다,没有，不在,non-existent,lexeme,형용사,形,native,,업ː따,Korean Basic Dictionary,17,exact_ambiguous_tie,dictionary_equivalent,0.45,low,
v01-c02-u02-004,1,2,2,104,104,교실,教室,classroom,lexeme,명사,名,hanja,敎室,교ː실,Korean Basic Dictionary,2,exact_ranked_gloss,dictionary_equivalent,0.91,high,
v01-c02-u02-005,1,2,2,105,105,창문,窗户,window,lexeme,명사,名,hanja,窓門,,Korean Basic Dictionary,1,exact_unique_gloss,dictionary_equivalent,0.97,high,
v01-c02-u02-006,1,2,2,106,106,분필,粉笔,chalk,lexeme,명사,名,hanja,粉筆,,Korean Basic Dictionary,1,exact_unique_gloss,dictionary_equivalent,0.97,high,
v01-c02-u02-007,1,2,2,107,107,칠판,黑板,blackboard,lexeme,명사,名,hanja,漆板,,Korean Basic Dictionary,1,exact_unique_gloss,dictionary_equivalent,0.97,high,
v01-c02-u02-008,1,2,2,108,108,그림,画,drawing; painting; sketch,lexeme,명사,名,native,,그ː림,Korean Basic Dictionary,4,exact_ambiguous_tie,dictionary_equivalent,0.45,low,
v01-c02-u02-009,1,2,2,109,109,옷걸이,衣挂,clothes hanger; hanger,lexeme,명사,名,native,,옫꺼리,Korean Basic Dictionary,1,exact_unique_gloss,dictionary_equivalent,0.97,high,
v01-c02-u02-010,1,2,2,110,110,문,门,door,lexeme,명사,名,hanja,門,,Korean Basic Dictionary,8,exact_ambiguous_tie,dictionary_equivalent,0.45,low,
v01-c02-u02-011,1,2,2,111,111,텔레비전,电视,TV; television,lexeme,명사,名,loanword,television,,Korean Basic Dictionary,1,exact_unique_gloss,dictionary_equivalent,0.97,high,
v01-c02-u02-012,1,2,2,112,112,의자,椅子,chair; stool,lexeme,명사,名,hanja,椅子,,Korean Basic Dictionary,1,exact_unique_gloss,dictionary_equivalent,0.97,high,
v01-c02-u02-013,1,2,2,113,113,많다,多,plentiful; many; a lot of,lexeme,형용사,形,native,,만ː타,Korean Basic Dictionary,1,exact_unique_gloss,dictionary_equivalent,0.97,high,
v01-c02-u02-014,1,2,2,114,114,적다,少,little; a little,lexeme,형용사,形,native,,적ː따,Korean Basic Dictionary,3,exact_ranked_gloss,dictionary_equivalent,0.91,high,
v01-c02-u02-015,1,2,2,115,115,크다,大,big; large,lexeme,형용사,形,native,,,Korean Basic Dictionary,20,editorial_override,editorial_override,1.0,verified,此处 크다 为形容词“大”；原 grow/동사 是义项和词性误配。
v01-c02-u02-016,1,2,2,116,116,작다,小,small; little,lexeme,형용사,形,native,,작ː따,Korean Basic Dictionary,8,exact_ambiguous_tie,dictionary_equivalent,0.45,low,
v01-c02-u02-017,1,2,2,117,117,날씨,天气,weather,lexeme,명사,名,native,,,Korean Basic Dictionary,1,exact_unique_gloss,dictionary_equivalent,0.97,high,
v01-c02-u02-018,1,2,2,118,118,좋다,好,good; great; excellent,lexeme,형용사,形,native,,조ː타,Korean Basic Dictionary,22,exact_ambiguous_tie,dictionary_equivalent,0.45,low,
v01-c02-u02-019,1,2,2,119,119,나쁘다,不好,bad,lexeme,형용사,形,native,,,Korean Basic Dictionary,6,exact_ambiguous_tie,dictionary_equivalent,0.45,low,
v01-c02-u02-020,1,2,2,120,120,주스,果汁,juice,lexeme,명사,名,loanword,juice,,Korean Basic Dictionary,1,exact_unique_gloss,dictionary_equivalent,0.97,high,
v01-c02-u02-021,1,2,2,121,121,도,也,also; too,grammar,조사,助,native,,도ː,Korean Basic Dictionary,19,editorial_override,editorial_override,1.0,verified,助词 도；避免误配为名词或音名。
v01-c02-u02-022,1,2,2,122,122,물건,东西,article; thing; item; goods,lexeme,명사,名,hanja,物件,,Korean Basic Dictionary,4,exact_ambiguous_tie,dictionary_equivalent,0.45,low,
v01-c02-u02-023,1,2,2,123,123,에는,（表示时间、地点的助词“에”和表示对比的助词“는”连用）,at; in; as for,grammar,조사,助,grammar,에 + 는,,Korean Basic Dictionary,6,editorial_override,editorial_override,1.0,verified,复合助词 에는；原英文 eneun 只是罗马字。
v01-c02-u02-024,1,2,2,124,124,하고,和，跟,and; with,grammar,조사,助,native,,,Korean Basic Dictionary,4,editorial_override,editorial_override,1.0,verified,并列/伴随助词 하고；原英文 hago 只是罗马字。
v01-c02-u02-025,1,2,2,125,125,주머니,口袋,pouch,lexeme,명사,名,native,,,Korean Basic Dictionary,13,exact_ranked_gloss,dictionary_equivalent,0.91,high,
v01-c02-u03-001,1,2,3,126,126,은행,银行,bank,lexeme,명사,名,hanja,銀行,,Korean Basic Dictionary,3,exact_ambiguous_tie,dictionary_equivalent,0.45,low,
v01-c02-u03-002,1,2,3,127,127,어디,哪儿,where,lexeme,대명사,代,native,,,Korean Basic Dictionary,12,exact_ambiguous_tie,dictionary_equivalent,0.45,low,
v01-c02-u03-003,1,2,3,128,128,학생회관,学生会馆,student union building,expression,표현,表达,expression,,,,0,unmatched,editorial_override,0.15,low,Migrated from the reviewed Volume 1 edition.
v01-c02-u03-004,1,2,3,129,129,도서관,图书馆,library,lexeme,명사,名,hanja,圖書館,,Korean Basic Dictionary,1,exact_unique_gloss,dictionary_equivalent,0.97,high,
v01-c02-u03-005,1,2,3,130,130,앞,前面,front,lexeme,명사,名,native,,압,Korean Basic Dictionary,10,exact_ambiguous_tie,dictionary_equivalent,0.45,low,
v01-c02-u03-006,1,2,3,131,131,화장실,洗手间,toilet; restroom; bathroom,lexeme,명사,名,hanja,化粧室,,Korean Basic Dictionary,1,exact_unique_gloss,dictionary_equivalent,0.97,high,
v01-c02-u03-007,1,2,3,132,132,식당,食堂,cafeteria; restaurant,lexeme,명사,名,hanja,食堂,식땅,Korean Basic Dictionary,2,exact_ranked_gloss,dictionary_equivalent,0.91,high,
v01-c02-u03-008,1,2,3,133,133,서점,书店,bookstore,lexeme,명사,名,hanja,書店,,Korean Basic Dictionary,1,exact_unique_gloss,dictionary_equivalent,0.97,high,
v01-c02-u03-009,1,2,3,134,134,우체국,邮政局,post office,lexeme,명사,名,hanja,郵遞局,,Korean Basic Dictionary,1,exact_unique_gloss,dictionary_equivalent,0.97,high,
v01-c02-u03-010,1,2,3,135,135,사무실,办公室,office; place of business; workplace,lexeme,명사,名,hanja,事務室,사ː무실,Korean Basic Dictionary,1,exact_unique_gloss,dictionary_equivalent,0.97,high,
v01-c02-u03-011,1,2,3,136,136,뒤,后面,back,lexeme,명사,名,native,,뒤ː,Korean Basic Dictionary,51,exact_ranked_gloss,dictionary_equivalent,0.91,high,
v01-c02-u03-012,1,2,3,137,137,옆,旁边,side,lexeme,명사,名,native,,엽,Korean Basic Dictionary,4,exact_ambiguous_tie,dictionary_equivalent,0.45,low,
v01-c02-u03-013,1,2,3,138,138,위,上面,surface; top,lexeme,명사,名,native,,,Korean Basic Dictionary,14,exact_ambiguous_tie,dictionary_equivalent,0.45,low,
v01-c02-u03-014,1,2,3,139,139,밑,下面,bottom,lexeme,명사,名,native,,믿,Korean Basic Dictionary,12,exact_ambiguous_tie,dictionary_equivalent,0.45,low,
v01-c02-u03-015,1,2,3,140,140,아래,下面,bottom; lower part,lexeme,명사,名,native,,,Korean Basic Dictionary,4,exact_ranked_gloss,dictionary_equivalent,0.91,high,
v01-c02-u03-016,1,2,3,141,141,안,里面,inside,lexeme,명사,名,native,,,Korean Basic Dictionary,10,exact_ambiguous_tie,dictionary_equivalent,0.45,low,
v01-c02-u03-017,1,2,3,142,142,밖,外面,outside; exterior,lexeme,명사,名,native,,박,Korean Basic Dictionary,5,exact_ambiguous_tie,dictionary_equivalent,0.45,low,
v01-c02-u03-018,1,2,3,143,143,컴퓨터,电脑,computer,lexeme,명사,名,loanword,computer,,Korean Basic Dictionary,1,exact_unique_gloss,dictionary_equivalent,0.97,high,
v01-c02-u03-019,1,2,3,144,144,컵,杯子,cup,lexeme,명사,名,loanword,cup,,Korean Basic Dictionary,4,exact_ambiguous_tie,dictionary_equivalent,0.45,low,
v01-c02-u03-020,1,2,3,145,145,우유,牛奶,milk,lexeme,명사,名,hanja,牛乳,,Korean Basic Dictionary,1,exact_unique_gloss,dictionary_equivalent,0.97,high,
v01-c02-u03-021,1,2,3,146,146,신문,报纸,newspaper; paper,lexeme,명사,名,hanja,新聞,,Korean Basic Dictionary,4,exact_ambiguous_tie,dictionary_equivalent,0.45,low,
v01-c02-u03-022,1,2,3,147,147,전화,电话,call; phone call,lexeme,명사,名,hanja,電話,전ː화,Korean Basic Dictionary,2,exact_ambiguous_tie,dictionary_equivalent,0.45,low,
v01-c02-u03-023,1,2,3,148,148,맥주,啤酒,beer,lexeme,명사,名,hanja,麥酒,맥쭈,Korean Basic Dictionary,1,exact_unique_gloss,dictionary_equivalent,0.97,high,
v01-c02-u03-024,1,2,3,149,149,옷,衣服,clothes; garment,lexeme,명사,名,native,,옫,Korean Basic Dictionary,4,exact_ranked_gloss,dictionary_equivalent,0.91,high,
v01-c02-u03-025,1,2,3,150,150,침대,床,bed,lexeme,명사,名,hanja,寢臺,침ː대,Korean Basic Dictionary,1,exact_unique_gloss,dictionary_equivalent,0.97,high,
v01-c02-u03-026,1,2,3,151,151,냉장고,冰箱,refrigerator; fridge,lexeme,명사,名,hanja,冷藏庫,냉ː장고,Korean Basic Dictionary,1,exact_unique_gloss,dictionary_equivalent,0.97,high,
v01-c02-u03-027,1,2,3,152,152,1층,一楼,first floor,expression,표현,表达,expression,,,,0,unmatched,editorial_override,0.15,low,Migrated from the reviewed Volume 1 edition.
v01-c02-u03-028,1,2,3,153,153,지하,地下,basement,lexeme,명사,名,hanja,地下,,Korean Basic Dictionary,3,exact_ambiguous_tie,dictionary_equivalent,0.45,low,
v01-c02-u04-001,1,2,4,154,154,집,家,house,lexeme,명사,名,native,,,Korean Basic Dictionary,14,exact_ambiguous_tie,dictionary_equivalent,0.45,low,
v01-c02-u04-002,1,2,4,155,155,근처,附近,vicinity; neighborhood,lexeme,명사,名,hanja,近處,근ː처,Korean Basic Dictionary,2,exact_unique_gloss,dictionary_equivalent,0.97,high,
v01-c02-u04-003,1,2,4,156,156,백화점,百货商店,department store,lexeme,명사,名,hanja,百貨店,배콰점,Korean Basic Dictionary,1,exact_unique_gloss,dictionary_equivalent,0.97,high,
v01-c02-u04-004,1,2,4,157,157,지하철,地铁,subway,lexeme,명사,名,hanja,地下鐵,,Korean Basic Dictionary,2,exact_ranked_gloss,dictionary_equivalent,0.91,high,
v01-c02-u04-005,1,2,4,158,158,역,站,station; stop,lexeme,명사,名,hanja,驛,,Korean Basic Dictionary,5,exact_ranked_gloss,dictionary_equivalent,0.91,high,
v01-c02-u04-006,1,2,4,159,159,극장,剧场,theater; cinema,lexeme,명사,名,hanja,劇場,극짱,Korean Basic Dictionary,1,exact_unique_gloss,dictionary_equivalent,0.97,high,
v01-c02-u04-007,1,2,4,160,160,병원,医院,hospital; clinic,lexeme,명사,名,hanja,病院,병ː원,Korean Basic Dictionary,1,exact_unique_gloss,dictionary_equivalent,0.97,high,
v01-c02-u04-008,1,2,4,161,161,약국,药店,pharmacy,lexeme,명사,名,hanja,藥局,약꾹,Korean Basic Dictionary,1,exact_unique_gloss,dictionary_equivalent,0.97,high,
v01-c02-u04-009,1,2,4,162,162,회사,公司,company; corporation,lexeme,명사,名,hanja,會社,회ː사/훼ː사,Korean Basic Dictionary,1,exact_unique_gloss,dictionary_equivalent,0.97,high,
v01-c02-u04-010,1,2,4,163,163,가게,店,shop; store,lexeme,명사,名,native,,가ː게,Korean Basic Dictionary,1,exact_unique_gloss,dictionary_equivalent,0.97,high,
v01-c02-u04-011,1,2,4,164,164,공원,公园,park,lexeme,명사,名,hanja,公園,,Korean Basic Dictionary,2,exact_ranked_gloss,dictionary_equivalent,0.91,high,
v01-c02-u04-012,1,2,4,165,165,시장,市场,market,lexeme,명사,名,hanja,市場,시ː장,Korean Basic Dictionary,3,exact_ambiguous_tie,dictionary_equivalent,0.45,low,
v01-c02-u04-013,1,2,4,166,166,우리,我们,we,lexeme,대명사,代,native,,,Korean Basic Dictionary,4,exact_ambiguous_tie,dictionary_equivalent,0.45,low,
v01-c02-u04-014,1,2,4,167,167,버스,公交，巴士,bus,lexeme,명사,名,loanword,bus,,Korean Basic Dictionary,1,exact_unique_gloss,dictionary_equivalent,0.97,high,
v01-c02-u04-015,1,2,4,168,168,정류장,车站,stop,lexeme,명사,名,hanja,停留場,정뉴장,Korean Basic Dictionary,1,exact_unique_gloss,dictionary_equivalent,0.97,high,
v01-c02-u04-016,1,2,4,169,169,커피숍,咖啡店,coffee shop,lexeme,명사,名,loanword,coffee shop,,Korean Basic Dictionary,1,exact_unique_gloss,dictionary_equivalent,0.97,high,
v01-c02-u04-017,1,2,4,170,170,하고,和，跟,and; with,grammar,조사,助,native,,,Korean Basic Dictionary,4,editorial_override,editorial_override,1.0,verified,并列/伴随助词 하고；原英文 hago 只是罗马字。
v01-c02-u04-018,1,2,4,171,171,교회,教会,church,lexeme,명사,名,hanja,敎會,교ː회/교ː훼,Korean Basic Dictionary,1,exact_unique_gloss,dictionary_equivalent,0.97,high,
v01-c02-u04-019,1,2,4,172,172,참,真的,truth,lexeme,명사,名,native,,,Korean Basic Dictionary,12,exact_ambiguous_tie,dictionary_equivalent,0.45,low,
v01-c03-u01-001,1,3,1,173,173,하다,做,do; perform,lexeme,동사,动,native,,,Korean Basic Dictionary,46,exact_ambiguous_tie,dictionary_equivalent,0.45,low,
v01-c03-u01-002,1,3,1,174,174,가족,家人,family,lexeme,명사,名,hanja,家族,,Korean Basic Dictionary,1,exact_unique_gloss,dictionary_equivalent,0.97,high,
v01-c03-u01-003,1,3,1,175,175,사진,照片,picture; photo,lexeme,명사,名,hanja,寫眞,,Korean Basic Dictionary,1,exact_unique_gloss,dictionary_equivalent,0.97,high,
v01-c03-u01-004,1,3,1,176,176,보다,看,see; watch,lexeme,동사,动,native,,,Korean Basic Dictionary,48,editorial_override,editorial_override,1.0,verified,动词 보다（看）。
v01-c03-u01-005,1,3,1,177,177,자주,经常,often; frequently,lexeme,부사,副,native,,,Korean Basic Dictionary,1,exact_unique_gloss,dictionary_equivalent,0.97,high,
v01-c03-u01-006,1,3,1,178,178,가끔,偶尔，有时,sometimes,lexeme,부사,副,native,,,Korean Basic Dictionary,1,exact_unique_gloss,dictionary_equivalent,0.97,high,
v01-c03-u01-007,1,3,1,179,179,일,工作，活儿,work; task,lexeme,명사,名,native,,일ː,Korean Basic Dictionary,18,editorial_override,editorial_override,1.0,verified,固有词 일（工作）。
v01-c03-u01-008,1,3,1,180,180,일하다,工作，干活儿,serve; work,lexeme,동사,动,native,,일ː하다,Korean Basic Dictionary,2,exact_ranked_gloss,dictionary_equivalent,0.91,high,
v01-c03-u01-009,1,3,1,181,181,공부,学习,study,lexeme,명사,名,hanja,工夫,,Korean Basic Dictionary,1,exact_unique_gloss,dictionary_equivalent,0.97,high,
v01-c03-u01-010,1,3,1,182,182,공부하다,学习,study,lexeme,동사,动,hybrid,工夫하다,,Korean Basic Dictionary,1,exact_unique_gloss,dictionary_equivalent,0.97,high,
v01-c03-u01-011,1,3,1,183,183,숙제,作业,homework,lexeme,명사,名,hanja,宿題,숙쩨,Korean Basic Dictionary,2,exact_ranked_gloss,dictionary_equivalent,0.91,high,
v01-c03-u01-012,1,3,1,184,184,숙제하다,做作业,do one's homework,lexeme,동사,动,hybrid,宿題하다,숙쩨하다,Korean Basic Dictionary,1,exact_unique_gloss,dictionary_equivalent,0.97,high,
v01-c03-u01-013,1,3,1,185,185,이야기,故事,story,lexeme,명사,名,native,,,Korean Basic Dictionary,6,exact_ambiguous_tie,dictionary_equivalent,0.45,low,
v01-c03-u01-014,1,3,1,186,186,이야기하다,讲故事,tell,lexeme,동사,动,native,,,Korean Basic Dictionary,4,exact_ranked_gloss,dictionary_equivalent,0.91,high,
v01-c03-u01-015,1,3,1,187,187,노래,歌，歌曲,song; music; singing,lexeme,명사,名,native,,,Korean Basic Dictionary,4,exact_ranked_gloss,dictionary_equivalent,0.91,high,
v01-c03-u01-016,1,3,1,188,188,노래하다,唱歌,sing,lexeme,동사,动,native,,,Korean Basic Dictionary,4,exact_ranked_gloss,dictionary_equivalent,0.91,high,
v01-c03-u01-017,1,3,1,189,189,운동,运动,exercise,lexeme,명사,名,hanja,運動,운ː동,Korean Basic Dictionary,4,exact_ambiguous_tie,dictionary_equivalent,0.45,low,
v01-c03-u01-018,1,3,1,190,190,운동하다,做运动,play sports,lexeme,동사,动,hybrid,運動하다,운ː동하다,Korean Basic Dictionary,4,exact_ranked_gloss,dictionary_equivalent,0.91,high,
v01-c03-u01-019,1,3,1,191,191,산책,散步,walk; stroll,lexeme,명사,名,hanja,散策,산ː책,Korean Basic Dictionary,1,exact_unique_gloss,dictionary_equivalent,0.97,high,
v01-c03-u01-020,1,3,1,192,192,산책하다,去散步,walk; stroll,lexeme,동사,动,hybrid,散策하다,산ː채카다,Korean Basic Dictionary,1,exact_unique_gloss,dictionary_equivalent,0.97,high,
v01-c03-u01-021,1,3,1,193,193,사다,买,buy; purchase; get,lexeme,동사,动,native,,,Korean Basic Dictionary,6,exact_ambiguous_tie,dictionary_equivalent,0.45,low,
v01-c03-u01-022,1,3,1,194,194,밥,饭,steamed rice; rice,lexeme,명사,名,native,,,Korean Basic Dictionary,14,exact_ambiguous_tie,dictionary_equivalent,0.45,low,
v01-c03-u01-023,1,3,1,195,195,김치,泡菜,kimchi,lexeme,명사,名,native,,,Korean Basic Dictionary,1,exact_unique_gloss,dictionary_equivalent,0.97,high,
v01-c03-u01-024,1,3,1,196,196,영화,电影,film; movie,lexeme,명사,名,hanja,映畫,,Korean Basic Dictionary,2,exact_ranked_gloss,dictionary_equivalent,0.91,high,
v01-c03-u01-025,1,3,1,197,197,음악,音乐,music,lexeme,명사,名,hanja,音樂,으막,Korean Basic Dictionary,1,exact_unique_gloss,dictionary_equivalent,0.97,high,
v01-c03-u01-026,1,3,1,198,198,날마다,每天,every day,expression,표현,表达,expression,,,,0,unmatched,editorial_override,0.15,low,Migrated from the reviewed Volume 1 edition.
v01-c03-u01-027,1,3,1,199,199,부르다,唱，叫,call for; call out for; gesture,lexeme,동사,动,native,,,Korean Basic Dictionary,14,exact_ambiguous_tie,dictionary_equivalent,0.45,low,
v01-c03-u02-001,1,3,2,200,200,몇,几，多少,how many,lexeme,수사,数,native,,멷,Korean Basic Dictionary,4,exact_ambiguous_tie,dictionary_equivalent,0.45,low,
v01-c03-u02-002,1,3,2,201,201,명,口（表示有多少人的单位名词），个,person,lexeme,의존 명사,依存名,hanja,名,,Korean Basic Dictionary,5,exact_ranked_gloss,dictionary_equivalent,0.91,high,
v01-c03-u02-003,1,3,2,202,202,아버지,爸爸,father; male parent,lexeme,명사,名,native,,,Korean Basic Dictionary,6,exact_ambiguous_tie,dictionary_equivalent,0.45,low,
v01-c03-u02-004,1,3,2,203,203,어머니,妈妈,mother,lexeme,명사,名,native,,,Korean Basic Dictionary,8,exact_ambiguous_tie,dictionary_equivalent,0.45,low,
v01-c03-u02-005,1,3,2,204,204,누나,姐姐（男称）,elder sister,lexeme,명사,名,native,,누ː나,Korean Basic Dictionary,2,exact_ambiguous_tie,dictionary_equivalent,0.45,low,
v01-c03-u02-006,1,3,2,205,205,모두,都，一共,altogether,lexeme,부사,副,native,,,Korean Basic Dictionary,3,exact_ranked_gloss,dictionary_equivalent,0.91,high,
v01-c03-u02-007,1,3,2,206,206,넷/네,四,four,expression,표현,表达,expression,,,,0,unmatched,editorial_override,0.15,low,Migrated from the reviewed Volume 1 edition.
v01-c03-u02-008,1,3,2,207,207,부모님,父母（敬语）,parents,lexeme,명사,名,hybrid,父母님,,Korean Basic Dictionary,1,exact_unique_gloss,dictionary_equivalent,0.97,high,
v01-c03-u02-009,1,3,2,208,208,계시다,在（敬语）,be; stay (honorific),lexeme,동사,动,native,,계ː시다/게ː시다,Korean Basic Dictionary,5,editorial_override,editorial_override,1.0,verified,있다 的敬语动词 계시다。
v01-c03-u02-010,1,3,2,209,209,고향,家乡,home; hometown,lexeme,명사,名,hanja,故鄕,,Korean Basic Dictionary,3,exact_ranked_gloss,dictionary_equivalent,0.91,high,
v01-c03-u02-011,1,3,2,210,210,할아버지,爷爷,grandfather; grandpa,lexeme,명사,名,native,,하라버지,Korean Basic Dictionary,3,exact_ambiguous_tie,dictionary_equivalent,0.45,low,
v01-c03-u02-012,1,3,2,211,211,할머니,奶奶,grandmother; granny,lexeme,명사,名,native,,,Korean Basic Dictionary,2,exact_ambiguous_tie,dictionary_equivalent,0.45,low,
v01-c03-u02-013,1,3,2,212,212,외할아버지,外公,maternal grandfather,lexeme,명사,名,hybrid,外할아버지,외ː하라버지/웨ː하라버지,Korean Basic Dictionary,1,exact_unique_gloss,dictionary_equivalent,0.97,high,
v01-c03-u02-014,1,3,2,213,213,외할머니,外婆,maternal grandmother,lexeme,명사,名,hybrid,外할머니,외ː할머니/웨ː할머니,Korean Basic Dictionary,1,exact_unique_gloss,dictionary_equivalent,0.97,high,
v01-c03-u02-015,1,3,2,214,214,부모,父母,parents,lexeme,명사,名,hanja,父母,,Korean Basic Dictionary,2,exact_unique_gloss,dictionary_equivalent,0.97,high,
v01-c03-u02-016,1,3,2,215,215,형,哥哥（男称）,older brother,lexeme,명사,名,hanja,兄,,Korean Basic Dictionary,5,exact_ambiguous_tie,dictionary_equivalent,0.45,low,
v01-c03-u02-017,1,3,2,216,216,오빠,哥哥（女称）,elder brother,lexeme,명사,名,native,,,Korean Basic Dictionary,2,exact_ambiguous_tie,dictionary_equivalent,0.45,low,
v01-c03-u02-018,1,3,2,217,217,언니,姐姐（女称）,older sister,lexeme,명사,名,native,,,Korean Basic Dictionary,2,exact_ambiguous_tie,dictionary_equivalent,0.45,low,
v01-c03-u02-019,1,3,2,218,218,나,我,I,lexeme,대명사,代,native,,,Korean Basic Dictionary,15,exact_ranked_gloss,dictionary_equivalent,0.91,high,
v01-c03-u02-020,1,3,2,219,219,남,男,male; man,lexeme,명사,名,hanja,男,,Korean Basic Dictionary,12,exact_ranked_gloss,dictionary_equivalent,0.91,high,
v01-c03-u02-021,1,3,2,220,220,여,女,woman; female,lexeme,명사,名,hanja,女,,Korean Basic Dictionary,4,exact_ranked_gloss,dictionary_equivalent,0.91,high,
v01-c03-u02-022,1,3,2,221,221,동생,弟弟或妹妹,brother; sister,lexeme,명사,名,native,,,Korean Basic Dictionary,2,exact_ambiguous_tie,dictionary_equivalent,0.45,low,
v01-c03-u02-023,1,3,2,222,222,남동생,弟弟,younger brother,lexeme,명사,名,hybrid,男동생,,Korean Basic Dictionary,1,exact_unique_gloss,dictionary_equivalent,0.97,high,
v01-c03-u02-024,1,3,2,223,223,여동생,妹妹,younger sister,lexeme,명사,名,hybrid,女동생,,Korean Basic Dictionary,1,exact_unique_gloss,dictionary_equivalent,0.97,high,
v01-c03-u02-025,1,3,2,224,224,형제,兄弟,brothers,lexeme,명사,名,hanja,兄弟,,Korean Basic Dictionary,3,exact_ambiguous_tie,dictionary_equivalent,0.45,low,
v01-c03-u02-026,1,3,2,225,225,께서,主格助词“이/가”的敬语,honorific subject particle,grammar,조사,助,native,,,Korean Basic Dictionary,1,editorial_override,editorial_override,1.0,verified,께서 是主格助词 이/가 的敬语形式；原英文 kkeseo 只是罗马字。
v01-c03-u02-027,1,3,2,226,226,주무시다,睡觉（敬语）,sleep,lexeme,동사,动,native,,,Korean Basic Dictionary,1,exact_unique_gloss,dictionary_equivalent,0.97,high,
v01-c03-u02-028,1,3,2,227,227,잡수시다,吃（敬语）,eat; have,lexeme,동사,动,native,,잡쑤시다,Korean Basic Dictionary,1,exact_unique_gloss,dictionary_equivalent,0.97,high,
v01-c03-u02-029,1,3,2,228,228,드시다,吃（敬语）,eat (honorific),expression,표현,表达,expression,,,,0,unmatched,editorial_override,0.15,low,Migrated from the reviewed Volume 1 edition.
v01-c03-u02-030,1,3,2,229,229,말하다,说话，讲话,say; tell; speak; talk,lexeme,동사,动,native,,말ː하다,Korean Basic Dictionary,7,exact_ranked_gloss,dictionary_equivalent,0.91,high,
v01-c03-u02-031,1,3,2,230,230,말씀하시다,说话，讲话（敬语）,speak (honorific),expression,표현,表达,expression,,,,0,unmatched,editorial_override,0.15,low,Migrated from the reviewed Volume 1 edition.
v01-c03-u02-032,1,3,2,231,231,하나,一,one,lexeme,명사,名,native,,,Korean Basic Dictionary,11,exact_ambiguous_tie,dictionary_equivalent,0.45,low,
v01-c03-u02-033,1,3,2,232,232,둘,二,two,lexeme,수사,数,native,,둘ː,Korean Basic Dictionary,3,exact_unique_gloss,dictionary_equivalent,0.97,high,
v01-c03-u02-034,1,3,2,233,233,셋,三,three,lexeme,수사,数,native,,섿ː,Korean Basic Dictionary,2,exact_unique_gloss,dictionary_equivalent,0.97,high,
v01-c03-u02-035,1,3,2,234,234,넷,四,four,lexeme,수사,数,native,,넫ː,Korean Basic Dictionary,1,exact_unique_gloss,dictionary_equivalent,0.97,high,
v01-c03-u02-036,1,3,2,235,235,다섯,五,five,lexeme,수사,数,native,,다섣,Korean Basic Dictionary,3,exact_ambiguous_tie,dictionary_equivalent,0.45,low,
v01-c03-u02-037,1,3,2,236,236,여섯,六,six,lexeme,수사,数,native,,여섣,Korean Basic Dictionary,2,exact_ambiguous_tie,dictionary_equivalent,0.45,low,
v01-c03-u02-038,1,3,2,237,237,일곱,七,seven,lexeme,수사,数,native,,,Korean Basic Dictionary,2,exact_ambiguous_tie,dictionary_equivalent,0.45,low,
v01-c03-u02-039,1,3,2,238,238,여덟,八,eight,lexeme,수사,数,native,,여덜,Korean Basic Dictionary,2,exact_ambiguous_tie,dictionary_equivalent,0.45,low,
v01-c03-u02-040,1,3,2,239,239,아홉,九,nine,lexeme,수사,数,native,,,Korean Basic Dictionary,3,exact_ambiguous_tie,dictionary_equivalent,0.45,low,
v01-c03-u02-041,1,3,2,240,240,열,十,ten,lexeme,수사,数,native,,열ː,Korean Basic Dictionary,28,exact_ambiguous_tie,dictionary_equivalent,0.45,low,
v01-c03-u02-042,1,3,2,241,241,개,个,general counter,lexeme,의존 명사,依存名,hanja,個/箇/介,,Korean Basic Dictionary,21,editorial_override,editorial_override,1.0,verified,개 为一般量词；原英文 gae 只是罗马字。
v01-c03-u02-043,1,3,2,242,242,권,本,volume; book,lexeme,의존 명사,依存名,hanja,卷,,Korean Basic Dictionary,5,exact_ranked_gloss,dictionary_equivalent,0.91,high,
v01-c03-u02-044,1,3,2,243,243,좋아하다,喜欢,like,lexeme,동사,动,native,,조ː아하다,Korean Basic Dictionary,6,exact_ambiguous_tie,dictionary_equivalent,0.45,low,
v01-c03-u02-045,1,3,2,244,244,주부,家庭主妇,homemaker,lexeme,명사,名,hanja,主婦,,Korean Basic Dictionary,1,exact_unique_gloss,dictionary_equivalent,0.97,high,
v01-c03-u02-046,1,3,2,245,245,안,不，没,within; inside,lexeme,명사,名,native,,,Korean Basic Dictionary,10,exact_ambiguous_tie,dictionary_equivalent,0.45,low,
v01-c03-u02-047,1,3,2,246,246,고등학생,高中生,high school student; high schooler,lexeme,명사,名,hanja,高等學生,고등학쌩,Korean Basic Dictionary,1,exact_unique_gloss,dictionary_equivalent,0.97,high,
v01-c03-u02-048,1,3,2,247,247,서울,首尔,Seoul,lexeme,명사,名,native,,,Korean Basic Dictionary,4,exact_ranked_gloss,dictionary_equivalent,0.91,high,
v01-c03-u02-049,1,3,2,248,248,아주,非常,very; so; extremely,lexeme,부사,副,native,,,Korean Basic Dictionary,4,exact_ranked_gloss,dictionary_equivalent,0.91,high,
v01-c03-u02-050,1,3,2,249,249,재미있다,有意思,interesting,lexeme,형용사,形,native,,재미읻따,Korean Basic Dictionary,1,exact_unique_gloss,dictionary_equivalent,0.97,high,
v01-c03-u02-051,1,3,2,250,250,같이,一起,together,lexeme,부사,副,native,,가치,Korean Basic Dictionary,5,exact_ambiguous_tie,dictionary_equivalent,0.45,low,
v01-c03-u02-052,1,3,2,251,251,살다,居住，生活,live,lexeme,동사,动,native,,살ː다,Korean Basic Dictionary,14,exact_ranked_gloss,dictionary_equivalent,0.91,high,
v01-c03-u02-053,1,3,2,252,252,에서,在,at; in,grammar,조사,助,native,,,Korean Basic Dictionary,6,editorial_override,editorial_override,1.0,verified,处所助词 에서。
v01-c03-u03-001,1,3,3,253,253,산,山,mountain,lexeme,명사,名,hanja,山,,Korean Basic Dictionary,5,exact_ranked_gloss,dictionary_equivalent,0.91,high,
v01-c03-u03-002,1,3,3,254,254,공기,空气,air,lexeme,명사,名,hanja,空氣,,Korean Basic Dictionary,5,exact_ranked_gloss,dictionary_equivalent,0.91,high,
v01-c03-u03-003,1,3,3,255,255,조용하다,安静,quiet,lexeme,형용사,形,native,,,Korean Basic Dictionary,6,exact_ranked_gloss,dictionary_equivalent,0.91,high,
v01-c03-u03-004,1,3,3,256,256,깨끗하다,干净,clean,lexeme,형용사,形,native,,깨끄타다,Korean Basic Dictionary,9,exact_ambiguous_tie,dictionary_equivalent,0.45,low,
v01-c03-u03-005,1,3,3,257,257,더럽다,脏,dirty,lexeme,형용사,形,native,,더ː럽따,Korean Basic Dictionary,5,exact_ambiguous_tie,dictionary_equivalent,0.45,low,
v01-c03-u03-006,1,3,3,258,258,시끄럽다,喧哗,loud,lexeme,형용사,形,native,,시끄럽따,Korean Basic Dictionary,2,exact_ranked_gloss,dictionary_equivalent,0.91,high,
v01-c03-u03-007,1,3,3,259,259,넓다,宽,broad,lexeme,형용사,形,native,,널따,Korean Basic Dictionary,4,exact_ambiguous_tie,dictionary_equivalent,0.45,low,
v01-c03-u03-008,1,3,3,260,260,좁다,窄,small,lexeme,형용사,形,native,,좁따,Korean Basic Dictionary,4,exact_ambiguous_tie,dictionary_equivalent,0.45,low,
v01-c03-u03-009,1,3,3,261,261,춥다,冷,cold,lexeme,형용사,形,native,,춥따,Korean Basic Dictionary,2,exact_ambiguous_tie,dictionary_equivalent,0.45,low,
v01-c03-u03-010,1,3,3,262,262,덥다,热,hot,lexeme,형용사,形,native,,덥ː따,Korean Basic Dictionary,3,exact_ambiguous_tie,dictionary_equivalent,0.45,low,
v01-c03-u03-011,1,3,3,263,263,시원하다,凉快,cool,lexeme,형용사,形,native,,,Korean Basic Dictionary,8,exact_ranked_gloss,dictionary_equivalent,0.91,high,
v01-c03-u03-012,1,3,3,264,264,따뜻하다,温暖，暖和,warm,lexeme,형용사,形,native,,따뜨타다,Korean Basic Dictionary,2,exact_ambiguous_tie,dictionary_equivalent,0.45,low,
v01-c03-u03-013,1,3,3,265,265,예쁘다,漂亮,pretty; beautiful; comely,lexeme,형용사,形,native,,예ː쁘다,Korean Basic Dictionary,3,exact_ranked_gloss,dictionary_equivalent,0.91,high,
v01-c03-u03-014,1,3,3,266,266,복잡하다,复杂，乱,complex; complicated,lexeme,형용사,形,hybrid,複雜하다,복짜파다,Korean Basic Dictionary,2,exact_ranked_gloss,dictionary_equivalent,0.91,high,
v01-c03-u03-015,1,3,3,267,267,들,们（复数形式）,plural suffix,grammar,접사,词缀,native,,,Korean Basic Dictionary,4,editorial_override,editorial_override,1.0,verified,复数后缀 들；避免误配为“田野”。
v01-c03-u03-016,1,3,3,268,268,바다,海,sea,lexeme,명사,名,native,,,Korean Basic Dictionary,3,exact_ambiguous_tie,dictionary_equivalent,0.45,low,
v01-c03-u03-017,1,3,3,269,269,그래서,所以,so; therefore,lexeme,부사,副,native,,,Korean Basic Dictionary,3,exact_ranked_gloss,dictionary_equivalent,0.91,high,
v01-c03-u03-018,1,3,3,270,270,생선,鱼,raw fish,lexeme,명사,名,hanja,生鮮,,Korean Basic Dictionary,1,exact_unique_gloss,dictionary_equivalent,0.97,high,
v01-c03-u03-019,1,3,3,271,271,겨울,冬天,winter,lexeme,명사,名,native,,,Korean Basic Dictionary,1,exact_unique_gloss,dictionary_equivalent,0.97,high,
v01-c03-u03-020,1,3,3,272,272,여름,夏天,summer,lexeme,명사,名,native,,,Korean Basic Dictionary,1,exact_unique_gloss,dictionary_equivalent,0.97,high,
v01-c03-u03-021,1,3,3,273,273,친절하다,亲切,kind; hospitable,lexeme,형용사,形,hybrid,親切하다,,Korean Basic Dictionary,1,exact_unique_gloss,dictionary_equivalent,0.97,high,
v01-c03-u03-022,1,3,3,274,274,사랑하다,爱,love,lexeme,동사,动,native,,,Korean Basic Dictionary,4,exact_ambiguous_tie,dictionary_equivalent,0.45,low,
v01-c03-u03-023,1,3,3,275,275,어떻다,怎么样,how; what ... like,lexeme,형용사,形,native,,어떠타,Korean Basic Dictionary,1,editorial_override,editorial_override,1.0,verified,어떻다 对应“怎么样/如何”；原英文 such 不成立。
v01-c03-u04-001,1,3,4,276,276,대학교,大学,university; college,lexeme,명사,名,hanja,大學校,대ː학꾜,Korean Basic Dictionary,1,exact_unique_gloss,dictionary_equivalent,0.97,high,
v01-c03-u04-002,1,3,4,277,277,경제학,经济学,economics,lexeme,명사,名,hanja,經濟學,,Korean Basic Dictionary,1,exact_unique_gloss,dictionary_equivalent,0.97,high,
v01-c03-u04-003,1,3,4,278,278,전공,专业,major; specialty,lexeme,명사,名,hanja,專攻,,Korean Basic Dictionary,3,exact_ambiguous_tie,dictionary_equivalent,0.45,low,
v01-c03-u04-004,1,3,4,279,279,역사학,历史学,history; historical studies,lexeme,명사,名,hanja,歷史學,역싸학,Korean Basic Dictionary,1,exact_unique_gloss,dictionary_equivalent,0.97,high,
v01-c03-u04-005,1,3,4,280,280,컴퓨터공학,计算机工程,computer engineering,expression,표현,表达,expression,,,,0,unmatched,editorial_override,0.15,low,Migrated from the reviewed Volume 1 edition.
v01-c03-u04-006,1,3,4,281,281,정치학,政治学,political science,lexeme,명사,名,hanja,政治學,,Korean Basic Dictionary,1,exact_unique_gloss,dictionary_equivalent,0.97,high,
v01-c03-u04-007,1,3,4,282,282,법학,法学,law; jurisprudence,lexeme,명사,名,hanja,法學,버팍,Korean Basic Dictionary,1,exact_unique_gloss,dictionary_equivalent,0.97,high,
v01-c03-u04-008,1,3,4,283,283,경영학,经营学,business administration,lexeme,명사,名,hanja,經營學,,Korean Basic Dictionary,1,exact_unique_gloss,dictionary_equivalent,0.97,high,
v01-c03-u04-009,1,3,4,284,284,의학,医学,medicine,lexeme,명사,名,hanja,醫學,,Korean Basic Dictionary,1,exact_unique_gloss,dictionary_equivalent,0.97,high,
v01-c03-u04-010,1,3,4,285,285,영문학,英国文学,English literature,lexeme,명사,名,hanja,英文學,,Korean Basic Dictionary,2,exact_ranked_gloss,dictionary_equivalent,0.91,high,
v01-c03-u04-011,1,3,4,286,286,생물학,生物学,biology,lexeme,명사,名,hanja,生物學,,Korean Basic Dictionary,1,exact_unique_gloss,dictionary_equivalent,0.97,high,
v01-c03-u04-012,1,3,4,287,287,프로그래머,程序设计员,programmer,lexeme,명사,名,loanword,programmer,,Korean Basic Dictionary,2,exact_ranked_gloss,dictionary_equivalent,0.91,high,
v01-c04-u01-001,1,4,1,288,288,하고,跟，和,and; with,grammar,조사,助,native,,,Korean Basic Dictionary,4,editorial_override,editorial_override,1.0,verified,并列/伴随助词 하고；原英文 hago 只是罗马字。
v01-c04-u01-002,1,4,1,289,289,혼자,一个人，独自,being alone; being by oneself,lexeme,명사,名,native,,,Korean Basic Dictionary,3,exact_ranked_gloss,dictionary_equivalent,0.91,high,
v01-c04-u01-003,1,4,1,290,290,같이,一起,together,lexeme,부사,副,native,,가치,Korean Basic Dictionary,5,exact_ambiguous_tie,dictionary_equivalent,0.45,low,
v01-c04-u01-004,1,4,1,291,291,그럽시다,那样做吧,let's do that,expression,표현,表达,expression,그러다 + 共动终结,,,0,unmatched,editorial_override,0.15,low,Migrated from the reviewed Volume 1 edition.
v01-c04-u01-005,1,4,1,292,292,나가다,出去,go out; leave,lexeme,동사,动,native,,,Korean Basic Dictionary,25,exact_ambiguous_tie,dictionary_equivalent,0.45,low,
v01-c04-u01-006,1,4,1,293,293,들어오다,进来,come in; get in; enter,lexeme,동사,动,native,,드러오다,Korean Basic Dictionary,10,exact_ranked_gloss,dictionary_equivalent,0.91,high,
v01-c04-u01-007,1,4,1,294,294,올라가다,上去,go up; rise; ascend,lexeme,동사,动,native,,,Korean Basic Dictionary,16,exact_ambiguous_tie,dictionary_equivalent,0.45,low,
v01-c04-u01-008,1,4,1,295,295,내려오다,下来,step down,lexeme,동사,动,native,,,Korean Basic Dictionary,9,exact_ambiguous_tie,dictionary_equivalent,0.45,low,
v01-c04-u01-009,1,4,1,296,296,한식집,韩餐馆,Korean restaurant,lexeme,명사,名,hybrid,韓食집,한ː식찝,Korean Basic Dictionary,1,exact_unique_gloss,dictionary_equivalent,0.97,high,
v01-c04-u01-010,1,4,1,297,297,중국집,中餐厅,Chinese restaurant,lexeme,명사,名,hybrid,中國집,중국찝,Korean Basic Dictionary,1,exact_unique_gloss,dictionary_equivalent,0.97,high,
v01-c04-u01-011,1,4,1,298,298,일식집,日本料理店，日本餐厅,Japanese restaurant,lexeme,명사,名,hybrid,日食집,일씩찝,Korean Basic Dictionary,1,exact_unique_gloss,dictionary_equivalent,0.97,high,
v01-c04-u01-012,1,4,1,299,299,양식집,西餐厅,Western restaurant,expression,표현,表达,expression,,,,0,unmatched,editorial_override,0.15,low,Migrated from the reviewed Volume 1 edition.
v01-c04-u01-013,1,4,1,300,300,비빔밥,拌饭,bibimbap; Korean mixed rice dish,lexeme,명사,名,native,,비빔빱,Korean Basic Dictionary,1,editorial_override,editorial_override,1.0,verified,保留常用文化词拼写并补充可独立理解的英文说明。
v01-c04-u01-014,1,4,1,301,301,불고기,烤肉,bulgogi; Korean marinated grilled meat,lexeme,명사,名,native,,,Korean Basic Dictionary,1,editorial_override,editorial_override,1.0,verified,保留常用文化词拼写并补充可独立理解的英文说明。
v01-c04-u01-015,1,4,1,302,302,내일,明天,days to come; future,lexeme,명사,名,hanja,來日,,Korean Basic Dictionary,3,exact_ambiguous_tie,dictionary_equivalent,0.45,low,
v01-c04-u01-016,1,4,1,303,303,정문,正门,main gate,lexeme,명사,名,hanja,正門,정ː문,Korean Basic Dictionary,2,exact_ranked_gloss,dictionary_equivalent,0.91,high,
v01-c04-u01-017,1,4,1,304,304,학생식당,学生食堂,student cafeteria,expression,표현,表达,expression,,,,0,unmatched,editorial_override,0.15,low,Migrated from the reviewed Volume 1 edition.
v01-c04-u01-018,1,4,1,305,305,가깝다,近,near; close; adjacent,lexeme,형용사,形,native,,가깝따,Korean Basic Dictionary,6,exact_ambiguous_tie,dictionary_equivalent,0.45,low,
v01-c04-u01-019,1,4,1,306,306,그래요?,是吗？,really?; is that so?,expression,형용사,形,expression,그렇다 的口语缩约,그러타,Korean Basic Dictionary,6,exact_ambiguous_tie,editorial_override,0.45,low,Migrated from the reviewed Volume 1 edition.
v01-c04-u01-020,1,4,1,307,307,음식,食物,food,lexeme,명사,名,hanja,飮食,음ː식,Korean Basic Dictionary,4,exact_ranked_gloss,dictionary_equivalent,0.91,high,
v01-c04-u01-021,1,4,1,308,308,오늘,今天,today,lexeme,명사,名,native,,,Korean Basic Dictionary,3,exact_ambiguous_tie,dictionary_equivalent,0.45,low,
v01-c04-u01-022,1,4,1,309,309,값,价格,price,lexeme,명사,名,native,,갑,Korean Basic Dictionary,13,exact_ambiguous_tie,dictionary_equivalent,0.45,low,
v01-c04-u01-023,1,4,1,310,310,싸다,便宜,cheap,lexeme,형용사,形,native,,,Korean Basic Dictionary,8,exact_ranked_gloss,dictionary_equivalent,0.91,high,
v01-c04-u02-001,1,4,2,311,311,무슨,什么,what,lexeme,관형사,冠,native,,,Korean Basic Dictionary,7,exact_ambiguous_tie,dictionary_equivalent,0.45,low,
v01-c04-u02-002,1,4,2,312,312,맛,味道,taste,lexeme,명사,名,native,,맏,Korean Basic Dictionary,9,exact_ranked_gloss,dictionary_equivalent,0.91,high,
v01-c04-u02-003,1,4,2,313,313,맛있다,好吃,tasty; delicious,lexeme,형용사,形,native,,마딛따/마싣따,Korean Basic Dictionary,1,exact_unique_gloss,dictionary_equivalent,0.97,high,
v01-c04-u02-004,1,4,2,314,314,맵다,辣,spicy; hot,lexeme,형용사,形,native,,맵따,Korean Basic Dictionary,4,exact_ambiguous_tie,dictionary_equivalent,0.45,low,
v01-c04-u02-005,1,4,2,315,315,외국인,外国人,foreigner,lexeme,명사,名,hanja,外國人,외ː구긴/웨ː구긴,Korean Basic Dictionary,1,exact_unique_gloss,dictionary_equivalent,0.97,high,
v01-c04-u02-006,1,4,2,316,316,잘,好,well,lexeme,부사,副,native,,,Korean Basic Dictionary,19,exact_ambiguous_tie,dictionary_equivalent,0.45,low,
v01-c04-u02-007,1,4,2,317,317,한식,韩餐,Korean cuisine; Korean food,lexeme,명사,名,hanja,韓食,한ː식,Korean Basic Dictionary,3,editorial_override,editorial_override,1.0,verified,用英文释义替换纯罗马字。
v01-c04-u02-008,1,4,2,318,318,중국 음식,中餐,Chinese food,expression,표현,表达,expression,중국(中國) + 음식(飮食),,Korean Basic Dictionary,0,component_match,editorial_override,0.42,low,Migrated from the reviewed Volume 1 edition.
v01-c04-u02-009,1,4,2,319,319,일식,日餐,Japanese food; Japanese cuisine,lexeme,명사,名,hanja,日食,일씩,Korean Basic Dictionary,2,exact_ranked_gloss,dictionary_equivalent,0.91,high,
v01-c04-u02-010,1,4,2,320,320,양식,西餐,western food; western cuisine,lexeme,명사,名,hanja,洋食,,Korean Basic Dictionary,9,exact_ranked_gloss,dictionary_equivalent,0.91,high,
v01-c04-u02-011,1,4,2,321,321,자장면,炸酱面,jajangmyeon; noodles with black bean sauce,lexeme,명사,名,loanword,←zhajiangmian[炸醬麵],,Korean Basic Dictionary,1,editorial_override,editorial_override,1.0,verified,保留菜名罗马字并补充可独立理解的英文说明。
v01-c04-u02-012,1,4,2,322,322,초밥,寿司,sushi; roll,lexeme,명사,名,hybrid,醋밥,,Korean Basic Dictionary,1,exact_unique_gloss,dictionary_equivalent,0.97,high,
v01-c04-u02-013,1,4,2,323,323,스테이크,牛排,steak,lexeme,명사,名,loanword,steak,,Korean Basic Dictionary,1,exact_unique_gloss,dictionary_equivalent,0.97,high,
v01-c04-u02-014,1,4,2,324,324,맛없다,不好吃,ill-tasting; unsavory,lexeme,형용사,形,native,,마덥따,Korean Basic Dictionary,1,exact_unique_gloss,dictionary_equivalent,0.97,high,
v01-c04-u02-015,1,4,2,325,325,달다,甜,sweet,lexeme,형용사,形,native,,,Korean Basic Dictionary,21,exact_ambiguous_tie,dictionary_equivalent,0.45,low,
v01-c04-u02-016,1,4,2,326,326,쓰다,苦,bitter,lexeme,형용사,形,native,,,Korean Basic Dictionary,25,exact_ambiguous_tie,dictionary_equivalent,0.45,low,
v01-c04-u02-017,1,4,2,327,327,시다,酸,sour,lexeme,형용사,形,native,,,Korean Basic Dictionary,3,exact_ambiguous_tie,dictionary_equivalent,0.45,low,
v01-c04-u02-018,1,4,2,328,328,짜다,咸,salty,lexeme,형용사,形,native,,,Korean Basic Dictionary,10,exact_ranked_gloss,dictionary_equivalent,0.91,high,
v01-c04-u02-019,1,4,2,329,329,싱겁다,淡,not salty; flat,lexeme,형용사,形,native,,싱겁따,Korean Basic Dictionary,3,exact_ranked_gloss,dictionary_equivalent,0.91,high,
v01-c04-u02-020,1,4,2,330,330,크리스마스,圣诞节,Christmas Day,lexeme,명사,名,loanword,Christmas,,Korean Basic Dictionary,1,exact_unique_gloss,dictionary_equivalent,0.97,high,
v01-c04-u02-021,1,4,2,331,331,살다,住，生活,live,lexeme,동사,动,native,,살ː다,Korean Basic Dictionary,14,exact_ranked_gloss,dictionary_equivalent,0.91,high,
v01-c04-u02-022,1,4,2,332,332,알다,知道,know; understand,lexeme,동사,动,native,,알ː다,Korean Basic Dictionary,19,exact_ranked_gloss,dictionary_equivalent,0.91,high,
v01-c04-u02-023,1,4,2,333,333,열다,开,open; unlock,lexeme,동사,动,native,,열ː다,Korean Basic Dictionary,7,exact_ambiguous_tie,dictionary_equivalent,0.45,low,
v01-c04-u02-024,1,4,2,334,334,놀다,玩,play; have fun,lexeme,동사,动,native,,놀ː다,Korean Basic Dictionary,20,exact_ambiguous_tie,dictionary_equivalent,0.45,low,
v01-c04-u02-025,1,4,2,335,335,만들다,做,make; create; produce; manufacture,lexeme,동사,动,native,,,Korean Basic Dictionary,14,exact_ranked_gloss,dictionary_equivalent,0.91,high,
v01-c04-u02-026,1,4,2,336,336,아이스크림,冰淇淋,ice cream,lexeme,명사,名,loanword,ice cream,,Korean Basic Dictionary,1,exact_unique_gloss,dictionary_equivalent,0.97,high,
v01-c04-u02-027,1,4,2,337,337,좀,一点,a little,lexeme,부사,副,native,,,Korean Basic Dictionary,5,exact_ranked_gloss,dictionary_equivalent,0.91,high,
v01-c04-u02-028,1,4,2,338,338,간장,酱油,soy sauce,lexeme,명사,名,hybrid,간醬,,Korean Basic Dictionary,12,exact_ranked_gloss,dictionary_equivalent,0.91,high,
v01-c04-u02-029,1,4,2,339,339,고추,辣椒,red pepper; hot pepper,lexeme,명사,名,native,,,Korean Basic Dictionary,2,exact_ranked_gloss,dictionary_equivalent,0.91,high,
v01-c04-u02-030,1,4,2,340,340,식혜,酒酿,sikhye; sweet rice punch,lexeme,명사,名,hanja,食醯,시켸/시케,Korean Basic Dictionary,1,exact_unique_gloss,dictionary_equivalent,0.97,high,
v01-c04-u02-031,1,4,2,341,341,카레,咖喱,curry,lexeme,명사,名,loanword,←curry,,Korean Basic Dictionary,2,exact_ambiguous_tie,dictionary_equivalent,0.45,low,
v01-c04-u03-001,1,4,3,342,342,갈비,排骨,galbi; Korean-style ribs,lexeme,명사,名,native,,,Korean Basic Dictionary,3,editorial_override,editorial_override,1.0,verified,保留菜名罗马字并补充可独立理解的英文说明。
v01-c04-u03-002,1,4,3,343,343,삼겹살,五花肉,samgyeopsal; grilled pork belly,lexeme,명사,名,hybrid,三겹살,삼겹쌀,Korean Basic Dictionary,1,exact_unique_gloss,dictionary_equivalent,0.97,high,
v01-c04-u03-003,1,4,3,344,344,김치찌개,泡菜汤,kimchi jjigae,lexeme,명사,名,native,,,Korean Basic Dictionary,1,exact_unique_gloss,dictionary_equivalent,0.97,high,
v01-c04-u03-004,1,4,3,345,345,된장찌개,大酱汤,doenjangjjigae; soybean paste jjigae,lexeme,명사,名,hybrid,된醬찌개,된ː장찌개/뒌ː장찌개,Korean Basic Dictionary,1,exact_unique_gloss,dictionary_equivalent,0.97,high,
v01-c04-u03-005,1,4,3,346,346,순두부찌개,嫩豆腐汤,sundubujjigae; soft bean curd jjigae,lexeme,명사,名,hybrid,순豆腐찌개,,Korean Basic Dictionary,1,exact_unique_gloss,dictionary_equivalent,0.97,high,
v01-c04-u03-006,1,4,3,347,347,닭갈비,春川辣炒鸡,spicy stir-fried chicken,expression,표현,表达,expression,,,,0,unmatched,editorial_override,0.15,low,Migrated from the reviewed Volume 1 edition.
v01-c04-u03-007,1,4,3,348,348,삼계탕,参鸡汤,samgyetang; ginseng chicken soup,lexeme,명사,名,hanja,蔘鷄湯,삼계탕/삼게탕,Korean Basic Dictionary,1,exact_unique_gloss,dictionary_equivalent,0.97,high,
v01-c04-u03-008,1,4,3,349,349,갈비탕,排骨汤,galbitang; Korean short-rib soup,lexeme,명사,名,hybrid,갈비湯,,Korean Basic Dictionary,1,editorial_override,editorial_override,1.0,verified,保留菜名罗马字并补充可独立理解的英文说明。
v01-c04-u03-009,1,4,3,350,350,냉면,冷面,naengmyeon; cold buckwheat noodles,lexeme,명사,名,hanja,冷麵,냉ː면,Korean Basic Dictionary,1,exact_unique_gloss,dictionary_equivalent,0.97,high,
v01-c04-u03-010,1,4,3,351,351,칼국수,刀削面,kalguksu; noodle soup,lexeme,명사,名,native,,칼국쑤,Korean Basic Dictionary,1,exact_unique_gloss,dictionary_equivalent,0.97,high,
v01-c04-u03-011,1,4,3,352,352,라면,泡面，拉面,ramen; instant noodles,lexeme,명사,名,loanword,←râmen,,Korean Basic Dictionary,1,exact_unique_gloss,dictionary_equivalent,0.97,high,
v01-c04-u03-012,1,4,3,353,353,김밥,紫菜包饭,gimbap; Korean seaweed rice rolls,lexeme,명사,名,native,,김ː밥/김ː빱,Korean Basic Dictionary,1,editorial_override,editorial_override,1.0,verified,保留菜名罗马字并补充可独立理解的英文说明。
v01-c04-u03-013,1,4,3,354,354,떡볶이,炒年糕,tteokbokki,lexeme,명사,名,native,,떡뽀끼,Korean Basic Dictionary,1,exact_unique_gloss,dictionary_equivalent,0.97,high,
v01-c04-u03-014,1,4,3,355,355,설악산,雪岳山,Seoraksan Mountain,lexeme,명사,名,hanja,雪嶽山,설악싼,Korean Basic Dictionary,1,exact_unique_gloss,dictionary_equivalent,0.97,high,
v01-c04-u03-015,1,4,3,356,356,인분,份,serving; portion (counter),lexeme,의존 명사,依存名,hanja,人分,,Korean Basic Dictionary,2,editorial_override,editorial_override,1.0,verified,인분 是餐食份数单位；原英文 inbun 只是罗马字。
v01-c04-u03-016,1,4,3,357,357,중에서,当中,among; out of,expression,표현,表达,expression,,,,0,unmatched,editorial_override,0.15,low,Migrated from the reviewed Volume 1 edition.
v01-c04-u03-017,1,4,3,358,358,보통,一般,being ordinary; being average,lexeme,명사,名,hanja,普通,보ː통,Korean Basic Dictionary,4,exact_ambiguous_tie,dictionary_equivalent,0.45,low,
v01-c04-u03-018,1,4,3,359,359,상추,生菜,lettuce,lexeme,명사,名,native,,,Korean Basic Dictionary,1,exact_unique_gloss,dictionary_equivalent,0.97,high,
v01-c04-u03-019,1,4,3,360,360,외국,外国,foreign country,lexeme,명사,名,hanja,外國,외ː국/웨ː국,Korean Basic Dictionary,2,exact_unique_gloss,dictionary_equivalent,0.97,high,
v01-c04-u04-001,1,4,4,361,361,종업원,服务员,employee; staff,lexeme,명사,名,hanja,從業員,종어붠,Korean Basic Dictionary,1,exact_unique_gloss,dictionary_equivalent,0.97,high,
v01-c04-u04-002,1,4,4,362,362,요,（非格式体终结词尾）,polite sentence-ending marker,grammar,어미,词尾,grammar,礼貌终结词尾,,Korean Basic Dictionary,7,editorial_override,editorial_override,1.0,verified,本条中文明确指礼貌终结词尾；原英文 yo 只是罗马字，原 조사 词性不合语境。
v01-c04-u04-003,1,4,4,363,363,뭘,什么,no problem; piece of cake,lexeme,감탄사,叹,native,,,Korean Basic Dictionary,1,exact_unique_gloss,dictionary_equivalent,0.97,high,
v01-c04-u04-004,1,4,4,364,364,드리다,给（“주다”的敬语）,pray; worship,lexeme,동사,动,native,,,Korean Basic Dictionary,4,exact_ambiguous_tie,dictionary_equivalent,0.45,low,
v01-c04-u04-005,1,4,4,365,365,주다,给,give,lexeme,동사,动,native,,,Korean Basic Dictionary,14,exact_ambiguous_tie,dictionary_equivalent,0.45,low,
v01-c04-u04-006,1,4,4,366,366,물,水,water,lexeme,명사,名,native,,,Korean Basic Dictionary,28,exact_ambiguous_tie,dictionary_equivalent,0.45,low,
v01-c04-u04-007,1,4,4,367,367,일,一,one,lexeme,수사,数,hanja,一,,Korean Basic Dictionary,18,editorial_override,editorial_override,1.0,verified,汉字数词 일（一）。
v01-c04-u04-008,1,4,4,368,368,이,二,two,lexeme,수사,数,hanja,二/貳,이ː,Korean Basic Dictionary,29,exact_ambiguous_tie,dictionary_equivalent,0.45,low,
v01-c04-u04-009,1,4,4,369,369,삼,三,three,lexeme,수사,数,hanja,三,,Korean Basic Dictionary,4,exact_ambiguous_tie,dictionary_equivalent,0.45,low,
v01-c04-u04-010,1,4,4,370,370,사,四,four,lexeme,수사,数,hanja,四,사ː,Korean Basic Dictionary,5,exact_ambiguous_tie,dictionary_equivalent,0.45,low,
v01-c04-u04-011,1,4,4,371,371,오,五,five,lexeme,수사,数,hanja,五,오ː,Korean Basic Dictionary,5,exact_ambiguous_tie,dictionary_equivalent,0.45,low,
v01-c04-u04-012,1,4,4,372,372,육,六,six,lexeme,수사,数,hanja,六,,Korean Basic Dictionary,3,exact_ambiguous_tie,dictionary_equivalent,0.45,low,
v01-c04-u04-013,1,4,4,373,373,칠,七,seven,lexeme,수사,数,hanja,七,,Korean Basic Dictionary,5,exact_ambiguous_tie,dictionary_equivalent,0.45,low,
v01-c04-u04-014,1,4,4,374,374,팔,八,eight,lexeme,수사,数,hanja,八,,Korean Basic Dictionary,8,exact_ambiguous_tie,dictionary_equivalent,0.45,low,
v01-c04-u04-015,1,4,4,375,375,구,九,nine,lexeme,수사,数,hanja,九,,Korean Basic Dictionary,10,exact_ambiguous_tie,dictionary_equivalent,0.45,low,
v01-c04-u04-016,1,4,4,376,376,십,十,ten,lexeme,수사,数,hanja,十,,Korean Basic Dictionary,6,exact_ambiguous_tie,dictionary_equivalent,0.45,low,
v01-c04-u04-017,1,4,4,377,377,잔,杯,cup,lexeme,명사,名,hanja,盞,,Korean Basic Dictionary,8,exact_ambiguous_tie,dictionary_equivalent,0.45,low,
v01-c04-u04-018,1,4,4,378,378,병,瓶,bottle,lexeme,명사,名,hanja,甁,,Korean Basic Dictionary,8,exact_ambiguous_tie,dictionary_equivalent,0.45,low,
v01-c04-u04-019,1,4,4,379,379,그릇,碗,bowl; dish; container,lexeme,명사,名,native,,그륻,Korean Basic Dictionary,3,exact_ambiguous_tie,dictionary_equivalent,0.45,low,
v01-c04-u04-020,1,4,4,380,380,사탕,糖,candy,lexeme,명사,名,hanja,沙糖/砂糖,,Korean Basic Dictionary,1,exact_unique_gloss,dictionary_equivalent,0.97,high,
v01-c04-u04-021,1,4,4,381,381,초콜릿,巧克力,chocolate,lexeme,명사,名,loanword,chocolate,,Korean Basic Dictionary,1,exact_unique_gloss,dictionary_equivalent,0.97,high,
v01-c04-u04-022,1,4,4,382,382,커피,咖啡,coffee fruit; coffee powder,lexeme,명사,名,loanword,coffee,,Korean Basic Dictionary,2,exact_ambiguous_tie,dictionary_equivalent,0.45,low,
v01-c04-u04-023,1,4,4,383,383,소주,烧酒，白酒,soju; Korean distilled alcoholic drink,lexeme,명사,名,hanja,燒酒,,Korean Basic Dictionary,2,editorial_override,editorial_override,1.0,verified,保留常用文化词拼写并补充可独立理解的英文说明。
v01-c04-u04-024,1,4,4,384,384,사과,苹果,apple,lexeme,명사,名,hanja,沙果/砂果,,Korean Basic Dictionary,2,exact_ranked_gloss,dictionary_equivalent,0.91,high,
v01-c04-u04-025,1,4,4,385,385,배,肚子,abdomen; belly,lexeme,명사,名,native,,,Korean Basic Dictionary,23,exact_ambiguous_tie,dictionary_equivalent,0.45,low,
v01-c04-u04-026,1,4,4,386,386,고프다,饿,hungry,lexeme,형용사,形,native,,,Korean Basic Dictionary,1,exact_unique_gloss,dictionary_equivalent,0.97,high,
v01-c04-u04-027,1,4,4,387,387,다리,腿,leg,lexeme,명사,名,native,,,Korean Basic Dictionary,8,exact_ambiguous_tie,dictionary_equivalent,0.45,low,
v01-c04-u04-028,1,4,4,388,388,아프다,疼,hurting; aching,lexeme,형용사,形,native,,,Korean Basic Dictionary,5,exact_ambiguous_tie,dictionary_equivalent,0.45,low,
v01-c04-u04-029,1,4,4,389,389,단어,单词,word,lexeme,명사,名,hanja,單語,다너,Korean Basic Dictionary,1,exact_unique_gloss,dictionary_equivalent,0.97,high,
v01-c04-u04-030,1,4,4,390,390,모르다,不知道,not know,lexeme,동사,动,native,,모ː르다,Korean Basic Dictionary,12,exact_ambiguous_tie,dictionary_equivalent,0.45,low,
v01-c04-u04-031,1,4,4,391,391,오렌지,橙子,orange,lexeme,명사,名,loanword,orange,,Korean Basic Dictionary,1,exact_unique_gloss,dictionary_equivalent,0.97,high,
v01-c04-u04-032,1,4,4,392,392,케이크,蛋糕,cake,lexeme,명사,名,loanword,cake,,Korean Basic Dictionary,1,exact_unique_gloss,dictionary_equivalent,0.97,high,
v01-c04-u04-033,1,4,4,393,393,생일,生日,birthday,lexeme,명사,名,hanja,生日,,Korean Basic Dictionary,1,exact_unique_gloss,dictionary_equivalent,0.97,high,
v01-c04-u04-034,1,4,4,394,394,영어,英语,English,lexeme,명사,名,hanja,英語,,Korean Basic Dictionary,1,exact_unique_gloss,dictionary_equivalent,0.97,high,
v01-c04-u04-035,1,4,4,395,395,일어,日语,Japanese,lexeme,명사,名,hanja,日語,이러,Korean Basic Dictionary,1,exact_unique_gloss,dictionary_equivalent,0.97,high,
v01-c04-u04-036,1,4,4,396,396,콤비네이션,结合，联合,combination,expression,표현,表达,expression,,,,0,unmatched,editorial_override,0.15,low,Migrated from the reviewed Volume 1 edition.
v01-c04-u04-037,1,4,4,397,397,피자,比萨,pizza,lexeme,명사,名,loanword,pizza,,Korean Basic Dictionary,1,exact_unique_gloss,dictionary_equivalent,0.97,high,
v01-c04-u04-038,1,4,4,398,398,스파게티,意大利面,spaghetti,lexeme,명사,名,loanword,spaghetti,,Korean Basic Dictionary,1,exact_unique_gloss,dictionary_equivalent,0.97,high,
v01-c04-u04-039,1,4,4,399,399,라자냐,千层面,lasagna,expression,표현,表达,expression,,,,0,unmatched,editorial_override,0.15,low,Migrated from the reviewed Volume 1 edition.
v01-c04-u04-040,1,4,4,400,400,짬뽕,中式面条,jjamppong; spicy Korean-Chinese noodle soup,lexeme,명사,名,loanword,←champon,,Korean Basic Dictionary,2,editorial_override,editorial_override,1.0,verified,保留菜名罗马字并补充可独立理解的英文说明。
v01-c04-u04-041,1,4,4,401,401,볶음밥,炒饭,fried rice,lexeme,명사,名,native,,보끔밥,Korean Basic Dictionary,1,exact_unique_gloss,dictionary_equivalent,0.97,high,
v01-c04-u04-042,1,4,4,402,402,탕수육,糖醋肉,sweet and sour pork,lexeme,명사,名,hanja,糖水肉,,Korean Basic Dictionary,1,exact_unique_gloss,dictionary_equivalent,0.97,high,
v01-c04-u04-043,1,4,4,403,403,손님,客人,visitor; caller; guest,lexeme,명사,名,native,,,Korean Basic Dictionary,5,exact_ambiguous_tie,dictionary_equivalent,0.45,low,
v01-c04-u04-044,1,4,4,404,404,알겠습니다,好的，知道了,I understand; okay,expression,동사,动,expression,알다 + 겠습니다,알ː다,Korean Basic Dictionary,19,exact_ambiguous_tie,editorial_override,0.45,low,Migrated from the reviewed Volume 1 edition.
v01-c04-u04-045,1,4,4,405,405,물냉면,冷面,cold noodle soup,expression,표현,表达,expression,,,,0,unmatched,editorial_override,0.15,low,Migrated from the reviewed Volume 1 edition.
v01-c04-u04-046,1,4,4,406,406,술집,酒馆,bar,lexeme,명사,名,native,,술찝,Korean Basic Dictionary,1,exact_unique_gloss,dictionary_equivalent,0.97,high,
v01-c04-u04-047,1,4,4,407,407,시키다,点（菜），使,order,lexeme,동사,动,native,,,Korean Basic Dictionary,3,exact_ambiguous_tie,dictionary_equivalent,0.45,low,
v01-c04-u04-048,1,4,4,408,408,마시다,喝,drink,lexeme,동사,动,native,,,Korean Basic Dictionary,2,exact_ranked_gloss,dictionary_equivalent,0.91,high,
v01-c05-u01-001,1,5,1,409,409,지금,现在,now,lexeme,명사,名,hanja,只今,,Korean Basic Dictionary,4,exact_ambiguous_tie,dictionary_equivalent,0.45,low,
v01-c05-u01-002,1,5,1,410,410,시,点,o'clock,lexeme,의존 명사,依存名,hanja,時,,Korean Basic Dictionary,7,exact_ranked_gloss,dictionary_equivalent,0.91,high,
v01-c05-u01-003,1,5,1,411,411,분,分,anger; wrath,lexeme,명사,名,hanja,憤/忿,분ː,Korean Basic Dictionary,6,exact_ambiguous_tie,dictionary_equivalent,0.45,low,
v01-c05-u01-004,1,5,1,412,412,십,十,ten,lexeme,수사,数,hanja,十,,Korean Basic Dictionary,6,exact_ambiguous_tie,dictionary_equivalent,0.45,low,
v01-c05-u01-005,1,5,1,413,413,이십,二十,twenty,lexeme,수사,数,hanja,二十,이ː십,Korean Basic Dictionary,3,exact_ambiguous_tie,dictionary_equivalent,0.45,low,
v01-c05-u01-006,1,5,1,414,414,삼십,三十,thirty,lexeme,수사,数,hanja,三十,,Korean Basic Dictionary,3,exact_ambiguous_tie,dictionary_equivalent,0.45,low,
v01-c05-u01-007,1,5,1,415,415,사십,四十,forty,lexeme,수사,数,hanja,四十,사ː십,Korean Basic Dictionary,3,exact_ambiguous_tie,dictionary_equivalent,0.45,low,
v01-c05-u01-008,1,5,1,416,416,오십,五十,fifty,lexeme,수사,数,hanja,五十,오ː십,Korean Basic Dictionary,3,exact_ambiguous_tie,dictionary_equivalent,0.45,low,
v01-c05-u01-009,1,5,1,417,417,육십,六十,sixty,lexeme,수사,数,hanja,六十,육씹,Korean Basic Dictionary,3,exact_ambiguous_tie,dictionary_equivalent,0.45,low,
v01-c05-u01-010,1,5,1,418,418,칠십,七十,seventy,lexeme,수사,数,hanja,七十,칠씹,Korean Basic Dictionary,3,exact_ambiguous_tie,dictionary_equivalent,0.45,low,
v01-c05-u01-011,1,5,1,419,419,팔십,八十,eighty,lexeme,수사,数,hanja,八十,팔씹,Korean Basic Dictionary,3,exact_ambiguous_tie,dictionary_equivalent,0.45,low,
v01-c05-u01-012,1,5,1,420,420,구십,九十,ninety,lexeme,수사,数,hanja,九十,,Korean Basic Dictionary,3,exact_ambiguous_tie,dictionary_equivalent,0.45,low,
v01-c05-u01-013,1,5,1,421,421,백,百,hundred,lexeme,수사,数,hanja,百,,Korean Basic Dictionary,4,exact_ambiguous_tie,dictionary_equivalent,0.45,low,
v01-c05-u01-014,1,5,1,422,422,천,千,thousand,lexeme,수사,数,hanja,千,,Korean Basic Dictionary,9,exact_ambiguous_tie,dictionary_equivalent,0.45,low,
v01-c05-u01-015,1,5,1,423,423,만,万,ten thousand,lexeme,수사,数,hanja,萬,만ː,Korean Basic Dictionary,17,exact_ambiguous_tie,dictionary_equivalent,0.45,low,
v01-c05-u01-016,1,5,1,424,424,원,元,won; Korean currency unit,lexeme,의존 명사,依存名,native,,,Korean Basic Dictionary,4,editorial_override,editorial_override,1.0,verified,保留通行货币名并补充英文说明。
v01-c05-u01-017,1,5,1,425,425,시간,时间,time,lexeme,명사,名,hanja,時間,,Korean Basic Dictionary,7,exact_ambiguous_tie,dictionary_equivalent,0.45,low,
v01-c05-u01-018,1,5,1,426,426,반,半,half,lexeme,명사,名,hanja,半,반ː,Korean Basic Dictionary,6,exact_ambiguous_tie,dictionary_equivalent,0.45,low,
v01-c05-u01-019,1,5,1,427,427,시계,表,clock,lexeme,명사,名,hanja,時計,시계/시게,Korean Basic Dictionary,2,exact_ranked_gloss,dictionary_equivalent,0.91,high,
v01-c05-u01-020,1,5,1,428,428,오전,上午,morning,lexeme,명사,名,hanja,午前,오ː전,Korean Basic Dictionary,2,exact_ranked_gloss,dictionary_equivalent,0.91,high,
v01-c05-u01-021,1,5,1,429,429,오후,下午,afternoon,lexeme,명사,名,hanja,午後,오ː후,Korean Basic Dictionary,2,exact_ranked_gloss,dictionary_equivalent,0.91,high,
v01-c05-u01-022,1,5,1,430,430,까지,到……,until; up to; to,grammar,조사,助,native,,,Korean Basic Dictionary,3,editorial_override,editorial_override,1.0,verified,范围终点助词 까지；原英文 kkaji 只是罗马字。
v01-c05-u01-023,1,5,1,431,431,쯤,左右,about; around,expression,표현,表达,expression,,,,0,unmatched,editorial_override,0.15,low,Migrated from the reviewed Volume 1 edition.
v01-c05-u01-024,1,5,1,432,432,회의,会议,meeting; conference,lexeme,명사,名,hanja,會議,회ː의/훼ː이,Korean Basic Dictionary,2,exact_ranked_gloss,dictionary_equivalent,0.91,high,
v01-c05-u01-025,1,5,1,433,433,잠깐,一会儿，稍微,while; moment,lexeme,명사,名,native,,,Korean Basic Dictionary,2,exact_ranked_gloss,dictionary_equivalent,0.91,high,
v01-c05-u01-026,1,5,1,434,434,과/와,跟，和,and; with,expression,표현,表达,expression,,,,0,unmatched,editorial_override,0.15,low,Migrated from the reviewed Volume 1 edition.
v01-c05-u01-027,1,5,1,435,435,이야기하다,说话,tell; say; speak,lexeme,동사,动,native,,,Korean Basic Dictionary,4,exact_ambiguous_tie,dictionary_equivalent,0.45,low,
v01-c05-u01-028,1,5,1,436,436,고맙다,谢谢,thankful; grateful,lexeme,형용사,形,native,,고ː맙따,Korean Basic Dictionary,1,exact_unique_gloss,dictionary_equivalent,0.97,high,
v01-c05-u01-029,1,5,1,437,437,싶어하다,想（第三人称）,want (third-person subject),expression,표현,表达,expression,,,,0,unmatched,editorial_override,0.15,low,Migrated from the reviewed Volume 1 edition.
v01-c05-u01-030,1,5,1,438,438,이야기할 거예요,说话（未来时）,will talk,expression,동사,动,expression,이야기하다 + 将来表达,,Korean Basic Dictionary,4,exact_ambiguous_tie,editorial_override,0.45,low,Migrated from the reviewed Volume 1 edition.
v01-c05-u02-001,1,5,2,439,439,월,月,month; being monthly,lexeme,명사,名,hanja,月,,Korean Basic Dictionary,3,exact_ambiguous_tie,dictionary_equivalent,0.45,low,
v01-c05-u02-002,1,5,2,440,440,며칠,几号，几天,date,lexeme,명사,名,native,,,Korean Basic Dictionary,2,exact_ambiguous_tie,dictionary_equivalent,0.45,low,
v01-c05-u02-003,1,5,2,441,441,일,日，天,day,lexeme,명사,名,hanja,日,,Korean Basic Dictionary,18,editorial_override,editorial_override,1.0,verified,汉字词 일（日）。
v01-c05-u02-004,1,5,2,442,442,내일,明天,days to come; future,lexeme,명사,名,hanja,來日,,Korean Basic Dictionary,3,exact_ambiguous_tie,dictionary_equivalent,0.45,low,
v01-c05-u02-005,1,5,2,443,443,뭐,什么（“무엇”的缩写）,what,lexeme,대명사,代,native,,뭐ː,Korean Basic Dictionary,10,exact_ambiguous_tie,dictionary_equivalent,0.45,low,
v01-c05-u02-006,1,5,2,444,444,글쎄요,嗯（表示不确定的语气）,well; hm,lexeme,감탄사,叹,native,,,Korean Basic Dictionary,1,exact_unique_gloss,dictionary_equivalent,0.97,high,
v01-c05-u02-007,1,5,2,445,445,쉬다,休息,rest; repose; take a rest,lexeme,동사,动,native,,쉬ː다,Korean Basic Dictionary,9,exact_ranked_gloss,dictionary_equivalent,0.91,high,
v01-c05-u02-008,1,5,2,446,446,요일,星期,day of the week,lexeme,명사,名,hanja,曜日,,Korean Basic Dictionary,1,exact_unique_gloss,dictionary_equivalent,0.97,high,
v01-c05-u02-009,1,5,2,447,447,월(월요일),星期一,Monday,expression,명사,名,hanja,月曜日,,,0,unmatched,editorial_override,0.15,low,Migrated from the reviewed Volume 1 edition.
v01-c05-u02-010,1,5,2,448,448,화(화요일),星期二,Tuesday,expression,명사,名,hanja,火曜日,,,0,unmatched,editorial_override,0.15,low,Migrated from the reviewed Volume 1 edition.
v01-c05-u02-011,1,5,2,449,449,수(수요일),星期三,Wednesday,expression,명사,名,hanja,水曜日,,,0,unmatched,editorial_override,0.15,low,Migrated from the reviewed Volume 1 edition.
v01-c05-u02-012,1,5,2,450,450,목(목요일),星期四,Thursday,expression,명사,名,hanja,木曜日,,,0,unmatched,editorial_override,0.15,low,Migrated from the reviewed Volume 1 edition.
v01-c05-u02-013,1,5,2,451,451,금(금요일),星期五,Friday,expression,명사,名,hanja,金曜日,,,0,unmatched,editorial_override,0.15,low,Migrated from the reviewed Volume 1 edition.
v01-c05-u02-014,1,5,2,452,452,토(토요일),星期六,Saturday,expression,명사,名,hanja,土曜日,,,0,unmatched,editorial_override,0.15,low,Migrated from the reviewed Volume 1 edition.
v01-c05-u02-015,1,5,2,453,453,일(일요일),星期日,Sunday,expression,명사,名,hanja,日曜日,,,0,unmatched,editorial_override,0.15,low,Migrated from the reviewed Volume 1 edition.
v01-c05-u02-016,1,5,2,454,454,하숙집,寄宿房，家庭旅馆,boarding house; lodging house; rooming house,lexeme,명사,名,hybrid,下宿집,하ː숙찝,Korean Basic Dictionary,1,exact_unique_gloss,dictionary_equivalent,0.97,high,
v01-c05-u02-017,1,5,2,455,455,어서,快,quickly; without hesitation; without delay,lexeme,부사,副,native,,,Korean Basic Dictionary,3,exact_ambiguous_tie,dictionary_equivalent,0.45,low,
v01-c05-u02-018,1,5,2,456,456,이번,这次,this time,lexeme,명사,名,hybrid,이番,,Korean Basic Dictionary,1,exact_unique_gloss,dictionary_equivalent,0.97,high,
v01-c05-u02-019,1,5,2,457,457,여행,旅行,travel; trip,lexeme,명사,名,hanja,旅行,,Korean Basic Dictionary,1,exact_unique_gloss,dictionary_equivalent,0.97,high,
v01-c05-u02-020,1,5,2,458,458,거기,那儿,there,lexeme,대명사,代,native,,,Korean Basic Dictionary,4,exact_ambiguous_tie,dictionary_equivalent,0.45,low,
v01-c05-u02-021,1,5,2,459,459,제주도,济州岛,Jeju-do Province,lexeme,명사,名,hanja,濟州道,제ː주도,Korean Basic Dictionary,2,exact_ambiguous_tie,dictionary_equivalent,0.45,low,
v01-c05-u02-022,1,5,2,460,460,방학,（学校的）假期,vacation,lexeme,명사,名,hanja,放學,방ː학,Korean Basic Dictionary,1,exact_unique_gloss,dictionary_equivalent,0.97,high,
v01-c05-u02-023,1,5,2,461,461,언제,什么时候,when; what time,lexeme,대명사,代,native,,언ː제,Korean Basic Dictionary,6,exact_ambiguous_tie,dictionary_equivalent,0.45,low,
v01-c05-u02-024,1,5,2,462,462,날,天,day,lexeme,명사,名,native,,,Korean Basic Dictionary,20,exact_ambiguous_tie,dictionary_equivalent,0.45,low,
v01-c05-u02-025,1,5,2,463,463,시험,考试,test; exam,lexeme,명사,名,hanja,試驗,,Korean Basic Dictionary,4,exact_ranked_gloss,dictionary_equivalent,0.91,high,
v01-c05-u02-026,1,5,2,464,464,졸업식,毕业典礼,graduation ceremony,lexeme,명사,名,hanja,卒業式,조럽씩,Korean Basic Dictionary,1,exact_unique_gloss,dictionary_equivalent,0.97,high,
v01-c05-u02-027,1,5,2,465,465,파티,宴会，聚会,party,lexeme,명사,名,loanword,party,,Korean Basic Dictionary,1,exact_unique_gloss,dictionary_equivalent,0.97,high,
v01-c05-u02-028,1,5,2,466,466,부터,从,from; since,grammar,조사,助,native,,,Korean Basic Dictionary,1,editorial_override,editorial_override,1.0,verified,起点助词 부터；原英文 buteo 只是罗马字。
v01-c05-u02-029,1,5,2,467,467,때,时,time,lexeme,명사,名,native,,,Korean Basic Dictionary,12,exact_ambiguous_tie,dictionary_equivalent,0.45,low,
v01-c05-u03-001,1,5,3,468,468,아침,早上,morning,lexeme,명사,名,native,,,Korean Basic Dictionary,2,exact_ranked_gloss,dictionary_equivalent,0.91,high,
v01-c05-u03-002,1,5,3,469,469,일어나다,起床,get up,lexeme,동사,动,native,,이러나다,Korean Basic Dictionary,11,exact_ranked_gloss,dictionary_equivalent,0.91,high,
v01-c05-u03-003,1,5,3,470,470,수업,课,class; lesson; course,lexeme,명사,名,hanja,授業,,Korean Basic Dictionary,2,exact_ranked_gloss,dictionary_equivalent,0.91,high,
v01-c05-u03-004,1,5,3,471,471,술,酒,alcohol; liquor,lexeme,명사,名,native,,,Korean Basic Dictionary,3,exact_ranked_gloss,dictionary_equivalent,0.91,high,
v01-c05-u03-005,1,5,3,472,472,마시다,喝,drink,lexeme,동사,动,native,,,Korean Basic Dictionary,2,exact_ranked_gloss,dictionary_equivalent,0.91,high,
v01-c05-u03-006,1,5,3,473,473,세수하다,洗脸,wash up,lexeme,동사,动,hybrid,洗手하다,세ː수하다,Korean Basic Dictionary,1,exact_unique_gloss,dictionary_equivalent,0.97,high,
v01-c05-u03-007,1,5,3,474,474,닦다,刷，擦,clean,lexeme,동사,动,native,,닥따,Korean Basic Dictionary,7,exact_ranked_gloss,dictionary_equivalent,0.91,high,
v01-c05-u03-008,1,5,3,475,475,이를 닦다,刷牙,brush one's teeth,expression,표현,表达,expression,닦다(固),,Korean Basic Dictionary,0,component_match,editorial_override,0.42,low,Migrated from the reviewed Volume 1 edition.
v01-c05-u03-009,1,5,3,476,476,타다,乘坐，搭乘,ride; get on; board,lexeme,동사,动,native,,,Korean Basic Dictionary,23,exact_ranked_gloss,dictionary_equivalent,0.91,high,
v01-c05-u03-010,1,5,3,477,477,내리다,下来,become dark; be overcast,lexeme,동사,动,native,,,Korean Basic Dictionary,17,exact_ambiguous_tie,dictionary_equivalent,0.45,low,
v01-c05-u03-011,1,5,3,478,478,잠,（睡）觉，睡眠,sleep,lexeme,명사,名,native,,,Korean Basic Dictionary,3,exact_ambiguous_tie,dictionary_equivalent,0.45,low,
v01-c05-u03-012,1,5,3,479,479,저녁,晚上,evening,lexeme,명사,名,native,,,Korean Basic Dictionary,2,exact_ambiguous_tie,dictionary_equivalent,0.45,low,
v01-c05-u03-013,1,5,3,480,480,점심,午饭；中午,lunch; noon,lexeme,명사,名,hanja,點心,점ː심,Korean Basic Dictionary,2,editorial_override,editorial_override,1.0,verified,점심 表示“午饭/中午”；原英文 afternoon 错误。
v01-c05-u03-014,1,5,3,481,481,식사,吃饭,meal,lexeme,명사,名,hanja,食事,식싸,Korean Basic Dictionary,1,exact_unique_gloss,dictionary_equivalent,0.97,high,
v01-c05-u04-001,1,5,4,482,482,어제,昨天,yesterday,lexeme,명사,名,native,,,Korean Basic Dictionary,7,exact_ambiguous_tie,dictionary_equivalent,0.45,low,
v01-c05-u04-002,1,5,4,483,483,아름답다,漂亮，好看,beautiful; pretty,lexeme,형용사,形,native,,아름답따,Korean Basic Dictionary,2,exact_ranked_gloss,dictionary_equivalent,0.91,high,
v01-c05-u04-003,1,5,4,484,484,그제,前天,the day before yesterday,lexeme,명사,名,native,,,Korean Basic Dictionary,2,exact_ambiguous_tie,dictionary_equivalent,0.45,low,
v01-c05-u04-004,1,5,4,485,485,그저께,前天,the day before yesterday,lexeme,명사,名,native,,,Korean Basic Dictionary,2,exact_ambiguous_tie,dictionary_equivalent,0.45,low,
v01-c05-u04-005,1,5,4,486,486,어저께,昨天,yesterday,lexeme,명사,名,native,,,Korean Basic Dictionary,2,exact_ambiguous_tie,dictionary_equivalent,0.45,low,
v01-c05-u04-006,1,5,4,487,487,모레,后天,day after tomorrow,lexeme,명사,名,native,,모ː레,Korean Basic Dictionary,2,exact_ambiguous_tie,dictionary_equivalent,0.45,low,
v01-c05-u04-007,1,5,4,488,488,지난,上一个,last; previous,expression,표현,表达,expression,,,,0,unmatched,editorial_override,0.15,low,Migrated from the reviewed Volume 1 edition.
v01-c05-u04-008,1,5,4,489,489,지난 주,上周,last week,expression,표현,表达,expression,주(週),,Korean Basic Dictionary,0,component_match,editorial_override,0.42,low,Migrated from the reviewed Volume 1 edition.
v01-c05-u04-009,1,5,4,490,490,이번,这次，这个,this time,lexeme,명사,名,hybrid,이番,,Korean Basic Dictionary,1,exact_unique_gloss,dictionary_equivalent,0.97,high,
v01-c05-u04-010,1,5,4,491,491,이번 주,这周,this week,expression,표현,表达,expression,이번(이番) + 주(週),,Korean Basic Dictionary,0,component_match,editorial_override,0.42,low,Migrated from the reviewed Volume 1 edition.
v01-c05-u04-011,1,5,4,492,492,다음,下次，下一个,next; following,lexeme,명사,名,native,,,Korean Basic Dictionary,9,exact_ambiguous_tie,dictionary_equivalent,0.45,low,
v01-c05-u04-012,1,5,4,493,493,다음 주,下周,next week,expression,표현,表达,expression,다음(固) + 주(週),,Korean Basic Dictionary,0,component_match,editorial_override,0.42,low,Migrated from the reviewed Volume 1 edition.
v01-c05-u04-013,1,5,4,494,494,지난 달,上个月,last month,expression,표현,表达,expression,달(固),,Korean Basic Dictionary,0,component_match,editorial_override,0.42,low,Migrated from the reviewed Volume 1 edition.
v01-c05-u04-014,1,5,4,495,495,이번 달,这个月,this month,expression,표현,表达,expression,이번(이番) + 달(固),,Korean Basic Dictionary,0,component_match,editorial_override,0.42,low,Migrated from the reviewed Volume 1 edition.
v01-c05-u04-015,1,5,4,496,496,다음 달,下个月,next month,expression,표현,表达,expression,다음(固) + 달(固),,Korean Basic Dictionary,0,component_match,editorial_override,0.42,low,Migrated from the reviewed Volume 1 edition.
v01-c05-u04-016,1,5,4,497,497,작년,去年,last year,lexeme,명사,名,hanja,昨年,장년,Korean Basic Dictionary,1,exact_unique_gloss,dictionary_equivalent,0.97,high,
v01-c05-u04-017,1,5,4,498,498,올해,今年,this year,lexeme,명사,名,native,,,Korean Basic Dictionary,1,exact_unique_gloss,dictionary_equivalent,0.97,high,
v01-c05-u04-018,1,5,4,499,499,내년,明年,next year,lexeme,명사,名,hanja,來年,,Korean Basic Dictionary,1,exact_unique_gloss,dictionary_equivalent,0.97,high,
v01-c05-u04-019,1,5,4,500,500,기다리다,等，等候,wait,lexeme,동사,动,native,,,Korean Basic Dictionary,1,exact_unique_gloss,dictionary_equivalent,0.97,high,
v01-c05-u04-020,1,5,4,501,501,운동장,运动场,playground; sports field,lexeme,명사,名,hanja,運動場,운ː동장,Korean Basic Dictionary,1,exact_unique_gloss,dictionary_equivalent,0.97,high,
v01-c05-u04-021,1,5,4,502,502,구두,皮鞋,shoes,lexeme,명사,名,native,,,Korean Basic Dictionary,2,exact_ranked_gloss,dictionary_equivalent,0.91,high,
v01-c05-u04-022,1,5,4,503,503,쉽다,简单,easy,lexeme,형용사,形,native,,쉽ː따,Korean Basic Dictionary,4,exact_ranked_gloss,dictionary_equivalent,0.91,high,
v01-c05-u04-023,1,5,4,504,504,어렵다,难,difficult; challenging,lexeme,형용사,形,native,,어렵따,Korean Basic Dictionary,9,exact_ambiguous_tie,dictionary_equivalent,0.45,low,
v01-c05-u04-024,1,5,4,505,505,쇼핑,购物,shopping,lexeme,명사,名,loanword,shopping,,Korean Basic Dictionary,1,exact_unique_gloss,dictionary_equivalent,0.97,high,
v01-c05-u04-025,1,5,4,506,506,기분,心情,mood; feelings,lexeme,명사,名,hanja,氣分,,Korean Basic Dictionary,3,exact_ranked_gloss,dictionary_equivalent,0.91,high,
v01-c06-u01-001,1,6,1,507,507,선물,礼物,gift; present,lexeme,명사,名,hanja,膳物,선ː물,Korean Basic Dictionary,1,exact_unique_gloss,dictionary_equivalent,0.97,high,
v01-c06-u01-002,1,6,1,508,508,장미꽃,玫瑰,rose,expression,표현,表达,expression,,,,0,unmatched,editorial_override,0.15,low,Migrated from the reviewed Volume 1 edition.
v01-c06-u01-003,1,6,1,509,509,꽃,花,flower,lexeme,명사,名,native,,꼳,Korean Basic Dictionary,6,exact_ambiguous_tie,dictionary_equivalent,0.45,low,
v01-c06-u01-004,1,6,1,510,510,케이크,蛋糕,cake,lexeme,명사,名,loanword,cake,,Korean Basic Dictionary,1,exact_unique_gloss,dictionary_equivalent,0.97,high,
v01-c06-u01-005,1,6,1,511,511,꽃 가게,花店,flower shop,expression,표현,表达,expression,꽃(固) + 가게(固),,Korean Basic Dictionary,0,component_match,editorial_override,0.42,low,Migrated from the reviewed Volume 1 edition.
v01-c06-u01-006,1,6,1,512,512,빵,面包,bread,lexeme,명사,名,native,,,Korean Basic Dictionary,6,exact_ranked_gloss,dictionary_equivalent,0.91,high,
v01-c06-u01-007,1,6,1,513,513,빵집,面包房,bakery,lexeme,명사,名,native,,빵찝,Korean Basic Dictionary,1,exact_unique_gloss,dictionary_equivalent,0.97,high,
v01-c06-u01-008,1,6,1,514,514,옷 가게,服装店,clothing shop,expression,표현,表达,expression,옷(固) + 가게(固),,Korean Basic Dictionary,0,component_match,editorial_override,0.42,low,Migrated from the reviewed Volume 1 edition.
v01-c06-u01-009,1,6,1,515,515,빵 가게,面包店,bakery,expression,표현,表达,expression,빵(固) + 가게(固),,Korean Basic Dictionary,0,component_match,editorial_override,0.42,low,Migrated from the reviewed Volume 1 edition.
v01-c06-u01-010,1,6,1,516,516,과일,水果,fruit,lexeme,명사,名,native,,과ː일,Korean Basic Dictionary,1,exact_unique_gloss,dictionary_equivalent,0.97,high,
v01-c06-u01-011,1,6,1,517,517,과일 가게,水果店,fruit shop,expression,표현,表达,expression,과일(固) + 가게(固),,Korean Basic Dictionary,0,component_match,editorial_override,0.42,low,Migrated from the reviewed Volume 1 edition.
v01-c06-u01-012,1,6,1,518,518,문방구,文具店,stationery store,lexeme,명사,名,hanja,文房具,,Korean Basic Dictionary,2,exact_ranked_gloss,dictionary_equivalent,0.91,high,
v01-c06-u01-013,1,6,1,519,519,편의점,便利店,convenience store,lexeme,명사,名,hanja,便宜店,펴늬점/펴니점,Korean Basic Dictionary,1,exact_unique_gloss,dictionary_equivalent,0.97,high,
v01-c06-u01-014,1,6,1,520,520,시장,市场,market,lexeme,명사,名,hanja,市場,시ː장,Korean Basic Dictionary,3,exact_ambiguous_tie,dictionary_equivalent,0.45,low,
v01-c06-u01-015,1,6,1,521,521,슈퍼마켓,超市,supermarket; grocery store,lexeme,명사,名,loanword,supermarket,,Korean Basic Dictionary,1,exact_unique_gloss,dictionary_equivalent,0.97,high,
v01-c06-u01-016,1,6,1,522,522,바지,裤子,pants,lexeme,명사,名,native,,,Korean Basic Dictionary,1,exact_unique_gloss,dictionary_equivalent,0.97,high,
v01-c06-u01-017,1,6,1,523,523,동대문시장,东大门市场,Dongdaemun Market,expression,표현,表达,expression,,,,0,unmatched,editorial_override,0.15,low,Migrated from the reviewed Volume 1 edition.
v01-c06-u01-018,1,6,1,524,524,비싸다,贵,expensive; costly,lexeme,형용사,形,native,,,Korean Basic Dictionary,4,exact_ambiguous_tie,dictionary_equivalent,0.45,low,
v01-c06-u01-019,1,6,1,525,525,그렇지만,但是,but; however; nevertheless,lexeme,부사,副,native,,그러치만,Korean Basic Dictionary,1,exact_unique_gloss,dictionary_equivalent,0.97,high,
v01-c06-u01-020,1,6,1,526,526,아줌마,婶婶,auntie; aunty; lady,lexeme,명사,名,native,,,Korean Basic Dictionary,1,exact_unique_form,dictionary_equivalent,0.78,medium,
v01-c06-u01-021,1,6,1,527,527,장소,场所,place; venue; space,lexeme,명사,名,hanja,場所,,Korean Basic Dictionary,1,exact_unique_gloss,dictionary_equivalent,0.97,high,
v01-c06-u01-022,1,6,1,528,528,이유,理由,reason,lexeme,명사,名,hanja,理由,이ː유,Korean Basic Dictionary,2,exact_ambiguous_tie,dictionary_equivalent,0.45,low,
v01-c06-u02-001,1,6,2,529,529,주인,主人,owner,lexeme,명사,名,hanja,主人,,Korean Basic Dictionary,5,exact_ambiguous_tie,dictionary_equivalent,0.45,low,
v01-c06-u02-002,1,6,2,530,530,건,的（“것”+“은”的缩写）,contraction meaning “as for the thing”,grammar,표현,表达,grammar,것 + 은 → 건,,Korean Basic Dictionary,2,editorial_override,editorial_override,1.0,verified,英文栏改为纯英文说明；韩语缩约构成继续保留在 origin_detail。
v01-c06-u02-003,1,6,2,531,531,치즈,奶酪，芝士,cheese,lexeme,명사,名,loanword,cheese,,Korean Basic Dictionary,1,exact_unique_gloss,dictionary_equivalent,0.97,high,
v01-c06-u02-004,1,6,2,532,532,색,颜色,color; tint; hue,lexeme,명사,名,hanja,色,,Korean Basic Dictionary,4,exact_ambiguous_tie,dictionary_equivalent,0.45,low,
v01-c06-u02-005,1,6,2,533,533,빨간색,红色,red color,lexeme,명사,名,hybrid,빨간色,,Korean Basic Dictionary,1,exact_unique_gloss,dictionary_equivalent,0.97,high,
v01-c06-u02-006,1,6,2,534,534,노란색,黄色,yellow,lexeme,명사,名,hybrid,노란色,,Korean Basic Dictionary,1,exact_unique_gloss,dictionary_equivalent,0.97,high,
v01-c06-u02-007,1,6,2,535,535,파란색,蓝色,blue,lexeme,명사,名,hybrid,파란色,,Korean Basic Dictionary,1,exact_unique_gloss,dictionary_equivalent,0.97,high,
v01-c06-u02-008,1,6,2,536,536,하얀색,白色,white,lexeme,명사,名,hybrid,하얀色,,Korean Basic Dictionary,1,exact_unique_gloss,dictionary_equivalent,0.97,high,
v01-c06-u02-009,1,6,2,537,537,검은색,黑色,black,lexeme,명사,名,hybrid,검은色,거믄색,Korean Basic Dictionary,1,exact_unique_gloss,dictionary_equivalent,0.97,high,
v01-c06-u02-010,1,6,2,538,538,길다,长,long,lexeme,형용사,形,native,,길ː다,Korean Basic Dictionary,7,editorial_override,editorial_override,1.0,verified,此处 길다 为形容词“长”；原 grow/동사 是义项和词性误配。
v01-c06-u02-011,1,6,2,539,539,짧다,短,short,lexeme,형용사,形,native,,짤따,Korean Basic Dictionary,4,exact_ambiguous_tie,dictionary_equivalent,0.45,low,
v01-c06-u02-012,1,6,2,540,540,튼튼하다,结实,strong,lexeme,형용사,形,native,,,Korean Basic Dictionary,4,exact_ambiguous_tie,dictionary_equivalent,0.45,low,
v01-c06-u02-013,1,6,2,541,541,약하다,弱，瘦弱,weak,lexeme,형용사,形,hybrid,弱하다,야카다,Korean Basic Dictionary,5,exact_ambiguous_tie,dictionary_equivalent,0.45,low,
v01-c06-u02-014,1,6,2,542,542,두껍다,厚,thick,lexeme,형용사,形,native,,두껍따,Korean Basic Dictionary,2,exact_ambiguous_tie,dictionary_equivalent,0.45,low,
v01-c06-u02-015,1,6,2,543,543,얇다,薄,thin,lexeme,형용사,形,native,,얄ː따,Korean Basic Dictionary,4,exact_ambiguous_tie,dictionary_equivalent,0.45,low,
v01-c06-u02-016,1,6,2,544,544,무겁다,重,heavy; weighty,lexeme,형용사,形,native,,무겁따,Korean Basic Dictionary,10,exact_ambiguous_tie,dictionary_equivalent,0.45,low,
v01-c06-u02-017,1,6,2,545,545,가볍다,轻,light,lexeme,형용사,形,native,,가볍따,Korean Basic Dictionary,15,exact_ambiguous_tie,dictionary_equivalent,0.45,low,
v01-c06-u02-018,1,6,2,546,546,비싸다,贵,expensive; costly,lexeme,형용사,形,native,,,Korean Basic Dictionary,4,exact_ambiguous_tie,dictionary_equivalent,0.45,low,
v01-c06-u02-019,1,6,2,547,547,싸다,便宜,cheap,lexeme,형용사,形,native,,,Korean Basic Dictionary,8,exact_ranked_gloss,dictionary_equivalent,0.91,high,
v01-c06-u02-020,1,6,2,548,548,가깝다,近,near; close; adjacent,lexeme,형용사,形,native,,가깝따,Korean Basic Dictionary,6,exact_ambiguous_tie,dictionary_equivalent,0.45,low,
v01-c06-u02-021,1,6,2,549,549,멀다,远,distant; far-off,lexeme,형용사,形,native,,멀ː다,Korean Basic Dictionary,9,exact_ambiguous_tie,dictionary_equivalent,0.45,low,
v01-c06-u02-022,1,6,2,550,550,코트,大衣,overcoat; coat,lexeme,명사,名,loanword,coat,,Korean Basic Dictionary,2,exact_ranked_gloss,dictionary_equivalent,0.91,high,
v01-c06-u02-023,1,6,2,551,551,한국말,韩国语,Korean; Korean language,lexeme,명사,名,hybrid,韓國말,한ː궁말,Korean Basic Dictionary,1,exact_unique_gloss,dictionary_equivalent,0.97,high,
v01-c06-u02-024,1,6,2,552,552,자동차,汽车,car; automobile,lexeme,명사,名,hanja,自動車,,Korean Basic Dictionary,1,exact_unique_gloss,dictionary_equivalent,0.97,high,
v01-c06-u02-025,1,6,2,553,553,까맣다,乌黑，漆黑,pitch-dark,lexeme,형용사,形,native,,까ː마타,Korean Basic Dictionary,5,exact_ranked_gloss,dictionary_equivalent,0.91,high,
v01-c06-u03-001,1,6,3,554,554,보여 주다,给……看,show; let someone see,expression,표현,表达,expression,주다(固),,Korean Basic Dictionary,0,component_match,editorial_override,0.42,low,Migrated from the reviewed Volume 1 edition.
v01-c06-u03-002,1,6,3,555,555,다르다,不同,different; other,lexeme,형용사,形,native,,,Korean Basic Dictionary,4,exact_ambiguous_tie,dictionary_equivalent,0.45,low,
v01-c06-u03-003,1,6,3,556,556,죄송하다,对不起,sorry,lexeme,형용사,形,hybrid,罪悚하다,죄ː송하다/줴ː송하다,Korean Basic Dictionary,1,exact_unique_gloss,dictionary_equivalent,0.97,high,
v01-c06-u03-004,1,6,3,557,557,다시,再，重新,again,lexeme,부사,副,native,,,Korean Basic Dictionary,10,exact_ranked_gloss,dictionary_equivalent,0.91,high,
v01-c06-u03-005,1,6,3,558,558,또,又,once more,lexeme,부사,副,native,,,Korean Basic Dictionary,8,exact_ambiguous_tie,dictionary_equivalent,0.45,low,
v01-c06-u03-006,1,6,3,559,559,구경하다,看，观赏,watch,lexeme,동사,动,native,,구ː경하다,Korean Basic Dictionary,3,exact_ranked_gloss,dictionary_equivalent,0.91,high,
v01-c06-u03-007,1,6,3,560,560,얼마,多少,what amount; what number; what price,lexeme,명사,名,native,,,Korean Basic Dictionary,3,exact_ambiguous_tie,dictionary_equivalent,0.45,low,
v01-c06-u03-008,1,6,3,561,561,송이,（花）朵,bunch; cluster,lexeme,명사,名,native,,,Korean Basic Dictionary,2,exact_ambiguous_tie,dictionary_equivalent,0.45,low,
v01-c06-u03-009,1,6,3,562,562,대,辆,counter for vehicles and machines,lexeme,의존 명사,依存名,hanja,臺,,Korean Basic Dictionary,23,editorial_override,editorial_override,1.0,verified,대 为车辆、机器等的量词；原英文 dae 只是罗马字。
v01-c06-u03-010,1,6,3,563,563,잔,杯,cup,lexeme,명사,名,hanja,盞,,Korean Basic Dictionary,8,exact_ambiguous_tie,dictionary_equivalent,0.45,low,
v01-c06-u03-011,1,6,3,564,564,신발,鞋子,shoes; footwear,lexeme,명사,名,native,,,Korean Basic Dictionary,1,exact_unique_gloss,dictionary_equivalent,0.97,high,
v01-c06-u03-012,1,6,3,565,565,켤레,双,pair,lexeme,의존 명사,依存名,native,,,Korean Basic Dictionary,1,exact_unique_gloss,dictionary_equivalent,0.97,high,
v01-c06-u03-013,1,6,3,566,566,식빵,面包,bread,lexeme,명사,名,hybrid,食빵,,Korean Basic Dictionary,1,exact_unique_gloss,dictionary_equivalent,0.97,high,
v01-c06-u03-014,1,6,3,567,567,개,个,general counter,lexeme,의존 명사,依存名,hanja,個/箇/介,,Korean Basic Dictionary,21,editorial_override,editorial_override,1.0,verified,개 为一般量词；原英文 gae 只是罗马字。
v01-c06-u03-015,1,6,3,568,568,마리,只,counter for animals,lexeme,의존 명사,依存名,native,,,Korean Basic Dictionary,1,editorial_override,editorial_override,1.0,verified,마리 为动物量词；原英文 mari 只是罗马字。
v01-c06-u03-016,1,6,3,569,569,자루,支，把,piece; stand,lexeme,명사,名,native,,,Korean Basic Dictionary,4,exact_ranked_gloss,dictionary_equivalent,0.91,high,
v01-c06-u03-017,1,6,3,570,570,벌,件,set,lexeme,명사,名,native,,,Korean Basic Dictionary,5,exact_ambiguous_tie,dictionary_equivalent,0.45,low,
v01-c06-u03-018,1,6,3,571,571,권,本,volume; book,lexeme,의존 명사,依存名,hanja,卷,,Korean Basic Dictionary,5,exact_ranked_gloss,dictionary_equivalent,0.91,high,
v01-c06-u03-019,1,6,3,572,572,콜라,可乐,cola; Coke,lexeme,명사,名,loanword,cola,,Korean Basic Dictionary,1,exact_unique_gloss,dictionary_equivalent,0.97,high,
v01-c06-u03-020,1,6,3,573,573,장,张,piece; sheet,lexeme,의존 명사,依存名,hanja,張,,Korean Basic Dictionary,12,exact_ranked_gloss,dictionary_equivalent,0.91,high,
v01-c06-u03-021,1,6,3,574,574,표,票,ticket,lexeme,명사,名,hanja,票,,Korean Basic Dictionary,10,exact_ambiguous_tie,dictionary_equivalent,0.45,low,
v01-c06-u03-022,1,6,3,575,575,병,瓶,bottle,lexeme,명사,名,hanja,甁,,Korean Basic Dictionary,8,exact_ambiguous_tie,dictionary_equivalent,0.45,low,
v01-c06-u03-023,1,6,3,576,576,셔츠,衬衫,shirt,lexeme,명사,名,loanword,←shirt,,Korean Basic Dictionary,1,exact_unique_gloss,dictionary_equivalent,0.97,high,
v01-c06-u03-024,1,6,3,577,577,티셔츠,T恤衫,T-shirt,lexeme,명사,名,loanword,←T-shirt,,Korean Basic Dictionary,1,exact_unique_gloss,dictionary_equivalent,0.97,high,
v01-c06-u03-025,1,6,3,578,578,전화기,电话,telephone,lexeme,명사,名,hanja,電話機,전ː화기,Korean Basic Dictionary,1,exact_unique_gloss,dictionary_equivalent,0.97,high,
v01-c06-u03-026,1,6,3,579,579,고양이,猫,cat,lexeme,명사,名,native,,,Korean Basic Dictionary,12,exact_unique_gloss,dictionary_equivalent,0.97,high,
v01-c06-u03-027,1,6,3,580,580,슬리퍼,拖鞋,slipper,lexeme,명사,名,loanword,slipper,,Korean Basic Dictionary,1,exact_unique_gloss,dictionary_equivalent,0.97,high,
v01-c06-u03-028,1,6,3,581,581,빌리다,借,borrow; rent,lexeme,동사,动,native,,,Korean Basic Dictionary,4,exact_ambiguous_tie,dictionary_equivalent,0.45,low,
v01-c06-u03-029,1,6,3,582,582,닫다,关,shut,lexeme,동사,动,native,,닫따,Korean Basic Dictionary,4,exact_ambiguous_tie,dictionary_equivalent,0.45,low,
v01-c06-u03-030,1,6,3,583,583,스웨터,毛衫,sweater,lexeme,명사,名,loanword,sweater,,Korean Basic Dictionary,1,exact_unique_gloss,dictionary_equivalent,0.97,high,
v01-c06-u03-031,1,6,3,584,584,치마,裙子,skirt,lexeme,명사,名,native,,,Korean Basic Dictionary,3,exact_unique_gloss,dictionary_equivalent,0.97,high,
v01-c06-u03-032,1,6,3,585,585,바나나,香蕉,banana,lexeme,명사,名,loanword,banana,,Korean Basic Dictionary,1,exact_unique_gloss,dictionary_equivalent,0.97,high,
v01-c06-u03-033,1,6,3,586,586,귤,橘子,tangerine; mandarin orange,lexeme,명사,名,hanja,橘,,Korean Basic Dictionary,1,exact_unique_gloss,dictionary_equivalent,0.97,high,
v01-c06-u03-034,1,6,3,587,587,포도,葡萄,grape,lexeme,명사,名,hanja,葡萄,,Korean Basic Dictionary,1,exact_unique_gloss,dictionary_equivalent,0.97,high,
v01-c06-u03-035,1,6,3,588,588,튤립,郁金香,tulip,lexeme,명사,名,loanword,tulip,,Korean Basic Dictionary,1,exact_unique_gloss,dictionary_equivalent,0.97,high,
v01-c06-u03-036,1,6,3,589,589,입어 보다,穿一穿,try on,expression,표현,表达,expression,보다(固),,Korean Basic Dictionary,0,component_match,editorial_override,0.42,low,Migrated from the reviewed Volume 1 edition.
v01-c06-u04-001,1,6,4,590,590,선물하다,送礼物,give a gift,lexeme,동사,动,hybrid,膳物하다,선ː물하다,Korean Basic Dictionary,1,exact_unique_gloss,dictionary_equivalent,0.97,high,
v01-c06-u04-002,1,6,4,591,591,깎다,削减,peel,lexeme,동사,动,native,,깍따,Korean Basic Dictionary,6,exact_ambiguous_tie,dictionary_equivalent,0.45,low,
v01-c06-u04-003,1,6,4,592,592,꽃다발,花束,bouquet; bunch of flowers,lexeme,명사,名,native,,꼳따발,Korean Basic Dictionary,1,exact_unique_gloss,dictionary_equivalent,0.97,high,
v01-c06-u04-004,1,6,4,593,593,손수건,手绢,handkerchief,lexeme,명사,名,hybrid,손手巾,손쑤건,Korean Basic Dictionary,1,exact_unique_gloss,dictionary_equivalent,0.97,high,
v01-c06-u04-005,1,6,4,594,594,상품권,商品券,gift card; gift certificate,lexeme,명사,名,hanja,商品券,상품꿘,Korean Basic Dictionary,1,exact_unique_gloss,dictionary_equivalent,0.97,high,
v01-c06-u04-006,1,6,4,595,595,인형,玩偶,doll; figure,lexeme,명사,名,hanja,人形,,Korean Basic Dictionary,1,exact_unique_gloss,dictionary_equivalent,0.97,high,
v01-c06-u04-007,1,6,4,596,596,화장품,化妆品,cosmetics; makeup,lexeme,명사,名,hanja,化粧品,,Korean Basic Dictionary,1,exact_unique_gloss,dictionary_equivalent,0.97,high,
v01-c06-u04-008,1,6,4,597,597,향수,香水,perfume,lexeme,명사,名,hanja,香水,,Korean Basic Dictionary,2,exact_ranked_gloss,dictionary_equivalent,0.91,high,
v01-c06-u04-009,1,6,4,598,598,액세서리,饰品,accessories,lexeme,명사,名,loanword,accessory,,Korean Basic Dictionary,1,exact_unique_gloss,dictionary_equivalent,0.97,high,
v01-c06-u04-010,1,6,4,599,599,만년필,钢笔,fountain pen,lexeme,명사,名,hanja,萬年筆,만ː년필,Korean Basic Dictionary,1,exact_unique_gloss,dictionary_equivalent,0.97,high,
v01-c06-u04-011,1,6,4,600,600,에게,给，向，对,to; for,grammar,조사,助,native,,,Korean Basic Dictionary,3,editorial_override,editorial_override,1.0,verified,与格助词 에게；原英文 ege 只是罗马字。
v01-c06-u04-012,1,6,4,601,601,전화하다,打电话,call; phone,lexeme,동사,动,hybrid,電話하다,전ː화하다,Korean Basic Dictionary,1,exact_unique_gloss,dictionary_equivalent,0.97,high,
v01-c06-u04-013,1,6,4,602,602,선물을 주다,送礼物,give a present,expression,표현,表达,expression,선물(膳物) + 주다(固),,Korean Basic Dictionary,0,component_match,editorial_override,0.42,low,Migrated from the reviewed Volume 1 edition.
v01-c06-u04-014,1,6,4,603,603,께,给，向，对（“에게”的敬语）,to; for (honorific),grammar,조사,助,native,,,Korean Basic Dictionary,3,editorial_override,editorial_override,1.0,verified,께 是 에게 的敬语形式；原英文 kke 只是罗马字。
v01-c06-u04-015,1,6,4,604,604,드리다,给，送（“주다”的敬语）,pray; worship,lexeme,동사,动,native,,,Korean Basic Dictionary,4,exact_ambiguous_tie,dictionary_equivalent,0.45,low,
v01-c06-u04-016,1,6,4,605,605,프랑스,法国,France,lexeme,명사,名,loanword,France,,Korean Basic Dictionary,1,exact_unique_gloss,dictionary_equivalent,0.97,high,
v01-c06-u04-017,1,6,4,606,606,돌아가다,回去,go back; return,lexeme,동사,动,native,,도라가다,Korean Basic Dictionary,16,editorial_override,editorial_override,1.0,verified,本条中文为“回去”；原英文 die 选错义项。
v01-c06-u04-018,1,6,4,607,607,넥타이,领带,necktie,lexeme,명사,名,loanword,necktie,,Korean Basic Dictionary,1,exact_unique_gloss,dictionary_equivalent,0.97,high,
v01-c06-u04-019,1,6,4,608,608,결혼식,结婚典礼,wedding,lexeme,명사,名,hanja,結婚式,,Korean Basic Dictionary,1,exact_unique_gloss,dictionary_equivalent,0.97,high,
v01-c06-u04-020,1,6,4,609,609,프로그램,节目,program; show; list of programs,lexeme,명사,名,loanword,program,,Korean Basic Dictionary,3,exact_ranked_gloss,dictionary_equivalent,0.91,high,
v01-c06-u04-021,1,6,4,610,610,여러 가지,各种，种种,various kinds,expression,표현,表达,expression,여러(固) + 가지(固),,Korean Basic Dictionary,0,component_match,editorial_override,0.42,low,Migrated from the reviewed Volume 1 edition.
v01-c06-u04-022,1,6,4,611,611,먼저,先,being early,lexeme,명사,名,native,,,Korean Basic Dictionary,3,exact_ambiguous_tie,dictionary_equivalent,0.45,low,
v01-c06-u04-023,1,6,4,612,612,한복,韩服,hanbok; traditional Korean clothing,lexeme,명사,名,hanja,韓服,한ː복,Korean Basic Dictionary,1,editorial_override,editorial_override,1.0,verified,保留常用文化词拼写并补充可独立理解的英文说明。
v01-c06-u04-024,1,6,4,613,613,넥타이핀,领带夹,tiepin,lexeme,명사,名,loanword,▼necktie pin,,Korean Basic Dictionary,1,exact_unique_gloss,dictionary_equivalent,0.97,high,
v01-c06-u04-025,1,6,4,614,614,피곤하다,累,tired; exhausted; fatigued,lexeme,형용사,形,hybrid,疲困하다,,Korean Basic Dictionary,1,exact_unique_gloss,dictionary_equivalent,0.97,high,
v01-c06-u04-026,1,6,4,615,615,목걸이,项链,necklace,lexeme,명사,名,native,,목꺼리,Korean Basic Dictionary,1,exact_unique_gloss,dictionary_equivalent,0.97,high,
v01-c06-u04-027,1,6,4,616,616,선글라스,太阳镜,sunglasses,lexeme,명사,名,loanword,sunglass,,Korean Basic Dictionary,1,exact_unique_gloss,dictionary_equivalent,0.97,high,
v01-c06-u04-028,1,6,4,617,617,어깨,肩膀,shoulder,lexeme,명사,名,native,,,Korean Basic Dictionary,23,exact_ranked_gloss,dictionary_equivalent,0.91,high,
v01-c07-u01-001,1,7,1,618,618,남자,男，男人,man; male,lexeme,명사,名,hanja,男子,,Korean Basic Dictionary,3,exact_ambiguous_tie,dictionary_equivalent,0.45,low,
v01-c07-u01-002,1,7,1,619,619,실례,打扰一下，劳驾,excuse me; pardon me; discourtesy,lexeme,명사,名,hanja,失禮,,Korean Basic Dictionary,2,editorial_override,editorial_override,1.0,verified,本条为 失禮（失礼/劳驾），不是同音词 實例（实例）。
v01-c07-u01-003,1,7,1,620,620,길,路，街,road; street; way,lexeme,명사,名,native,,,Korean Basic Dictionary,29,exact_ambiguous_tie,dictionary_equivalent,0.45,low,
v01-c07-u01-004,1,7,1,621,621,묻다,询问,ask; inquire; interrogate,lexeme,동사,动,native,,묻ː따,Korean Basic Dictionary,8,exact_ranked_gloss,dictionary_equivalent,0.91,high,
v01-c07-u01-005,1,7,1,622,622,찾다,找,find; look for,lexeme,동사,动,native,,찯따,Korean Basic Dictionary,10,exact_ambiguous_tie,dictionary_equivalent,0.45,low,
v01-c07-u01-006,1,7,1,623,623,아파트,公寓,apartment; apartment building,lexeme,명사,名,loanword,←apartment,,Korean Basic Dictionary,1,exact_unique_gloss,dictionary_equivalent,0.97,high,
v01-c07-u01-007,1,7,1,624,624,번,号,number; counter for times,lexeme,의존 명사,依存名,hanja,番,,Korean Basic Dictionary,3,editorial_override,editorial_override,1.0,verified,번 表示号码或次数单位；原英文 beon 只是罗马字。
v01-c07-u01-008,1,7,1,625,625,출구,出口,exit; way out,lexeme,명사,名,hanja,出口,,Korean Basic Dictionary,3,exact_ambiguous_tie,dictionary_equivalent,0.45,low,
v01-c07-u01-009,1,7,1,626,626,왼쪽,左边,left; left side,lexeme,명사,名,native,,왼ː쪽/웬ː쪽,Korean Basic Dictionary,1,exact_unique_gloss,dictionary_equivalent,0.97,high,
v01-c07-u01-010,1,7,1,627,627,이쪽,这边,this side,lexeme,대명사,代,native,,,Korean Basic Dictionary,4,exact_ambiguous_tie,dictionary_equivalent,0.45,low,
v01-c07-u01-011,1,7,1,628,628,그쪽,那边,there,lexeme,대명사,代,native,,,Korean Basic Dictionary,5,exact_ambiguous_tie,dictionary_equivalent,0.45,low,
v01-c07-u01-012,1,7,1,629,629,저쪽,那边,that side,lexeme,대명사,代,native,,,Korean Basic Dictionary,5,exact_ambiguous_tie,dictionary_equivalent,0.45,low,
v01-c07-u01-013,1,7,1,630,630,오른쪽,右边,right,lexeme,명사,名,native,,,Korean Basic Dictionary,1,exact_unique_gloss,dictionary_equivalent,0.97,high,
v01-c07-u01-014,1,7,1,631,631,건너다,过,cross; go across,lexeme,동사,动,native,,건ː너다,Korean Basic Dictionary,3,exact_ambiguous_tie,dictionary_equivalent,0.45,low,
v01-c07-u01-015,1,7,1,632,632,횡단보도,人行横道,crosswalk; crossing,lexeme,명사,名,hanja,橫斷步道,횡단보도/휑단보도,Korean Basic Dictionary,1,exact_unique_gloss,dictionary_equivalent,0.97,high,
v01-c07-u01-016,1,7,1,633,633,육교,天桥,overpass,lexeme,명사,名,hanja,陸橋,육꾜,Korean Basic Dictionary,1,exact_unique_gloss,dictionary_equivalent,0.97,high,
v01-c07-u01-017,1,7,1,634,634,지하도,地下通道,underground tunnel,lexeme,명사,名,hanja,地下道,,Korean Basic Dictionary,1,exact_unique_gloss,dictionary_equivalent,0.97,high,
v01-c07-u01-018,1,7,1,635,635,층,层,layer,lexeme,명사,名,hanja,層,,Korean Basic Dictionary,4,exact_ambiguous_tie,dictionary_equivalent,0.45,low,
v01-c07-u01-019,1,7,1,636,636,샌드위치,三明治,sandwich,lexeme,명사,名,loanword,sandwich,,Korean Basic Dictionary,2,exact_ranked_gloss,dictionary_equivalent,0.91,high,
v01-c07-u01-020,1,7,1,637,637,호텔,饭店，宾馆,hotel,lexeme,명사,名,loanword,hotel,,Korean Basic Dictionary,1,exact_unique_gloss,dictionary_equivalent,0.97,high,
v01-c07-u01-021,1,7,1,638,638,신문사,报社,newspaper publishing company,lexeme,명사,名,hanja,新聞社,,Korean Basic Dictionary,1,exact_unique_gloss,dictionary_equivalent,0.97,high,
v01-c07-u01-022,1,7,1,639,639,미술관,美术馆,art museum; art gallery,lexeme,명사,名,hanja,美術館,미ː술관,Korean Basic Dictionary,1,exact_unique_gloss,dictionary_equivalent,0.97,high,
v01-c07-u01-023,1,7,1,640,640,대사관,大使馆,embassy,lexeme,명사,名,hanja,大使館,대ː사관,Korean Basic Dictionary,1,exact_unique_gloss,dictionary_equivalent,0.97,high,
v01-c07-u01-024,1,7,1,641,641,똑바로,直,straight; upright,lexeme,부사,副,native,,똑빠로,Korean Basic Dictionary,2,exact_ranked_gloss,dictionary_equivalent,0.91,high,
v01-c07-u01-025,1,7,1,642,642,나오다,出来,come out; get out,lexeme,동사,动,native,,,Korean Basic Dictionary,27,exact_ambiguous_tie,dictionary_equivalent,0.45,low,
v01-c07-u01-026,1,7,1,643,643,동문,东门,east gate,lexeme,명사,名,hanja,東門,,Korean Basic Dictionary,3,exact_ambiguous_tie,dictionary_equivalent,0.45,low,
v01-c07-u01-027,1,7,1,644,644,북문,北门,north gate,lexeme,명사,名,hanja,北門,붕문,Korean Basic Dictionary,2,exact_ambiguous_tie,dictionary_equivalent,0.45,low,
v01-c07-u01-028,1,7,1,645,645,서문,西门,west gate,lexeme,명사,名,hanja,西門,,Korean Basic Dictionary,3,exact_ambiguous_tie,dictionary_equivalent,0.45,low,
v01-c07-u01-029,1,7,1,646,646,기숙사,宿舍,dormitory,lexeme,명사,名,hanja,寄宿舍,기숙싸,Korean Basic Dictionary,1,exact_unique_gloss,dictionary_equivalent,0.97,high,
v01-c07-u01-030,1,7,1,647,647,오피스텔,商务楼（office+hotel）,studio apartment,lexeme,명사,名,loanword,▼←office hotel,,Korean Basic Dictionary,1,exact_unique_gloss,dictionary_equivalent,0.97,high,
v01-c07-u01-031,1,7,1,648,648,원룸,套房，一居室住宅,studio,lexeme,명사,名,loanword,one-room,,Korean Basic Dictionary,1,exact_unique_gloss,dictionary_equivalent,0.97,high,
v01-c07-u02-001,1,7,2,649,649,얼마나,多少，多久,how,lexeme,부사,副,native,,,Korean Basic Dictionary,2,exact_ranked_gloss,dictionary_equivalent,0.91,high,
v01-c07-u02-002,1,7,2,650,650,걸리다,需要，消耗（时间）,take,lexeme,동사,动,native,,,Korean Basic Dictionary,22,exact_ranked_gloss,dictionary_equivalent,0.91,high,
v01-c07-u02-003,1,7,2,651,651,호선,线路,line,lexeme,의존 명사,依存名,hanja,號線,,Korean Basic Dictionary,1,exact_unique_gloss,dictionary_equivalent,0.97,high,
v01-c07-u02-004,1,7,2,652,652,교통,交通,transportation; traffic,lexeme,명사,名,hanja,交通,,Korean Basic Dictionary,3,exact_ranked_gloss,dictionary_equivalent,0.91,high,
v01-c07-u02-005,1,7,2,653,653,지하철,地铁,subway,lexeme,명사,名,hanja,地下鐵,,Korean Basic Dictionary,2,exact_ranked_gloss,dictionary_equivalent,0.91,high,
v01-c07-u02-006,1,7,2,654,654,버스,巴士，公交,bus,lexeme,명사,名,loanword,bus,,Korean Basic Dictionary,1,exact_unique_gloss,dictionary_equivalent,0.97,high,
v01-c07-u02-007,1,7,2,655,655,시내버스,市内巴士，市内公交,intra-city bus,lexeme,명사,名,hybrid,市內bus,,Korean Basic Dictionary,1,exact_unique_gloss,dictionary_equivalent,0.97,high,
v01-c07-u02-008,1,7,2,656,656,고속버스,高速巴士,express bus,lexeme,명사,名,hybrid,高速bus,,Korean Basic Dictionary,1,exact_unique_gloss,dictionary_equivalent,0.97,high,
v01-c07-u02-009,1,7,2,657,657,마을버스,社区巴士；小区巴士,community shuttle bus; neighborhood shuttle bus,lexeme,명사,名,hybrid,마을bus,,Korean Basic Dictionary,1,editorial_override,editorial_override,1.0,verified,마을버스 指服务社区/街区的短途小巴，不宜译作“乡下巴士”。
v01-c07-u02-010,1,7,2,658,658,택시,出租车,taxi; cab,lexeme,명사,名,loanword,taxi,,Korean Basic Dictionary,1,exact_unique_gloss,dictionary_equivalent,0.97,high,
v01-c07-u02-011,1,7,2,659,659,일반택시,普通出租车,regular taxi,expression,표현,表达,expression,,,,0,unmatched,editorial_override,0.15,low,Migrated from the reviewed Volume 1 edition.
v01-c07-u02-012,1,7,2,660,660,모범택시,模范出租车,luxury taxi; deluxe taxi,lexeme,명사,名,hybrid,模範taxi,,Korean Basic Dictionary,1,exact_unique_gloss,dictionary_equivalent,0.97,high,
v01-c07-u02-013,1,7,2,661,661,자동차,汽车,car; automobile,lexeme,명사,名,hanja,自動車,,Korean Basic Dictionary,1,exact_unique_gloss,dictionary_equivalent,0.97,high,
v01-c07-u02-014,1,7,2,662,662,기차,火车,train,lexeme,명사,名,hanja,汽車,,Korean Basic Dictionary,1,exact_unique_gloss,dictionary_equivalent,0.97,high,
v01-c07-u02-015,1,7,2,663,663,자전거,自行车,bicycle,lexeme,명사,名,hanja,自轉車,,Korean Basic Dictionary,1,exact_unique_gloss,dictionary_equivalent,0.97,high,
v01-c07-u02-016,1,7,2,664,664,비행기,飞机,plane; airplane,lexeme,명사,名,hanja,飛行機,,Korean Basic Dictionary,2,exact_unique_gloss,dictionary_equivalent,0.97,high,
v01-c07-u02-017,1,7,2,665,665,배,船,boat; ship; vessel,lexeme,명사,名,native,,,Korean Basic Dictionary,23,exact_ranked_gloss,dictionary_equivalent,0.91,high,
v01-c07-u02-018,1,7,2,666,666,동대문 운동장,东大门运动场,Dongdaemun Stadium,expression,표현,表达,expression,동대문(東大門) + 운동장(運動場),,Korean Basic Dictionary,0,component_match,editorial_override,0.42,low,Migrated from the reviewed Volume 1 edition.
v01-c07-u02-019,1,7,2,667,667,부산,釜山,Busan,lexeme,명사,名,hanja,釜山,,Korean Basic Dictionary,2,exact_ranked_gloss,dictionary_equivalent,0.91,high,
v01-c07-u02-020,1,7,2,668,668,베트남,越南,Vietnam,lexeme,명사,名,loanword,Vietnam,,Korean Basic Dictionary,1,exact_unique_gloss,dictionary_equivalent,0.97,high,
v01-c07-u02-021,1,7,2,669,669,비디오,视频，录像机,video,lexeme,명사,名,loanword,video,,Korean Basic Dictionary,3,exact_ranked_gloss,dictionary_equivalent,0.91,high,
v01-c07-u02-022,1,7,2,670,670,이메일,电子邮件,e-mail; electronic mail,lexeme,명사,名,loanword,email,,Korean Basic Dictionary,1,exact_unique_gloss,dictionary_equivalent,0.97,high,
v01-c07-u02-023,1,7,2,671,671,연락,联系,communication,lexeme,명사,名,hanja,連絡/聯絡,열락,Korean Basic Dictionary,1,exact_unique_gloss,dictionary_equivalent,0.97,high,
v01-c07-u02-024,1,7,2,672,672,젓가락,筷子,chopsticks,lexeme,명사,名,native,,저까락/젇까락,Korean Basic Dictionary,2,exact_ranked_gloss,dictionary_equivalent,0.91,high,
v01-c07-u02-025,1,7,2,673,673,늦다,晚,be late,lexeme,동사,动,native,,늗따,Korean Basic Dictionary,6,exact_ambiguous_tie,dictionary_equivalent,0.45,low,
v01-c07-u02-026,1,7,2,674,674,밀리다,堵（车），堆积,be left undone,lexeme,동사,动,native,,,Korean Basic Dictionary,6,exact_ranked_gloss,dictionary_equivalent,0.91,high,
v01-c07-u02-027,1,7,2,675,675,바쁘다,忙,busy; hectic,lexeme,형용사,形,native,,,Korean Basic Dictionary,4,exact_ambiguous_tie,dictionary_equivalent,0.45,low,
v01-c07-u02-028,1,7,2,676,676,아르바이트,兼职,part-time job; side job; student job; moonlighting,lexeme,명사,名,loanword,Arbeit,,Korean Basic Dictionary,1,exact_unique_form,dictionary_equivalent,0.78,medium,
v01-c07-u02-029,1,7,2,677,677,머리,头,head,lexeme,명사,名,native,,,Korean Basic Dictionary,58,exact_ambiguous_tie,dictionary_equivalent,0.45,low,
v01-c07-u02-030,1,7,2,678,678,호수,湖水,lake,lexeme,명사,名,hanja,湖水,,Korean Basic Dictionary,4,exact_ranked_gloss,dictionary_equivalent,0.91,high,
v01-c07-u02-031,1,7,2,679,679,빨리,快,quickly,lexeme,부사,副,native,,,Korean Basic Dictionary,1,exact_unique_gloss,dictionary_equivalent,0.97,high,
v01-c07-u02-032,1,7,2,680,680,자리,座位,seat,lexeme,명사,名,native,,,Korean Basic Dictionary,36,exact_ranked_gloss,dictionary_equivalent,0.91,high,
v01-c07-u02-033,1,7,2,681,681,오래,久,long,lexeme,부사,副,native,,,Korean Basic Dictionary,1,exact_unique_gloss,dictionary_equivalent,0.97,high,
v01-c07-u02-034,1,7,2,682,682,곳,地方,place; spot; location,lexeme,명사,名,native,,곧,Korean Basic Dictionary,3,exact_ambiguous_tie,dictionary_equivalent,0.45,low,
v01-c07-u02-035,1,7,2,683,683,교통수단,交通工具,means of transportation,lexeme,명사,名,hanja,交通手段,,Korean Basic Dictionary,1,exact_unique_gloss,dictionary_equivalent,0.97,high,
v01-c07-u02-036,1,7,2,684,684,떠나다,离开,leave,lexeme,동사,动,native,,,Korean Basic Dictionary,6,exact_ambiguous_tie,dictionary_equivalent,0.45,low,
v01-c07-u03-001,1,7,3,685,685,앉다,坐,sit; be seated,lexeme,동사,动,native,,안따,Korean Basic Dictionary,14,exact_ambiguous_tie,dictionary_equivalent,0.45,low,
v01-c07-u03-002,1,7,3,686,686,비키다,让开,turn aside,lexeme,동사,动,native,,비ː키다,Korean Basic Dictionary,3,exact_ranked_gloss,dictionary_equivalent,0.91,high,
v01-c07-u03-003,1,7,3,687,687,조심하다,小心,practice caution,lexeme,동사,动,hybrid,操心하다,조ː심하다,Korean Basic Dictionary,1,exact_unique_gloss,dictionary_equivalent,0.97,high,
v01-c07-u03-004,1,7,3,688,688,역,站,station; stop,lexeme,명사,名,hanja,驛,,Korean Basic Dictionary,5,exact_ranked_gloss,dictionary_equivalent,0.91,high,
v01-c07-u03-005,1,7,3,689,689,공항,机场,airport,lexeme,명사,名,hanja,空港,,Korean Basic Dictionary,1,exact_unique_gloss,dictionary_equivalent,0.97,high,
v01-c07-u03-006,1,7,3,690,690,고속버스 터미널,高速巴士客运站,express bus terminal,expression,표현,表达,expression,고속버스(高速bus) + 터미널(terminal),,Korean Basic Dictionary,0,component_match,editorial_override,0.42,low,Migrated from the reviewed Volume 1 edition.
v01-c07-u03-007,1,7,3,691,691,타다,乘，坐,ride; get on; board,lexeme,동사,动,native,,,Korean Basic Dictionary,23,exact_ranked_gloss,dictionary_equivalent,0.91,high,
v01-c07-u03-008,1,7,3,692,692,내리다,下来,become dark; be overcast,lexeme,동사,动,native,,,Korean Basic Dictionary,17,exact_ambiguous_tie,dictionary_equivalent,0.45,low,
v01-c07-u03-009,1,7,3,693,693,갈아타다,换乘,transfer; transship,lexeme,동사,动,native,,가라타다,Korean Basic Dictionary,1,exact_unique_gloss,dictionary_equivalent,0.97,high,
v01-c07-u03-010,1,7,3,694,694,도착하다,到达,arrive; reach,lexeme,동사,动,hybrid,到着하다,도ː차카다,Korean Basic Dictionary,1,exact_unique_gloss,dictionary_equivalent,0.97,high,
v01-c07-u03-011,1,7,3,695,695,교통편,交通工具,means of transportation,lexeme,명사,名,hanja,交通便,,Korean Basic Dictionary,1,exact_unique_gloss,dictionary_equivalent,0.97,high,
v01-c07-u03-012,1,7,3,696,696,여관,旅馆,inn,lexeme,명사,名,hanja,旅館,,Korean Basic Dictionary,1,exact_unique_gloss,dictionary_equivalent,0.97,high,
v01-c07-u03-013,1,7,3,697,697,민박,民宿,temporary lodging; temporary lodging house,lexeme,명사,名,hanja,民泊,,Korean Basic Dictionary,1,exact_unique_gloss,dictionary_equivalent,0.97,high,
v01-c07-u03-014,1,7,3,698,698,펜션,简易旅馆，食宿公寓,pension,lexeme,명사,名,loanword,pension,,Korean Basic Dictionary,1,exact_unique_gloss,dictionary_equivalent,0.97,high,
v01-c07-u03-015,1,7,3,699,699,콘도,共管式公寓,membership resort,lexeme,명사,名,loanword,condo,,Korean Basic Dictionary,1,exact_unique_gloss,dictionary_equivalent,0.97,high,
v01-c07-u03-016,1,7,3,700,700,회,生鱼片,raw fish; sashimi,lexeme,명사,名,hanja,膾,회ː/훼ː,Korean Basic Dictionary,3,editorial_override,editorial_override,1.0,verified,회 指生鱼片；原英文 hoe 只是罗马字。
v01-c07-u03-017,1,7,3,701,701,만지다,摸,touch,lexeme,동사,动,native,,,Korean Basic Dictionary,4,exact_ambiguous_tie,dictionary_equivalent,0.45,low,
v01-c07-u03-018,1,7,3,702,702,찍다,拍（照）,take,lexeme,동사,动,native,,찍따,Korean Basic Dictionary,13,exact_ranked_gloss,dictionary_equivalent,0.91,high,
v01-c07-u03-019,1,7,3,703,703,담배,烟,tobacco,lexeme,명사,名,native,,담ː배,Korean Basic Dictionary,2,exact_ambiguous_tie,dictionary_equivalent,0.45,low,
v01-c07-u03-020,1,7,3,704,704,피우다,抽,smoke; puff,lexeme,동사,动,native,,,Korean Basic Dictionary,7,exact_ranked_gloss,dictionary_equivalent,0.91,high,
v01-c07-u03-021,1,7,3,705,705,주차하다,停车,park,lexeme,동사,动,hybrid,駐車하다,주ː차하다,Korean Basic Dictionary,1,exact_unique_gloss,dictionary_equivalent,0.97,high,
v01-c07-u03-022,1,7,3,706,706,떠들다,吵闹,clamor; make a noise,lexeme,동사,动,native,,떠ː들다,Korean Basic Dictionary,6,exact_ranked_gloss,dictionary_equivalent,0.91,high,
v01-c07-u03-023,1,7,3,707,707,지각하다,迟到,be late,lexeme,동사,动,hybrid,遲刻하다,지가카다,Korean Basic Dictionary,3,exact_ranked_gloss,dictionary_equivalent,0.91,high,
v01-c07-u03-024,1,7,3,708,708,게임,游戏,game,lexeme,명사,名,loanword,game,,Korean Basic Dictionary,3,exact_ranked_gloss,dictionary_equivalent,0.91,high,
v01-c07-u03-025,1,7,3,709,709,모르다,不知道,not know,lexeme,동사,动,native,,모ː르다,Korean Basic Dictionary,12,exact_ambiguous_tie,dictionary_equivalent,0.45,low,
v01-c07-u03-026,1,7,3,710,710,가르치다,教,teach; instruct,lexeme,동사,动,native,,,Korean Basic Dictionary,5,exact_ambiguous_tie,dictionary_equivalent,0.45,low,
v01-c07-u03-027,1,7,3,711,711,안내 방송,广播,public announcement,expression,표현,表达,expression,안내(案內) + 방송(放送),,Korean Basic Dictionary,0,component_match,editorial_override,0.42,low,Migrated from the reviewed Volume 1 edition.
v01-c07-u03-028,1,7,3,712,712,걱정하다,担心,worry; be worried; be concerned,lexeme,동사,动,native,,걱쩡하다,Korean Basic Dictionary,1,exact_unique_gloss,dictionary_equivalent,0.97,high,
v01-c07-u03-029,1,7,3,713,713,실례하다,劳驾,excuse me; pardon me,lexeme,동사,动,hybrid,失禮하다,,Korean Basic Dictionary,1,editorial_override,editorial_override,1.0,verified,按中文“劳驾”和课程礼貌请求语境定稿；排除当前字典的“失礼行为”说明式义项。
v01-c07-u03-030,1,7,3,714,714,비용,费用,cost; expense,lexeme,명사,名,hanja,費用,비ː용,Korean Basic Dictionary,1,exact_unique_gloss,dictionary_equivalent,0.97,high,
v01-c07-u03-031,1,7,3,715,715,기타,其他,etc.; and so on; and such,lexeme,명사,名,hanja,其他,,Korean Basic Dictionary,2,exact_ranked_gloss,dictionary_equivalent,0.91,high,
v01-c07-u03-032,1,7,3,716,716,정류장,车站，站,stop,lexeme,명사,名,hanja,停留場,정뉴장,Korean Basic Dictionary,1,exact_unique_gloss,dictionary_equivalent,0.97,high,
v01-c07-u04-001,1,7,4,717,717,기사,司机,driver,lexeme,명사,名,hanja,技士,,Korean Basic Dictionary,5,exact_ranked_gloss,dictionary_equivalent,0.91,high,
v01-c07-u04-002,1,7,4,718,718,걷다,走,walk,lexeme,동사,动,native,,걷ː따,Korean Basic Dictionary,12,exact_ambiguous_tie,dictionary_equivalent,0.45,low,
v01-c07-u04-003,1,7,4,719,719,세우다,停,stop; put a stop to,lexeme,동사,动,native,,,Korean Basic Dictionary,22,exact_ambiguous_tie,dictionary_equivalent,0.45,low,
v01-c07-u04-004,1,7,4,720,720,들어가다,进去,enter; go into,lexeme,동사,动,native,,드러가다,Korean Basic Dictionary,14,exact_ambiguous_tie,dictionary_equivalent,0.45,low,
v01-c07-u04-005,1,7,4,721,721,출발하다,出发,depart; leave,lexeme,동사,动,hybrid,出發하다,,Korean Basic Dictionary,2,exact_ambiguous_tie,dictionary_equivalent,0.45,low,
v01-c07-u04-006,1,7,4,722,722,도착하다,到达,arrive; reach,lexeme,동사,动,hybrid,到着하다,도ː차카다,Korean Basic Dictionary,1,exact_unique_gloss,dictionary_equivalent,0.97,high,
v01-c07-u04-007,1,7,4,723,723,사거리,十字路口,crossroads; intersection; street corner,lexeme,명사,名,hybrid,四거리,사ː거리,Korean Basic Dictionary,1,exact_unique_gloss,dictionary_equivalent,0.97,high,
v01-c07-u04-008,1,7,4,724,724,신호등,红绿灯,traffic light; traffic signal,lexeme,명사,名,hanja,信號燈,신ː호등,Korean Basic Dictionary,1,exact_unique_gloss,dictionary_equivalent,0.97,high,
v01-c07-u04-009,1,7,4,725,725,직진,直走,straight movement,lexeme,명사,名,hanja,直進,직찐,Korean Basic Dictionary,1,exact_unique_gloss,dictionary_equivalent,0.97,high,
v01-c07-u04-010,1,7,4,726,726,좌회전,左转弯,turning left,lexeme,명사,名,hanja,左回轉,좌ː회전/좌ː훼전,Korean Basic Dictionary,1,exact_unique_gloss,dictionary_equivalent,0.97,high,
v01-c07-u04-011,1,7,4,727,727,우회전,右转弯,right turn,lexeme,명사,名,hanja,右回轉,우ː회전/우ː훼전,Korean Basic Dictionary,1,exact_unique_gloss,dictionary_equivalent,0.97,high,
v01-c07-u04-012,1,7,4,728,728,고르다,选,choose; select,lexeme,동사,动,native,,,Korean Basic Dictionary,5,exact_ranked_gloss,dictionary_equivalent,0.91,high,
v01-c07-u04-013,1,7,4,729,729,빠르다,快,fast; quick,lexeme,형용사,形,native,,,Korean Basic Dictionary,5,exact_ambiguous_tie,dictionary_equivalent,0.45,low,
v01-c07-u04-014,1,7,4,730,730,모시다,陪（“데리다”的敬语）,serve; attend; wait on,lexeme,동사,动,native,,모ː시다,Korean Basic Dictionary,5,exact_ambiguous_tie,dictionary_equivalent,0.45,low,
v01-c07-u04-015,1,7,4,731,731,다 왔습니다,快到了,almost there; have arrived,expression,동사,动,expression,다 + 오다 的过去正式体,,Korean Basic Dictionary,33,exact_ambiguous_tie,editorial_override,0.45,low,Migrated from the reviewed Volume 1 edition.
v01-c07-u04-016,1,7,4,732,732,동,栋，座，幢,counter for buildings,lexeme,의존 명사,依存名,hanja,棟,,Korean Basic Dictionary,9,editorial_override,editorial_override,1.0,verified,동 为楼栋量词；原英文 dong 只是罗马字。
v01-c07-u04-017,1,7,4,733,733,약속,约定,promise; appointment; pledge,lexeme,명사,名,hanja,約束,약쏙,Korean Basic Dictionary,1,exact_unique_gloss,dictionary_equivalent,0.97,high,
v01-c07-u04-018,1,7,4,734,734,차,茶,tea,lexeme,명사,名,native,,,Korean Basic Dictionary,10,exact_ranked_gloss,dictionary_equivalent,0.91,high,
v01-c07-u04-019,1,7,4,735,735,놀이터,游乐场,playground,lexeme,명사,名,native,,노리터,Korean Basic Dictionary,2,exact_ranked_gloss,dictionary_equivalent,0.91,high,
v01-c08-u01-001,1,8,1,736,736,이따가,一会儿,a little later; a short time later,lexeme,부사,副,native,,,Korean Basic Dictionary,1,exact_unique_gloss,dictionary_equivalent,0.97,high,
v01-c08-u01-002,1,8,1,737,737,전화번호,电话号码,phone number,lexeme,명사,名,hanja,電話番號,전ː화번호,Korean Basic Dictionary,1,exact_unique_gloss,dictionary_equivalent,0.97,high,
v01-c08-u01-003,1,8,1,738,738,국제전화,国际电话,international call,expression,표현,表达,expression,,,,0,unmatched,editorial_override,0.15,low,Migrated from the reviewed Volume 1 edition.
v01-c08-u01-004,1,8,1,739,739,시외전화,长途电话,long-distance call,expression,표현,表达,expression,,,,0,unmatched,editorial_override,0.15,low,Migrated from the reviewed Volume 1 edition.
v01-c08-u01-005,1,8,1,740,740,휴대전화,手机,mobile phone,expression,표현,表达,expression,,,,0,unmatched,editorial_override,0.15,low,Migrated from the reviewed Volume 1 edition.
v01-c08-u01-006,1,8,1,741,741,의,之，的,loyalty,lexeme,명사,名,hanja,義,의ː,Korean Basic Dictionary,11,exact_ranked_gloss,dictionary_equivalent,0.91,high,
v01-c08-u01-007,1,8,1,742,742,범죄,罪，犯罪,crime,lexeme,명사,名,hanja,犯罪,범ː죄/범ː줴,Korean Basic Dictionary,1,exact_unique_gloss,dictionary_equivalent,0.97,high,
v01-c08-u01-008,1,8,1,743,743,화재,火灾,fire,lexeme,명사,名,hanja,火災,화ː재,Korean Basic Dictionary,1,exact_unique_gloss,dictionary_equivalent,0.97,high,
v01-c08-u01-009,1,8,1,744,744,신고,举报，申报,declaration,lexeme,명사,名,hanja,申告,,Korean Basic Dictionary,2,exact_ranked_gloss,dictionary_equivalent,0.91,high,
v01-c08-u01-010,1,8,1,745,745,불이 나다,着火,a fire breaks out,expression,표현,表达,expression,나다(固),,Korean Basic Dictionary,0,component_match,editorial_override,0.42,low,Migrated from the reviewed Volume 1 edition.
v01-c08-u01-011,1,8,1,746,746,나중,以后，后来,next time; later,lexeme,명사,名,native,,나ː중,Korean Basic Dictionary,3,exact_ranked_gloss,dictionary_equivalent,0.91,high,
v01-c08-u01-012,1,8,1,747,747,경주,庆州,Gyeongju,lexeme,명사,名,hanja,慶州,경ː주,Korean Basic Dictionary,4,exact_ranked_gloss,dictionary_equivalent,0.91,high,
v01-c08-u01-013,1,8,1,748,748,주말,周末,weekend,lexeme,명사,名,hanja,週末,,Korean Basic Dictionary,1,exact_unique_gloss,dictionary_equivalent,0.97,high,
v01-c08-u01-014,1,8,1,749,749,고속전철,高铁,high-speed train,expression,표현,表达,expression,,,,0,unmatched,editorial_override,0.15,low,Migrated from the reviewed Volume 1 edition.
v01-c08-u01-015,1,8,1,750,750,열쇠고리,钥匙链,key ring,lexeme,명사,名,native,,열ː쐬고리/열ː쒜고리,Korean Basic Dictionary,1,exact_unique_gloss,dictionary_equivalent,0.97,high,
v01-c08-u01-016,1,8,1,751,751,기다리다,等,wait,lexeme,동사,动,native,,,Korean Basic Dictionary,1,exact_unique_gloss,dictionary_equivalent,0.97,high,
v01-c08-u02-001,1,8,2,752,752,여보세요,喂,hello; hi; hey there,lexeme,감탄사,叹,native,,,Korean Basic Dictionary,2,exact_ambiguous_tie,dictionary_equivalent,0.45,low,
v01-c08-u02-002,1,8,2,753,753,여행사,旅行社,travel agency,lexeme,명사,名,hanja,旅行社,,Korean Basic Dictionary,1,exact_unique_gloss,dictionary_equivalent,0.97,high,
v01-c08-u02-003,1,8,2,754,754,바로,就，马上,promptly; right away,lexeme,부사,副,native,,,Korean Basic Dictionary,7,exact_ambiguous_tie,dictionary_equivalent,0.45,low,
v01-c08-u02-004,1,8,2,755,755,괜찮다,没关系，可以,okay,lexeme,형용사,形,native,,괜찬타,Korean Basic Dictionary,3,exact_ranked_gloss,dictionary_equivalent,0.91,high,
v01-c08-u02-005,1,8,2,756,756,전화를 걸다,打电话,make a phone call,expression,표현,表达,expression,전화(電話) + 걸다(固),,Korean Basic Dictionary,0,component_match,editorial_override,0.42,low,Migrated from the reviewed Volume 1 edition.
v01-c08-u02-006,1,8,2,757,757,전화를 받다,接电话,answer the phone,expression,표현,表达,expression,전화(電話) + 받다(固),,Korean Basic Dictionary,0,component_match,editorial_override,0.42,low,Migrated from the reviewed Volume 1 edition.
v01-c08-u02-007,1,8,2,758,758,전화번호를 누르다,按电话号码,dial a phone number,expression,표현,表达,expression,전화번호(電話番號) + 누르다(固),,Korean Basic Dictionary,0,component_match,editorial_override,0.42,low,Migrated from the reviewed Volume 1 edition.
v01-c08-u02-008,1,8,2,759,759,전화벨이 울리다,电话铃响,the phone rings,expression,표현,表达,expression,전화벨(電話bell) + 울리다(固),,Korean Basic Dictionary,0,component_match,editorial_override,0.42,low,Migrated from the reviewed Volume 1 edition.
v01-c08-u02-009,1,8,2,760,760,핸드폰,手机,mobile phone; cellular phone,lexeme,명사,名,loanword,▼hand phone,,Korean Basic Dictionary,1,exact_unique_gloss,dictionary_equivalent,0.97,high,
v01-c08-u02-010,1,8,2,761,761,신호가 가다,有信号，打通,the call goes through,expression,표현,表达,expression,신호(信號) + 가다(固),,Korean Basic Dictionary,0,component_match,editorial_override,0.42,low,Migrated from the reviewed Volume 1 edition.
v01-c08-u02-011,1,8,2,762,762,잘못,错误,fault; mistake; misstep,lexeme,명사,名,native,,잘몯,Korean Basic Dictionary,5,exact_ambiguous_tie,dictionary_equivalent,0.45,low,
v01-c08-u02-012,1,8,2,763,763,휴대전화를 켜다,开手机,turn on a mobile phone,expression,표현,表达,expression,켜다(固),,Korean Basic Dictionary,0,component_match,editorial_override,0.42,low,Migrated from the reviewed Volume 1 edition.
v01-c08-u02-013,1,8,2,764,764,휴대전화를 끄다,关手机,turn off a mobile phone,expression,표현,表达,expression,끄다(固),,Korean Basic Dictionary,0,component_match,editorial_override,0.42,low,Migrated from the reviewed Volume 1 edition.
v01-c08-u02-014,1,8,2,765,765,핸드폰을 켜다,开手机,turn on a cell phone,expression,표현,表达,expression,핸드폰(▼hand phone) + 켜다(固),,Korean Basic Dictionary,0,component_match,editorial_override,0.42,low,Migrated from the reviewed Volume 1 edition.
v01-c08-u02-015,1,8,2,766,766,핸드폰을 끄다,关手机,turn off a cell phone,expression,표현,表达,expression,핸드폰(▼hand phone) + 끄다(固),,Korean Basic Dictionary,0,component_match,editorial_override,0.42,low,Migrated from the reviewed Volume 1 edition.
v01-c08-u02-016,1,8,2,767,767,문자메시지를 보내다,发送文字信息,send a text message,expression,표현,表达,expression,보내다(固),,Korean Basic Dictionary,0,component_match,editorial_override,0.42,low,Migrated from the reviewed Volume 1 edition.
v01-c08-u02-017,1,8,2,768,768,문자메시지를 확인하다,确认（查看）文字信息,check a text message,expression,표현,表达,expression,확인하다(確認하다),,Korean Basic Dictionary,0,component_match,editorial_override,0.42,low,Corrected 획인히다 to 확인하다. | Migrated from the reviewed Volume 1 edition.
v01-c08-u02-018,1,8,2,769,769,음성메시지를 남기다,留言,leave a voice message,expression,표현,表达,expression,남기다(固),,Korean Basic Dictionary,0,component_match,editorial_override,0.42,low,Migrated from the reviewed Volume 1 edition.
v01-c08-u02-019,1,8,2,770,770,음성메시지를 확인하다,确认（听）留言,check a voice message,expression,표현,表达,expression,확인하다(確認하다),,Korean Basic Dictionary,0,component_match,editorial_override,0.42,low,Migrated from the reviewed Volume 1 edition.
v01-c08-u02-020,1,8,2,771,771,바꾸다,换,change; exchange; replace; turn into,lexeme,동사,动,native,,,Korean Basic Dictionary,6,exact_ambiguous_tie,dictionary_equivalent,0.45,low,
v01-c08-u02-021,1,8,2,772,772,따르릉,丁零零,ring-ring,lexeme,부사,副,native,,,Korean Basic Dictionary,1,exact_unique_gloss,editorial_override,0.97,high,Corrected 때르릉 to 따르릉. | Migrated from the reviewed Volume 1 edition.
v01-c08-u02-022,1,8,2,773,773,주소,地址,address,lexeme,명사,名,hanja,住所,주ː소,Korean Basic Dictionary,2,exact_ranked_gloss,dictionary_equivalent,0.91,high,
v01-c08-u02-023,1,8,2,774,774,호,号,byname; pen name,lexeme,명사,名,hanja,號,호ː,Korean Basic Dictionary,8,exact_ambiguous_tie,dictionary_equivalent,0.45,low,
v01-c08-u02-024,1,8,2,775,775,주문하다,预订，预约,order,lexeme,동사,动,hybrid,注文하다,주ː문하다,Korean Basic Dictionary,2,exact_ranked_gloss,dictionary_equivalent,0.91,high,
v01-c08-u02-025,1,8,2,776,776,오래,久，长期,long,lexeme,부사,副,native,,,Korean Basic Dictionary,1,exact_unique_gloss,dictionary_equivalent,0.97,high,
v01-c08-u02-026,1,8,2,777,777,배달,送，投递,delivery,lexeme,명사,名,hanja,配達,배ː달,Korean Basic Dictionary,1,exact_unique_gloss,dictionary_equivalent,0.97,high,
v01-c08-u02-027,1,8,2,778,778,부탁,拜托，请求,request,lexeme,명사,名,hanja,付託,부ː탁,Korean Basic Dictionary,1,exact_unique_gloss,dictionary_equivalent,0.97,high,
v01-c08-u02-028,1,8,2,779,779,무역,贸易,trade; commerce,lexeme,명사,名,hanja,貿易,무ː역,Korean Basic Dictionary,2,exact_ambiguous_tie,dictionary_equivalent,0.45,low,
v01-c08-u02-029,1,8,2,780,780,아니에요?,不是……吗？,isn't it?,expression,형용사,形,expression,아니다 的礼貌疑问,,Korean Basic Dictionary,8,exact_ranked_gloss,editorial_override,0.91,high,Migrated from the reviewed Volume 1 edition.
v01-c08-u02-030,1,8,2,781,781,웬일이세요?,有什么事儿？,what brings you here?,expression,명사,名,expression,웬일 + 이다 + 尊敬礼貌体,웬ː닐,Korean Basic Dictionary,1,exact_unique_gloss,editorial_override,0.97,high,Migrated from the reviewed Volume 1 edition.
v01-c08-u02-031,1,8,2,782,782,잠깐만요,稍等,just a moment,expression,표현,表达,expression,,,,0,unmatched,editorial_override,0.15,low,Migrated from the reviewed Volume 1 edition.
v01-c08-u02-032,1,8,2,783,783,정말,真的,fact,lexeme,명사,名,hybrid,正말,정ː말,Korean Basic Dictionary,7,exact_ambiguous_tie,dictionary_equivalent,0.45,low,
v01-c08-u03-001,1,8,3,784,784,늦다,晚，迟到,be late,lexeme,동사,动,native,,늗따,Korean Basic Dictionary,6,exact_ranked_gloss,dictionary_equivalent,0.91,high,
v01-c08-u03-002,1,8,3,785,785,약속하다,约定,promise; pledge; make an appointment,lexeme,동사,动,hybrid,約束하다,약쏘카다,Korean Basic Dictionary,1,exact_unique_gloss,dictionary_equivalent,0.97,high,
v01-c08-u03-003,1,8,3,786,786,약속 장소,约定场所,meeting place,expression,표현,表达,expression,약속(約束) + 장소(場所),,Korean Basic Dictionary,0,component_match,editorial_override,0.42,low,Migrated from the reviewed Volume 1 edition.
v01-c08-u03-004,1,8,3,787,787,약속 시간,约定时间,meeting time,expression,표현,表达,expression,약속(約束) + 시간(時間),,Korean Basic Dictionary,0,component_match,editorial_override,0.42,low,Migrated from the reviewed Volume 1 edition.
v01-c08-u03-005,1,8,3,788,788,약속 시간을 바꾸다,更改约定时间,change an appointment time,expression,표현,表达,expression,약속(約束) + 시간(時間) + 바꾸다(固),,Korean Basic Dictionary,0,component_match,editorial_override,0.42,low,Migrated from the reviewed Volume 1 edition.
v01-c08-u03-006,1,8,3,789,789,약속을 어기다,毁约,break a promise,expression,표현,表达,expression,약속(約束) + 어기다(固),,Korean Basic Dictionary,0,component_match,editorial_override,0.42,low,Migrated from the reviewed Volume 1 edition.
v01-c08-u03-007,1,8,3,790,790,약속을 지키다,守约,keep a promise,expression,표현,表达,expression,약속(約束) + 지키다(固),,Korean Basic Dictionary,0,component_match,editorial_override,0.42,low,Migrated from the reviewed Volume 1 edition.
v01-c08-u03-008,1,8,3,791,791,눈,雪,snow,lexeme,명사,名,native,,눈ː,Korean Basic Dictionary,103,exact_ranked_gloss,dictionary_equivalent,0.91,high,
v01-c08-u03-009,1,8,3,792,792,눈사람,雪人,snowman,lexeme,명사,名,native,,눈ː싸람,Korean Basic Dictionary,1,exact_unique_gloss,dictionary_equivalent,0.97,high,
v01-c08-u03-010,1,8,3,793,793,세일,降价，甩卖,sale,lexeme,명사,名,loanword,sale,,Korean Basic Dictionary,1,exact_unique_gloss,dictionary_equivalent,0.97,high,
v01-c08-u03-011,1,8,3,794,794,수영장,游泳馆,swimming pool,lexeme,명사,名,hanja,水泳場,,Korean Basic Dictionary,1,exact_unique_gloss,dictionary_equivalent,0.97,high,
v01-c08-u03-012,1,8,3,795,795,왜,怎么，为什么,why,lexeme,부사,副,native,,왜ː,Korean Basic Dictionary,5,exact_ranked_gloss,dictionary_equivalent,0.91,high,
v01-c08-u03-013,1,8,3,796,796,출구,出口,exit; way out,lexeme,명사,名,hanja,出口,,Korean Basic Dictionary,3,exact_ambiguous_tie,dictionary_equivalent,0.45,low,
v01-c08-u03-014,1,8,3,797,797,일찍,早,early,lexeme,부사,副,native,,,Korean Basic Dictionary,2,exact_ambiguous_tie,dictionary_equivalent,0.45,low,
v01-c08-u03-015,1,8,3,798,798,언제나,总是,always; all the time,lexeme,부사,副,native,,언ː제나,Korean Basic Dictionary,3,exact_ranked_gloss,dictionary_equivalent,0.91,high,
v01-c08-u04-001,1,8,4,799,799,아직,还,yet; still,lexeme,부사,副,native,,,Korean Basic Dictionary,1,exact_unique_gloss,dictionary_equivalent,0.97,high,
v01-c08-u04-002,1,8,4,800,800,아마,也许，可能，恐怕,maybe; likely,lexeme,부사,副,native,,,Korean Basic Dictionary,1,exact_unique_gloss,dictionary_equivalent,0.97,high,
v01-c08-u04-003,1,8,4,801,801,통화하다,通话,talk over the telephone,lexeme,동사,动,hybrid,通話하다,,Korean Basic Dictionary,1,exact_unique_gloss,dictionary_equivalent,0.97,high,
v01-c08-u04-004,1,8,4,802,802,전화를 끊다,挂电话,hang up the phone,expression,표현,表达,expression,전화(電話) + 끊다(固),,Korean Basic Dictionary,0,component_match,editorial_override,0.42,low,Migrated from the reviewed Volume 1 edition.
v01-c08-u04-005,1,8,4,803,803,바꾸다,换,change; exchange; replace; turn into,lexeme,동사,动,native,,,Korean Basic Dictionary,6,exact_ambiguous_tie,dictionary_equivalent,0.45,low,
v01-c08-u04-006,1,8,4,804,804,통화 중이다,通话中,be on the phone; line is busy,expression,표현,表达,expression,통화(通話),,Korean Basic Dictionary,0,component_match,editorial_override,0.42,low,Migrated from the reviewed Volume 1 edition.
v01-c08-u04-007,1,8,4,805,805,전화를 받다,接电话,answer the phone,expression,표현,表达,expression,전화(電話) + 받다(固),,Korean Basic Dictionary,0,component_match,editorial_override,0.42,low,Migrated from the reviewed Volume 1 edition.
v01-c08-u04-008,1,8,4,806,806,코미디,喜剧,comedy,lexeme,명사,名,loanword,comedy,,Korean Basic Dictionary,2,exact_ambiguous_tie,dictionary_equivalent,0.45,low,
v01-c08-u04-009,1,8,4,807,807,포도,葡萄,grape,lexeme,명사,名,hanja,葡萄,,Korean Basic Dictionary,1,exact_unique_gloss,dictionary_equivalent,0.97,high,
v01-c08-u04-010,1,8,4,808,808,출장,出差,business trip,lexeme,명사,名,hanja,出張,출짱,Korean Basic Dictionary,1,exact_unique_gloss,dictionary_equivalent,0.97,high,
v01-c08-u04-011,1,8,4,809,809,다,都,all; everything,lexeme,명사,名,native,,다ː,Korean Basic Dictionary,12,exact_ambiguous_tie,dictionary_equivalent,0.45,low,
v01-c08-u04-012,1,8,4,810,810,심심하다,无聊，闲,bored,lexeme,형용사,形,native,,,Korean Basic Dictionary,4,exact_ranked_gloss,dictionary_equivalent,0.91,high,
v01-c08-u04-013,1,8,4,811,811,운전하다,开车,drive; operate,lexeme,동사,动,hybrid,運轉하다,운ː전하다,Korean Basic Dictionary,1,exact_unique_gloss,dictionary_equivalent,0.97,high,
v01-c08-u04-014,1,8,4,812,812,결혼하다,结婚,marry,lexeme,동사,动,hybrid,結婚하다,,Korean Basic Dictionary,1,exact_unique_gloss,dictionary_equivalent,0.97,high,
v01-c08-u04-015,1,8,4,813,813,아이,孩子,child; kid,lexeme,명사,名,native,,,Korean Basic Dictionary,11,exact_ambiguous_tie,dictionary_equivalent,0.45,low,
v01-c09-u01-001,1,9,1,814,814,봄,春天,spring,lexeme,명사,名,native,,,Korean Basic Dictionary,4,exact_ambiguous_tie,dictionary_equivalent,0.45,low,
v01-c09-u01-002,1,9,1,815,815,계절,季节,season,lexeme,명사,名,hanja,季節,계ː절/게ː절,Korean Basic Dictionary,3,exact_ambiguous_tie,dictionary_equivalent,0.45,low,
v01-c09-u01-003,1,9,1,816,816,스키,滑雪,ski,lexeme,명사,名,loanword,ski,,Korean Basic Dictionary,2,exact_ambiguous_tie,dictionary_equivalent,0.45,low,
v01-c09-u01-004,1,9,1,817,817,되다,到（时间），成为……,come; fall,lexeme,동사,动,native,,되다/뒈다,Korean Basic Dictionary,33,exact_ranked_gloss,dictionary_equivalent,0.91,high,
v01-c09-u01-005,1,9,1,818,818,스키장,滑雪场,ski resort,lexeme,명사,名,hybrid,ski場,,Korean Basic Dictionary,1,exact_unique_gloss,dictionary_equivalent,0.97,high,
v01-c09-u01-006,1,9,1,819,819,생각,主意，想法,opinion; view; feeling; idea,lexeme,명사,名,native,,,Korean Basic Dictionary,10,exact_ranked_gloss,dictionary_equivalent,0.91,high,
v01-c09-u01-007,1,9,1,820,820,딸기,草莓,strawberry,lexeme,명사,名,native,,딸ː기,Korean Basic Dictionary,1,exact_unique_gloss,dictionary_equivalent,0.97,high,
v01-c09-u01-008,1,9,1,821,821,개나리,迎春花,forsythia,lexeme,명사,名,native,,개ː나리,Korean Basic Dictionary,1,exact_unique_gloss,dictionary_equivalent,0.97,high,
v01-c09-u01-009,1,9,1,822,822,진달래,杜鹃花，金达莱,azalea,lexeme,명사,名,native,,,Korean Basic Dictionary,1,exact_unique_gloss,dictionary_equivalent,0.97,high,
v01-c09-u01-010,1,9,1,823,823,귤,橘子,tangerine; mandarin orange,lexeme,명사,名,hanja,橘,,Korean Basic Dictionary,1,exact_unique_gloss,dictionary_equivalent,0.97,high,
v01-c09-u01-011,1,9,1,824,824,수박,西瓜,watermelon,lexeme,명사,名,native,,수ː박,Korean Basic Dictionary,2,exact_unique_gloss,dictionary_equivalent,0.97,high,
v01-c09-u01-012,1,9,1,825,825,휴가,假，休假,leave; break; vacation,lexeme,명사,名,hanja,休暇,,Korean Basic Dictionary,1,exact_unique_gloss,dictionary_equivalent,0.97,high,
v01-c09-u01-013,1,9,1,826,826,방학,放假，假期,vacation,lexeme,명사,名,hanja,放學,방ː학,Korean Basic Dictionary,1,exact_unique_gloss,dictionary_equivalent,0.97,high,
v01-c09-u01-014,1,9,1,827,827,감,柿子,persimmon,lexeme,명사,名,native,,감ː,Korean Basic Dictionary,9,exact_ranked_gloss,dictionary_equivalent,0.91,high,
v01-c09-u01-015,1,9,1,828,828,단풍,红叶,autumn foliage,lexeme,명사,名,hanja,丹楓,,Korean Basic Dictionary,2,exact_ranked_gloss,dictionary_equivalent,0.91,high,
v01-c09-u01-016,1,9,1,829,829,여름,夏天,summer,lexeme,명사,名,native,,,Korean Basic Dictionary,1,exact_unique_gloss,dictionary_equivalent,0.97,high,
v01-c09-u01-017,1,9,1,830,830,가을,秋天,fall,lexeme,명사,名,native,,,Korean Basic Dictionary,1,exact_unique_gloss,dictionary_equivalent,0.97,high,
v01-c09-u01-018,1,9,1,831,831,겨울,冬天,winter,lexeme,명사,名,native,,,Korean Basic Dictionary,1,exact_unique_gloss,dictionary_equivalent,0.97,high,
v01-c09-u01-019,1,9,1,832,832,피다,开，绽放,bloom; blossom,lexeme,동사,动,native,,,Korean Basic Dictionary,10,exact_ranked_gloss,dictionary_equivalent,0.91,high,
v01-c09-u01-020,1,9,1,833,833,구경,观赏，观看,sightseeing,lexeme,명사,名,native,,구ː경,Korean Basic Dictionary,4,exact_ambiguous_tie,dictionary_equivalent,0.45,low,
v01-c09-u01-021,1,9,1,834,834,비빔냉면,拌冷面,spicy mixed cold noodles,expression,표현,表达,expression,,,,0,unmatched,editorial_override,0.15,low,Migrated from the reviewed Volume 1 edition.
v01-c09-u01-022,1,9,1,835,835,한가하다,闲,leisurely; unhurried; relaxed,lexeme,형용사,形,hybrid,閑暇하다,,Korean Basic Dictionary,1,exact_unique_gloss,dictionary_equivalent,0.97,high,
v01-c09-u01-023,1,9,1,836,836,도시,城市,city,lexeme,명사,名,hanja,都市,,Korean Basic Dictionary,1,exact_unique_gloss,dictionary_equivalent,0.97,high,
v01-c09-u01-024,1,9,1,837,837,시골,乡下，农村,rural area; countryside,lexeme,명사,名,native,,,Korean Basic Dictionary,2,exact_ranked_gloss,dictionary_equivalent,0.91,high,
v01-c09-u01-025,1,9,1,838,838,스케이트,滑冰,skating,lexeme,명사,名,loanword,skate,,Korean Basic Dictionary,2,exact_ranked_gloss,dictionary_equivalent,0.91,high,
v01-c09-u01-026,1,9,1,839,839,태권도,跆拳道,taegwondo; taekwondo,lexeme,명사,名,hanja,跆拳道,태꿘도,Korean Basic Dictionary,1,exact_unique_gloss,dictionary_equivalent,0.97,high,
v01-c09-u01-027,1,9,1,840,840,피아노,钢琴,piano,lexeme,명사,名,loanword,piano,,Korean Basic Dictionary,1,exact_unique_gloss,dictionary_equivalent,0.97,high,
v01-c09-u01-028,1,9,1,841,841,사계절,四季,four seasons,lexeme,명사,名,hanja,四季節,사ː계절/사ː게절,Korean Basic Dictionary,1,exact_unique_gloss,dictionary_equivalent,0.97,high,
v01-c09-u01-029,1,9,1,842,842,등산하다,爬山,hike; climb,lexeme,동사,动,hybrid,登山하다,,Korean Basic Dictionary,1,exact_unique_gloss,dictionary_equivalent,0.97,high,
v01-c09-u01-030,1,9,1,843,843,바람이 불다,刮风,the wind blows,expression,표현,表达,expression,바람(固) + 불다(固),,Korean Basic Dictionary,0,component_match,editorial_override,0.42,low,Migrated from the reviewed Volume 1 edition.
v01-c09-u01-031,1,9,1,844,844,의,……的,of; possessive particle,grammar,조사,助,grammar,属格助词,,Korean Basic Dictionary,11,editorial_override,editorial_override,1.0,verified,의 为属格助词；原英文 ui 只是罗马字，原 명사 词性错误。
v01-c09-u01-032,1,9,1,845,845,취미,爱好，兴趣,hobby,lexeme,명사,名,hanja,趣味,취ː미,Korean Basic Dictionary,3,exact_ranked_gloss,dictionary_equivalent,0.91,high,
v01-c09-u01-033,1,9,1,846,846,생활,生活,life,lexeme,명사,名,hanja,生活,,Korean Basic Dictionary,4,exact_ambiguous_tie,dictionary_equivalent,0.45,low,
v01-c09-u01-034,1,9,1,847,847,벚꽃,樱花,cherry blossom,lexeme,명사,名,native,,벋꼳,Korean Basic Dictionary,1,exact_unique_gloss,dictionary_equivalent,0.97,high,
v01-c09-u01-035,1,9,1,848,848,눈이 오다,下雪,it snows,expression,표현,表达,expression,오다(固),,Korean Basic Dictionary,0,component_match,editorial_override,0.42,low,Migrated from the reviewed Volume 1 edition.
v01-c09-u02-001,1,9,2,849,849,흐리다,阴,cloud; have a long face; look gloomy,lexeme,동사,动,native,,,Korean Basic Dictionary,11,exact_ambiguous_tie,dictionary_equivalent,0.45,low,
v01-c09-u02-002,1,9,2,850,850,하늘,天空,sky,lexeme,명사,名,native,,,Korean Basic Dictionary,25,exact_ranked_gloss,dictionary_equivalent,0.91,high,
v01-c09-u02-003,1,9,2,851,851,구름이 끼다,多云,be cloudy,expression,표현,表达,expression,구름(固) + 끼다(固),,Korean Basic Dictionary,0,component_match,editorial_override,0.42,low,Migrated from the reviewed Volume 1 edition.
v01-c09-u02-004,1,9,2,852,852,비가 오다,下雨,it rains,expression,표현,表达,expression,오다(固),,Korean Basic Dictionary,0,component_match,editorial_override,0.42,low,Migrated from the reviewed Volume 1 edition.
v01-c09-u02-005,1,9,2,853,853,맑다,晴,clear; fine,lexeme,형용사,形,native,,막따,Korean Basic Dictionary,6,exact_ranked_gloss,dictionary_equivalent,0.91,high,
v01-c09-u02-006,1,9,2,854,854,개다,晴,clear up; become clear,lexeme,동사,动,native,,개ː다,Korean Basic Dictionary,3,exact_ranked_gloss,dictionary_equivalent,0.91,high,
v01-c09-u02-007,1,9,2,855,855,안개가 끼다,有雾,be foggy,expression,표현,表达,expression,안개(固) + 끼다(固),,Korean Basic Dictionary,0,component_match,editorial_override,0.42,low,Migrated from the reviewed Volume 1 edition.
v01-c09-u02-008,1,9,2,856,856,비가 내리다,下雨,rain falls,expression,표현,表达,expression,내리다(固),,Korean Basic Dictionary,0,component_match,editorial_override,0.42,low,Migrated from the reviewed Volume 1 edition.
v01-c09-u02-009,1,9,2,857,857,비가 그치다,雨停,the rain stops,expression,표현,表达,expression,그치다(固),,Korean Basic Dictionary,0,component_match,editorial_override,0.42,low,Migrated from the reviewed Volume 1 edition.
v01-c09-u02-010,1,9,2,858,858,눈이 내리다,下雪,snow falls,expression,표현,表达,expression,내리다(固),,Korean Basic Dictionary,0,component_match,editorial_override,0.42,low,Migrated from the reviewed Volume 1 edition.
v01-c09-u02-011,1,9,2,859,859,눈이 그치다,雪停,the snow stops,expression,표현,表达,expression,그치다(固),,Korean Basic Dictionary,0,component_match,editorial_override,0.42,low,Migrated from the reviewed Volume 1 edition.
v01-c09-u02-012,1,9,2,860,860,바람이 불다,刮风,the wind blows,expression,표현,表达,expression,바람(固) + 불다(固),,Korean Basic Dictionary,0,component_match,editorial_override,0.42,low,Migrated from the reviewed Volume 1 edition.
v01-c09-u02-013,1,9,2,861,861,바람이 강하다,强风,the wind is strong,expression,표현,表达,expression,바람(固) + 강하다(剛하다),,Korean Basic Dictionary,0,component_match,editorial_override,0.42,low,Migrated from the reviewed Volume 1 edition.
v01-c09-u02-014,1,9,2,862,862,바람이 약하다,微风,the wind is light,expression,표현,表达,expression,바람(固) + 약하다(弱하다),,Korean Basic Dictionary,0,component_match,editorial_override,0.42,low,Migrated from the reviewed Volume 1 edition.
v01-c09-u02-015,1,9,2,863,863,신혼여행,新婚旅行,honeymoon,lexeme,명사,名,hanja,新婚旅行,신혼녀행,Korean Basic Dictionary,1,exact_unique_gloss,dictionary_equivalent,0.97,high,
v01-c09-u02-016,1,9,2,864,864,인터넷,（计算机）互联网,Internet,lexeme,명사,名,loanword,internet,,Korean Basic Dictionary,1,exact_unique_gloss,dictionary_equivalent,0.97,high,
v01-c09-u02-017,1,9,2,865,865,예매,预购,advance purchase,lexeme,명사,名,hanja,豫買,예ː매,Korean Basic Dictionary,1,exact_unique_gloss,dictionary_equivalent,0.97,high,
v01-c09-u02-018,1,9,2,866,866,후,之后,later time,lexeme,명사,名,hanja,後,후ː,Korean Basic Dictionary,3,exact_ranked_gloss,dictionary_equivalent,0.91,high,
v01-c09-u02-019,1,9,2,867,867,양말,袜子,sock,lexeme,명사,名,hanja,洋襪/洋韈,,Korean Basic Dictionary,1,exact_unique_gloss,dictionary_equivalent,0.97,high,
v01-c09-u02-020,1,9,2,868,868,신다,穿,put on; wear,lexeme,동사,动,native,,신ː따,Korean Basic Dictionary,1,exact_unique_gloss,dictionary_equivalent,0.97,high,
v01-c09-u02-021,1,9,2,869,869,외출하다,外出，出门,go out,lexeme,동사,动,hybrid,外出하다,외ː출하다/웨ː출하다,Korean Basic Dictionary,1,exact_unique_gloss,dictionary_equivalent,0.97,high,
v01-c09-u02-022,1,9,2,870,870,화장하다,化妆,put on make-up; adorn oneself,lexeme,동사,动,hybrid,化粧하다,,Korean Basic Dictionary,2,exact_ranked_gloss,dictionary_equivalent,0.91,high,
v01-c09-u02-023,1,9,2,871,871,잠옷,睡衣,nightclothes; sleepwear,lexeme,명사,名,native,,자몯,Korean Basic Dictionary,1,exact_unique_gloss,dictionary_equivalent,0.97,high,
v01-c09-u02-024,1,9,2,872,872,밤,夜,night; evening,lexeme,명사,名,native,,,Korean Basic Dictionary,2,exact_ranked_gloss,dictionary_equivalent,0.91,high,
v01-c09-u02-025,1,9,2,873,873,아내,妻子,wife,lexeme,명사,名,native,,,Korean Basic Dictionary,2,exact_unique_gloss,dictionary_equivalent,0.97,high,
v01-c09-u02-026,1,9,2,874,874,아들,儿子,son,lexeme,명사,名,native,,,Korean Basic Dictionary,1,exact_unique_gloss,dictionary_equivalent,0.97,high,
v01-c09-u02-027,1,9,2,875,875,딸,女儿,daughter,lexeme,명사,名,native,,,Korean Basic Dictionary,1,exact_unique_gloss,dictionary_equivalent,0.97,high,
v01-c09-u02-028,1,9,2,876,876,전남,全罗南道,South Jeolla Province,expression,표현,表达,expression,,,,0,unmatched,editorial_override,0.15,low,Migrated from the reviewed Volume 1 edition.
v01-c09-u02-029,1,9,2,877,877,생활 날씨,有关天气的生活资讯,daily-life weather information,expression,표현,表达,expression,생활(生活) + 날씨(固),,Korean Basic Dictionary,0,component_match,editorial_override,0.42,low,Migrated from the reviewed Volume 1 edition.
v01-c09-u02-030,1,9,2,878,878,우산,雨伞,umbrella; parasol,lexeme,명사,名,hanja,雨傘,우ː산,Korean Basic Dictionary,1,exact_unique_gloss,dictionary_equivalent,0.97,high,
v01-c09-u02-031,1,9,2,879,879,준비하다,准备,prepare,lexeme,동사,动,hybrid,準備하다,준ː비하다,Korean Basic Dictionary,1,exact_unique_gloss,dictionary_equivalent,0.97,high,
v01-c09-u02-032,1,9,2,880,880,실내,室内,interior of a room; indoor,lexeme,명사,名,hanja,室內,실래,Korean Basic Dictionary,1,exact_unique_gloss,dictionary_equivalent,0.97,high,
v01-c09-u02-033,1,9,2,881,881,일기예보,天气预报,weather forecast,expression,표현,表达,expression,,,,0,unmatched,editorial_override,0.15,low,Migrated from the reviewed Volume 1 edition.
v01-c09-u02-034,1,9,2,882,882,남쪽,南部，南方,south; southern area,lexeme,명사,名,hybrid,南쪽,,Korean Basic Dictionary,2,exact_ranked_gloss,dictionary_equivalent,0.91,high,
v01-c09-u02-035,1,9,2,883,883,지방,地区，地方,provinces; countryside,lexeme,명사,名,hanja,地方,,Korean Basic Dictionary,4,exact_ranked_gloss,dictionary_equivalent,0.91,high,
v01-c09-u02-036,1,9,2,884,884,출근,上班,going to work; arriving at work,lexeme,명사,名,hanja,出勤,,Korean Basic Dictionary,1,exact_unique_gloss,dictionary_equivalent,0.97,high,
v01-c09-u02-037,1,9,2,885,885,빨래,洗，（要洗的）衣物,laundry,lexeme,명사,名,native,,,Korean Basic Dictionary,2,exact_ranked_gloss,dictionary_equivalent,0.91,high,
v01-c09-u02-038,1,9,2,886,886,전국,全国,the entire nation,lexeme,명사,名,hanja,全國,,Korean Basic Dictionary,1,exact_unique_gloss,dictionary_equivalent,0.97,high,
v01-c09-u02-039,1,9,2,887,887,낮,白天,day; daytime,lexeme,명사,名,native,,낟,Korean Basic Dictionary,7,exact_ranked_gloss,dictionary_equivalent,0.91,high,
v01-c09-u03-001,1,9,3,888,888,보다,比,than; compared with,grammar,조사,助,native,,,Korean Basic Dictionary,48,editorial_override,editorial_override,1.0,verified,比较助词 보다。
v01-c09-u03-002,1,9,3,889,889,도,度（温度单位）,degree,lexeme,명사,名,hanja,度,도ː,Korean Basic Dictionary,19,editorial_override,editorial_override,1.0,verified,温度单位 도。
v01-c09-u03-003,1,9,3,890,890,덥다,热,hot,lexeme,형용사,形,native,,덥ː따,Korean Basic Dictionary,3,exact_ambiguous_tie,dictionary_equivalent,0.45,low,
v01-c09-u03-004,1,9,3,891,891,따뜻하다,温暖，暖和,warm,lexeme,형용사,形,native,,따뜨타다,Korean Basic Dictionary,2,exact_ambiguous_tie,dictionary_equivalent,0.45,low,
v01-c09-u03-005,1,9,3,892,892,선선하다,凉爽,cool; refreshing,lexeme,형용사,形,native,,,Korean Basic Dictionary,2,exact_ranked_gloss,dictionary_equivalent,0.91,high,
v01-c09-u03-006,1,9,3,893,893,쌀쌀하다,凉飕飕,chilly; rather cold,lexeme,형용사,形,native,,,Korean Basic Dictionary,2,exact_ranked_gloss,dictionary_equivalent,0.91,high,
v01-c09-u03-007,1,9,3,894,894,춥다,冷,cold,lexeme,형용사,形,native,,춥따,Korean Basic Dictionary,2,exact_ambiguous_tie,dictionary_equivalent,0.45,low,
v01-c09-u03-008,1,9,3,895,895,눈,眼睛,eye,lexeme,명사,名,native,,,Korean Basic Dictionary,103,exact_ambiguous_tie,dictionary_equivalent,0.45,low,
v01-c09-u03-009,1,9,3,896,896,귀걸이,耳环，耳饰,earrings,lexeme,명사,名,native,,귀거리,Korean Basic Dictionary,1,exact_unique_gloss,dictionary_equivalent,0.97,high,
v01-c09-u03-010,1,9,3,897,897,키,身高，个子,height,lexeme,명사,名,native,,,Korean Basic Dictionary,11,exact_ranked_gloss,dictionary_equivalent,0.91,high,
v01-c09-u03-011,1,9,3,898,898,습하다,潮湿,damp; humid,lexeme,형용사,形,hybrid,濕하다,스파다,Korean Basic Dictionary,1,exact_unique_gloss,dictionary_equivalent,0.97,high,
v01-c09-u03-012,1,9,3,899,899,바닷가,海边,beach; coast; seaside; seashore,lexeme,명사,名,native,,바다까/바닫까,Korean Basic Dictionary,1,exact_unique_gloss,dictionary_equivalent,0.97,high,
v01-c09-u03-013,1,9,3,900,900,더,更,more,lexeme,부사,副,native,,,Korean Basic Dictionary,4,exact_ranked_gloss,dictionary_equivalent,0.91,high,
v01-c09-u03-014,1,9,3,901,901,장마철,梅雨季,monsoon season,lexeme,명사,名,native,,,Korean Basic Dictionary,1,exact_unique_gloss,dictionary_equivalent,0.97,high,
v01-c09-u03-015,1,9,3,902,902,눈싸움,雪仗,snowball fight,lexeme,명사,名,native,,눈ː싸움,Korean Basic Dictionary,2,exact_ranked_gloss,dictionary_equivalent,0.91,high,
v01-c09-u04-001,1,9,4,903,903,등산,登山,hike; mountain climbing,lexeme,명사,名,hanja,登山,,Korean Basic Dictionary,1,exact_unique_gloss,dictionary_equivalent,0.97,high,
v01-c09-u04-002,1,9,4,904,904,수영,游泳,swimming,lexeme,명사,名,hanja,水泳,,Korean Basic Dictionary,1,exact_unique_gloss,dictionary_equivalent,0.97,high,
v01-c09-u04-003,1,9,4,905,905,소풍을 가다,去郊游,go on a picnic,expression,표현,表达,expression,소풍(逍風/消風) + 가다(固),,Korean Basic Dictionary,0,component_match,editorial_override,0.42,low,Migrated from the reviewed Volume 1 edition.
v01-c09-u04-004,1,9,4,906,906,꽃구경을 가다,去赏花,go flower viewing,expression,표현,表达,expression,가다(固),,Korean Basic Dictionary,0,component_match,editorial_override,0.42,low,Migrated from the reviewed Volume 1 edition.
v01-c09-u04-005,1,9,4,907,907,피서를 가다,去避暑,go away to escape the heat,expression,표현,表达,expression,피서(避暑) + 가다(固),,Korean Basic Dictionary,0,component_match,editorial_override,0.42,low,Migrated from the reviewed Volume 1 edition.
v01-c09-u04-006,1,9,4,908,908,해수욕장,海水浴场,beach,lexeme,명사,名,hanja,海水浴場,해ː수욕짱,Korean Basic Dictionary,1,exact_unique_gloss,dictionary_equivalent,0.97,high,
v01-c09-u04-007,1,9,4,909,909,야영을 하다,去野营,go camping,expression,표현,表达,expression,야영(野營) + 하다(固),,Korean Basic Dictionary,0,component_match,editorial_override,0.42,low,Migrated from the reviewed Volume 1 edition.
v01-c09-u04-008,1,9,4,910,910,독서하다,阅读,read,lexeme,동사,动,hybrid,讀書하다,독써하다,Korean Basic Dictionary,1,exact_unique_gloss,dictionary_equivalent,0.97,high,
v01-c09-u04-009,1,9,4,911,911,단풍 구경을 가다,去赏红叶,go autumn-leaf viewing,expression,표현,表达,expression,단풍(丹楓) + 구경(固) + 가다(固),,Korean Basic Dictionary,0,component_match,editorial_override,0.42,low,Migrated from the reviewed Volume 1 edition.
v01-c09-u04-010,1,9,4,912,912,눈사람을 만들다,堆雪人,make a snowman,expression,표현,表达,expression,눈사람(固) + 만들다(固),,Korean Basic Dictionary,0,component_match,editorial_override,0.42,low,Migrated from the reviewed Volume 1 edition.
v01-c09-u04-011,1,9,4,913,913,눈싸움을 하다,打雪仗,have a snowball fight,expression,표현,表达,expression,눈싸움(固) + 하다(固),,Korean Basic Dictionary,0,component_match,editorial_override,0.42,low,Migrated from the reviewed Volume 1 edition.
v01-c09-u04-012,1,9,4,914,914,스키를 타다,滑雪,ski,expression,표현,表达,expression,스키(ski) + 타다(固),,Korean Basic Dictionary,0,component_match,editorial_override,0.42,low,Migrated from the reviewed Volume 1 edition.
v01-c09-u04-013,1,9,4,915,915,나이,年龄,age,lexeme,명사,名,native,,,Korean Basic Dictionary,4,exact_unique_gloss,dictionary_equivalent,0.97,high,
v01-c09-u04-014,1,9,4,916,916,무게,重量,weight,lexeme,명사,名,native,,,Korean Basic Dictionary,5,exact_ambiguous_tie,dictionary_equivalent,0.45,low,
v01-c09-u04-015,1,9,4,917,917,목,脖子,neck,lexeme,명사,名,native,,,Korean Basic Dictionary,33,exact_ambiguous_tie,dictionary_equivalent,0.45,low,
v01-c09-u04-016,1,9,4,918,918,길이,长度,length; distance,lexeme,명사,名,native,,기리,Korean Basic Dictionary,5,exact_ambiguous_tie,dictionary_equivalent,0.45,low,
v01-c09-u04-017,1,9,4,919,919,편,篇，部,counter for works and films,lexeme,의존 명사,依存名,hanja,篇,,Korean Basic Dictionary,9,editorial_override,editorial_override,1.0,verified,편 为篇章、影视作品等的量词；原英文 pyeon 只是罗马字。
v01-c09-u04-018,1,9,4,920,920,출연료,片酬，演出费,performance fee; appearance fee,lexeme,명사,名,hanja,出演料,추련뇨,Korean Basic Dictionary,1,exact_unique_gloss,dictionary_equivalent,0.97,high,
v01-c09-u04-019,1,9,4,921,921,모래,沙子,sand,lexeme,명사,名,native,,,Korean Basic Dictionary,2,exact_unique_gloss,dictionary_equivalent,0.97,high,
v01-c09-u04-020,1,9,4,922,922,짓다,建造，造,make,lexeme,동사,动,native,,짇ː따,Korean Basic Dictionary,13,exact_ranked_gloss,dictionary_equivalent,0.91,high,
v01-c09-u04-021,1,9,4,923,923,요즘,最近，这几天,nowadays; these days,lexeme,명사,名,native,,,Korean Basic Dictionary,1,exact_unique_gloss,dictionary_equivalent,0.97,high,
v01-c09-u04-022,1,9,4,924,924,강릉,江陵,Gangneung,expression,표현,表达,expression,,,,0,unmatched,editorial_override,0.15,low,Migrated from the reviewed Volume 1 edition.
v01-c09-u04-023,1,9,4,925,925,이해하다,理解,understand; comprehend; figure out,lexeme,동사,动,hybrid,理解하다,이ː해하다,Korean Basic Dictionary,3,exact_ambiguous_tie,dictionary_equivalent,0.45,low,
v01-c09-u04-024,1,9,4,926,926,웃다,笑,smile,lexeme,동사,动,native,,욷ː따,Korean Basic Dictionary,6,exact_ambiguous_tie,dictionary_equivalent,0.45,low,
v01-c09-u04-025,1,9,4,927,927,인구,人口,population,lexeme,명사,名,hanja,人口,,Korean Basic Dictionary,3,exact_ambiguous_tie,dictionary_equivalent,0.45,low,
v01-c09-u04-026,1,9,4,928,928,억,亿,hundred million,lexeme,수사,数,hanja,億,,Korean Basic Dictionary,3,exact_ambiguous_tie,dictionary_equivalent,0.45,low,
v01-c09-u04-027,1,9,4,929,929,평균수명,平均寿命,average life expectancy,expression,표현,表达,expression,,,,0,unmatched,editorial_override,0.15,low,Migrated from the reviewed Volume 1 edition.
v01-c09-u04-028,1,9,4,930,930,세,岁（表示年龄）,years old (age counter),lexeme,의존 명사,依存名,hanja,世,세ː,Korean Basic Dictionary,9,editorial_override,editorial_override,1.0,verified,세 为年龄单位“岁”；原英文 se 只是罗马字。
v01-c10-u01-001,1,10,1,931,931,초,初,beginning,lexeme,의존 명사,依存名,hanja,初,,Korean Basic Dictionary,5,exact_ranked_gloss,dictionary_equivalent,0.91,high,
v01-c10-u01-002,1,10,1,932,932,끝나다,结束,end; finish,lexeme,동사,动,native,,끈나다,Korean Basic Dictionary,8,exact_ambiguous_tie,dictionary_equivalent,0.45,low,
v01-c10-u01-003,1,10,1,933,933,찍다,拍（照片）,take,lexeme,동사,动,native,,찍따,Korean Basic Dictionary,13,exact_ranked_gloss,dictionary_equivalent,0.91,high,
v01-c10-u01-004,1,10,1,934,934,공휴일,公休日,public holiday,lexeme,명사,名,hanja,公休日,,Korean Basic Dictionary,1,exact_unique_gloss,dictionary_equivalent,0.97,high,
v01-c10-u01-005,1,10,1,935,935,휴일,假日，休息日,holiday,lexeme,명사,名,hanja,休日,,Korean Basic Dictionary,1,exact_unique_gloss,dictionary_equivalent,0.97,high,
v01-c10-u01-006,1,10,1,936,936,연휴,连休,consecutive holidays,lexeme,명사,名,hanja,連休,,Korean Basic Dictionary,1,exact_unique_gloss,dictionary_equivalent,0.97,high,
v01-c10-u01-007,1,10,1,937,937,방학,放假，假期,vacation,lexeme,명사,名,hanja,放學,방ː학,Korean Basic Dictionary,1,exact_unique_gloss,dictionary_equivalent,0.97,high,
v01-c10-u01-008,1,10,1,938,938,휴가,假，休假,leave; break; vacation,lexeme,명사,名,hanja,休暇,,Korean Basic Dictionary,1,exact_unique_gloss,dictionary_equivalent,0.97,high,
v01-c10-u01-009,1,10,1,939,939,계획이 없다,没有计划,have no plans,expression,표현,表达,expression,계획(計劃/計畫) + 없다(固),,Korean Basic Dictionary,0,component_match,editorial_override,0.42,low,Migrated from the reviewed Volume 1 edition.
v01-c10-u01-010,1,10,1,940,940,계획을 세우다,订计划,make a plan,expression,표현,表达,expression,계획(計劃/計畫) + 세우다(固),,Korean Basic Dictionary,0,component_match,editorial_override,0.42,low,Migrated from the reviewed Volume 1 edition.
v01-c10-u01-011,1,10,1,941,941,계획이 있다,有计划,have plans,expression,표현,表达,expression,계획(計劃/計畫) + 있다(固),,Korean Basic Dictionary,0,component_match,editorial_override,0.42,low,Migrated from the reviewed Volume 1 edition.
v01-c10-u01-012,1,10,1,942,942,이제,现在,now,lexeme,명사,名,native,,,Korean Basic Dictionary,5,exact_ambiguous_tie,dictionary_equivalent,0.45,low,
v01-c10-u01-013,1,10,1,943,943,설날,春节,Seollal,lexeme,명사,名,native,,설ː랄,Korean Basic Dictionary,1,exact_unique_gloss,dictionary_equivalent,0.97,high,
v01-c10-u01-014,1,10,1,944,944,중학교,中学,middle school,lexeme,명사,名,hanja,中學校,중학꾜,Korean Basic Dictionary,1,exact_unique_gloss,dictionary_equivalent,0.97,high,
v01-c10-u01-015,1,10,1,945,945,사귀다,结交，交往,get along with; go around with; go out with,lexeme,동사,动,native,,,Korean Basic Dictionary,1,exact_unique_gloss,dictionary_equivalent,0.97,high,
v01-c10-u01-016,1,10,1,946,946,되다,成为,become,lexeme,동사,动,native,,되다/뒈다,Korean Basic Dictionary,33,exact_ambiguous_tie,dictionary_equivalent,0.45,low,
v01-c10-u01-017,1,10,1,947,947,비자,签证,visa,lexeme,명사,名,loanword,visa,,Korean Basic Dictionary,1,exact_unique_gloss,dictionary_equivalent,0.97,high,
v01-c10-u01-018,1,10,1,948,948,필요하다,需要,necessary; needed,lexeme,형용사,形,hybrid,必要하다,피료하다,Korean Basic Dictionary,1,exact_unique_gloss,dictionary_equivalent,0.97,high,
v01-c10-u01-019,1,10,1,949,949,동안,期间,while,lexeme,명사,名,native,,,Korean Basic Dictionary,2,exact_ranked_gloss,dictionary_equivalent,0.91,high,
v01-c10-u01-020,1,10,1,950,950,학기,学期,semester; term,lexeme,명사,名,hanja,學期,학끼,Korean Basic Dictionary,1,exact_unique_gloss,dictionary_equivalent,0.97,high,
v01-c10-u01-021,1,10,1,951,951,숙박,住宿,lodging; staying,lexeme,명사,名,hanja,宿泊,숙빡,Korean Basic Dictionary,1,exact_unique_gloss,dictionary_equivalent,0.97,high,
v01-c10-u01-022,1,10,1,952,952,준비물,准备物品,supplies,lexeme,명사,名,hanja,準備物,준ː비물,Korean Basic Dictionary,1,exact_unique_gloss,dictionary_equivalent,0.97,high,
v01-c10-u01-023,1,10,1,953,953,등산화,登山鞋,hiking boots,lexeme,명사,名,hanja,登山靴,,Korean Basic Dictionary,1,exact_unique_gloss,dictionary_equivalent,0.97,high,
v01-c10-u01-024,1,10,1,954,954,밀리다,堆积,be left undone,lexeme,동사,动,native,,,Korean Basic Dictionary,6,exact_ranked_gloss,dictionary_equivalent,0.91,high,
v01-c10-u01-025,1,10,1,955,955,이곳저곳,到处，各处,here and there,lexeme,명사,名,native,,이곧쩌곧,Korean Basic Dictionary,1,exact_unique_gloss,dictionary_equivalent,0.97,high,
v01-c10-u01-026,1,10,1,956,956,틈틈이,一有空，得空,in spare moments,lexeme,부사,副,native,,틈트미,Korean Basic Dictionary,2,exact_ranked_gloss,dictionary_equivalent,0.91,high,
v01-c10-u01-027,1,10,1,957,957,휴가철,假期,holiday season; vacation season,lexeme,명사,名,hybrid,休暇철,,Korean Basic Dictionary,1,exact_unique_gloss,dictionary_equivalent,0.97,high,
v01-c10-u01-028,1,10,1,958,958,방문,访问,visit,lexeme,명사,名,hanja,訪問,방ː문,Korean Basic Dictionary,2,exact_ranked_gloss,dictionary_equivalent,0.91,high,
v01-c10-u01-029,1,10,1,959,959,그러니까,所以，那么,so,lexeme,부사,副,native,,,Korean Basic Dictionary,3,exact_ranked_gloss,dictionary_equivalent,0.91,high,
v01-c10-u01-030,1,10,1,960,960,아니면,或者,or; otherwise,expression,표현,表达,expression,,,,0,unmatched,editorial_override,0.15,low,Migrated from the reviewed Volume 1 edition.
v01-c10-u02-001,1,10,2,961,961,주로,主要,usually,lexeme,부사,副,hybrid,主로,,Korean Basic Dictionary,1,exact_unique_gloss,dictionary_equivalent,0.97,high,
v01-c10-u02-002,1,10,2,962,962,중,……当中,A bound noun used to refer to something out of many.,lexeme,의존 명사,依存名,hanja,中,,Korean Basic Dictionary,11,exact_ranked_gloss,dictionary_definition,0.91,high,
v01-c10-u02-003,1,10,2,963,963,제일,最,first,lexeme,명사,名,hanja,第一,제ː일,Korean Basic Dictionary,3,exact_ambiguous_tie,dictionary_equivalent,0.45,low,
v01-c10-u02-004,1,10,2,964,964,영화 보기,看电影,watching movies,expression,표현,表达,expression,영화(映畫) + 보기(固),,Korean Basic Dictionary,0,component_match,editorial_override,0.42,low,Migrated from the reviewed Volume 1 edition.
v01-c10-u02-005,1,10,2,965,965,영화 감상,电影欣赏,movie appreciation,expression,표현,表达,expression,영화(映畫) + 감상(鑑賞),,Korean Basic Dictionary,0,component_match,editorial_override,0.42,low,Migrated from the reviewed Volume 1 edition.
v01-c10-u02-006,1,10,2,966,966,음악 듣기,听音乐,listening to music,expression,표현,表达,expression,음악(音樂) + 듣기(固),,Korean Basic Dictionary,0,component_match,editorial_override,0.42,low,Migrated from the reviewed Volume 1 edition.
v01-c10-u02-007,1,10,2,967,967,음악 감상,音乐欣赏,music appreciation,expression,표현,表达,expression,음악(音樂) + 감상(鑑賞),,Korean Basic Dictionary,0,component_match,editorial_override,0.42,low,Migrated from the reviewed Volume 1 edition.
v01-c10-u02-008,1,10,2,968,968,독서,阅读，读书,reading,lexeme,명사,名,hanja,讀書,독써,Korean Basic Dictionary,1,exact_unique_gloss,dictionary_equivalent,0.97,high,
v01-c10-u02-009,1,10,2,969,969,사진 찍기,拍照,taking photos,expression,표현,表达,expression,사진(寫眞),,Korean Basic Dictionary,0,component_match,editorial_override,0.42,low,Migrated from the reviewed Volume 1 edition.
v01-c10-u02-010,1,10,2,970,970,그림 그리기,画画,drawing pictures,expression,표현,表达,expression,그림(固) + 그리기(固),,Korean Basic Dictionary,0,component_match,editorial_override,0.42,low,Migrated from the reviewed Volume 1 edition.
v01-c10-u02-011,1,10,2,971,971,노래 부르기,唱歌,singing,expression,표현,表达,expression,노래(固),,Korean Basic Dictionary,0,component_match,editorial_override,0.42,low,Migrated from the reviewed Volume 1 edition.
v01-c10-u02-012,1,10,2,972,972,춤 추기,跳舞,dancing,expression,표현,表达,expression,춤(固),,Korean Basic Dictionary,0,component_match,editorial_override,0.42,low,Migrated from the reviewed Volume 1 edition.
v01-c10-u02-013,1,10,2,973,973,여행,旅行,travel; trip,lexeme,명사,名,hanja,旅行,,Korean Basic Dictionary,1,exact_unique_gloss,dictionary_equivalent,0.97,high,
v01-c10-u02-014,1,10,2,974,974,등산,登山,hike; mountain climbing,lexeme,명사,名,hanja,登山,,Korean Basic Dictionary,1,exact_unique_gloss,dictionary_equivalent,0.97,high,
v01-c10-u02-015,1,10,2,975,975,낚시,钓鱼,fishing hook,lexeme,명사,名,native,,낙씨,Korean Basic Dictionary,5,exact_ambiguous_tie,dictionary_equivalent,0.45,low,
v01-c10-u02-016,1,10,2,976,976,운동,运动,exercise,lexeme,명사,名,hanja,運動,운ː동,Korean Basic Dictionary,4,exact_ambiguous_tie,dictionary_equivalent,0.45,low,
v01-c10-u02-017,1,10,2,977,977,바둑,围棋,game of go,lexeme,명사,名,native,,,Korean Basic Dictionary,1,exact_unique_gloss,dictionary_equivalent,0.97,high,
v01-c10-u02-018,1,10,2,978,978,컴퓨터 게임,电脑游戏,computer game,expression,표현,表达,loanword,computer game,,Korean Basic Dictionary,1,exact_unique_gloss,dictionary_equivalent,0.97,high,
v01-c10-u02-019,1,10,2,979,979,요리,料理,dish,lexeme,명사,名,hanja,料理,,Korean Basic Dictionary,4,exact_ambiguous_tie,dictionary_equivalent,0.45,low,
v01-c10-u02-020,1,10,2,980,980,매일,每天,every day; every single day,lexeme,부사,副,hanja,每日,매ː일,Korean Basic Dictionary,2,exact_ranked_gloss,dictionary_equivalent,0.91,high,
v01-c10-u02-021,1,10,2,981,981,노래방,练歌厅，KTV,noraebang; singing room,lexeme,명사,名,hybrid,노래房,,Korean Basic Dictionary,1,exact_unique_gloss,dictionary_equivalent,0.97,high,
v01-c10-u02-022,1,10,2,982,982,때,……的时候,time,lexeme,명사,名,native,,,Korean Basic Dictionary,12,exact_ambiguous_tie,dictionary_equivalent,0.45,low,
v01-c10-u02-023,1,10,2,983,983,우울하다,忧郁,low-spirited; melancholy; blue,lexeme,형용사,形,hybrid,憂鬱하다,,Korean Basic Dictionary,1,exact_unique_gloss,dictionary_equivalent,0.97,high,
v01-c10-u02-024,1,10,2,984,984,강,江，河,river,lexeme,명사,名,hanja,江,,Korean Basic Dictionary,3,exact_unique_gloss,dictionary_equivalent,0.97,high,
v01-c10-u02-025,1,10,2,985,985,책방,书店,bookstore,lexeme,명사,名,hanja,冊房,책빵,Korean Basic Dictionary,1,exact_unique_gloss,dictionary_equivalent,0.97,high,
v01-c10-u02-026,1,10,2,986,986,경치,景色，风景,scenery; scene; view,lexeme,명사,名,hanja,景致,,Korean Basic Dictionary,1,exact_unique_gloss,dictionary_equivalent,0.97,high,
v01-c10-u03-001,1,10,3,987,987,슬프다,悲伤,sad,lexeme,형용사,形,native,,,Korean Basic Dictionary,1,exact_unique_gloss,dictionary_equivalent,0.97,high,
v01-c10-u03-002,1,10,3,988,988,어렵다,难,difficult; challenging,lexeme,형용사,形,native,,어렵따,Korean Basic Dictionary,9,exact_ambiguous_tie,dictionary_equivalent,0.45,low,
v01-c10-u03-003,1,10,3,989,989,인터넷,网络,Internet,lexeme,명사,名,loanword,internet,,Korean Basic Dictionary,1,exact_unique_gloss,dictionary_equivalent,0.97,high,
v01-c10-u03-004,1,10,3,990,990,예매하다,预购,purchase in advance,lexeme,동사,动,hybrid,豫買하다,예ː매하다,Korean Basic Dictionary,1,exact_unique_gloss,dictionary_equivalent,0.97,high,
v01-c10-u03-005,1,10,3,991,991,편하다,方便，舒服,comfortable; easy; peaceful,lexeme,형용사,形,hybrid,便하다,,Korean Basic Dictionary,2,exact_ambiguous_tie,dictionary_equivalent,0.45,low,
v01-c10-u03-006,1,10,3,992,992,공포 영화,恐怖片,horror film,expression,표현,表达,expression,공포(恐怖) + 영화(映畫),,Korean Basic Dictionary,0,component_match,editorial_override,0.42,low,Migrated from the reviewed Volume 1 edition.
v01-c10-u03-007,1,10,3,993,993,액션 영화,动作片,action film,expression,표현,表达,expression,액션(action) + 영화(映畫),,Korean Basic Dictionary,0,component_match,editorial_override,0.42,low,Migrated from the reviewed Volume 1 edition.
v01-c10-u03-008,1,10,3,994,994,코미디 영화,喜剧片,comedy film,expression,표현,表达,expression,코미디(comedy) + 영화(映畫),,Korean Basic Dictionary,0,component_match,editorial_override,0.42,low,Migrated from the reviewed Volume 1 edition.
v01-c10-u03-009,1,10,3,995,995,전쟁 영화,战争片,war film,expression,표현,表达,expression,전쟁(戰爭) + 영화(映畫),,Korean Basic Dictionary,0,component_match,editorial_override,0.42,low,Migrated from the reviewed Volume 1 edition.
v01-c10-u03-010,1,10,3,996,996,만화 영화,动画片,animation; cartoon film,expression,표현,表达,hanja,漫畫映畫,,Korean Basic Dictionary,1,exact_unique_gloss,dictionary_equivalent,0.97,high,
v01-c10-u03-011,1,10,3,997,997,멜로 영화,爱情片,romance film,expression,표현,表达,expression,영화(映畫),,Korean Basic Dictionary,0,component_match,editorial_override,0.42,low,Migrated from the reviewed Volume 1 edition.
v01-c10-u03-012,1,10,3,998,998,공상 과학 영화,科幻片,science-fiction film,expression,표현,表达,expression,공상(空想) + 과학(科學) + 영화(映畫),,Korean Basic Dictionary,0,component_match,editorial_override,0.42,low,Migrated from the reviewed Volume 1 edition.
v01-c10-u03-013,1,10,3,999,999,가족 영화,家庭影片,family film,expression,표현,表达,expression,가족(家族) + 영화(映畫),,Korean Basic Dictionary,0,component_match,editorial_override,0.42,low,Migrated from the reviewed Volume 1 edition.
v01-c10-u03-014,1,10,3,1000,1000,무섭다,害怕,fearful; scared of,lexeme,형용사,形,native,,무섭따,Korean Basic Dictionary,4,exact_ranked_gloss,dictionary_equivalent,0.91,high,
v01-c10-u03-015,1,10,3,1001,1001,너무,过于，太,too,lexeme,부사,副,native,,,Korean Basic Dictionary,1,exact_unique_gloss,dictionary_equivalent,0.97,high,
v01-c10-u03-016,1,10,3,1002,1002,귀엽다,可爱,cute; adorable; sweet,lexeme,형용사,形,native,,귀ː엽따,Korean Basic Dictionary,2,exact_unique_gloss,dictionary_equivalent,0.97,high,
v01-c10-u03-017,1,10,3,1003,1003,로봇,机器人,robot,lexeme,명사,名,loanword,robot,,Korean Basic Dictionary,2,exact_ambiguous_tie,dictionary_equivalent,0.45,low,
v01-c10-u03-018,1,10,3,1004,1004,세상,世上，世界,world,lexeme,명사,名,hanja,世上,세ː상,Korean Basic Dictionary,16,exact_ranked_gloss,dictionary_equivalent,0.91,high,
v01-c10-u03-019,1,10,3,1005,1005,총,枪,gun; rifle; machine gun,lexeme,명사,名,hanja,銃,,Korean Basic Dictionary,2,exact_ranked_gloss,dictionary_equivalent,0.91,high,
v01-c10-u03-020,1,10,3,1006,1006,칼,刀,knife,lexeme,명사,名,native,,,Korean Basic Dictionary,7,exact_unique_gloss,dictionary_equivalent,0.97,high,
v01-c10-u03-021,1,10,3,1007,1007,주인공,主人公,main character,lexeme,명사,名,hanja,主人公,,Korean Basic Dictionary,3,exact_ambiguous_tie,dictionary_equivalent,0.45,low,
v01-c10-u03-022,1,10,3,1008,1008,예약하다,预约，预订,make a reservation; book,lexeme,동사,动,hybrid,豫約하다,예ː야카다,Korean Basic Dictionary,1,exact_unique_gloss,dictionary_equivalent,0.97,high,
v01-c10-u03-023,1,10,3,1009,1009,음악회,音乐会,music concert,lexeme,명사,名,hanja,音樂會,으마쾨/으마퀘,Korean Basic Dictionary,1,exact_unique_gloss,dictionary_equivalent,0.97,high,
v01-c10-u03-024,1,10,3,1010,1010,축구,足球,soccer,lexeme,명사,名,hanja,蹴球,축꾸,Korean Basic Dictionary,2,exact_ranked_gloss,dictionary_equivalent,0.91,high,
v01-c10-u03-025,1,10,3,1011,1011,경기,比赛,game; match,lexeme,명사,名,hanja,競技,경ː기,Korean Basic Dictionary,3,exact_ranked_gloss,dictionary_equivalent,0.91,high,
v01-c10-u03-026,1,10,3,1012,1012,외식,到外面用餐,eating out; meal in a restaurant,lexeme,명사,名,hanja,外食,외ː식/웨ː식,Korean Basic Dictionary,1,exact_unique_gloss,dictionary_equivalent,0.97,high,
v01-c10-u03-027,1,10,3,1013,1013,감동적,令人感动的,moving; touching; stirring,lexeme,명사,名,hanja,感動的,감ː동적,Korean Basic Dictionary,2,exact_ambiguous_tie,dictionary_equivalent,0.45,low,
v01-c10-u03-028,1,10,3,1014,1014,살,岁（表示年龄）,years old,lexeme,의존 명사,依存名,native,,,Korean Basic Dictionary,21,exact_ranked_gloss,dictionary_equivalent,0.91,high,
v01-c10-u03-029,1,10,3,1015,1015,아이,孩子,child; kid,lexeme,명사,名,native,,,Korean Basic Dictionary,11,exact_ambiguous_tie,dictionary_equivalent,0.45,low,
v01-c10-u03-030,1,10,3,1016,1016,병,病,disease,lexeme,명사,名,hanja,病,병ː,Korean Basic Dictionary,8,exact_ambiguous_tie,dictionary_equivalent,0.45,low,
v01-c10-u03-031,1,10,3,1017,1017,때문에,因为……,because of,expression,표현,表达,expression,때문(固),,Korean Basic Dictionary,0,component_match,editorial_override,0.42,low,Migrated from the reviewed Volume 1 edition.
v01-c10-u03-032,1,10,3,1018,1018,병에 걸리다,生病,get sick,expression,표현,表达,expression,걸리다(固),,Korean Basic Dictionary,0,component_match,editorial_override,0.42,low,Migrated from the reviewed Volume 1 edition.
v01-c10-u03-033,1,10,3,1019,1019,죽다,去世，死,die,lexeme,동사,动,native,,죽따,Korean Basic Dictionary,28,exact_ambiguous_tie,dictionary_equivalent,0.45,low,
v01-c10-u03-034,1,10,3,1020,1020,꼭,一定,without fail; at any cost; certainly,lexeme,부사,副,native,,,Korean Basic Dictionary,8,exact_ranked_gloss,dictionary_equivalent,0.91,high,
v01-c10-u03-035,1,10,3,1021,1021,울다,哭,cry,lexeme,동사,动,native,,울ː다,Korean Basic Dictionary,11,exact_ambiguous_tie,dictionary_equivalent,0.45,low,
v01-c10-u03-036,1,10,3,1022,1022,배우,演员,actor; actress,lexeme,명사,名,hanja,俳優,,Korean Basic Dictionary,1,exact_unique_gloss,dictionary_equivalent,0.97,high,
v01-c10-u03-037,1,10,3,1023,1023,감독,导演,director; coach,lexeme,명사,名,hanja,監督,,Korean Basic Dictionary,3,exact_ranked_gloss,dictionary_equivalent,0.91,high,
v01-c10-u04-001,1,10,4,1024,1024,탁구를 치다,打乒乓球,play table tennis,expression,표현,表达,expression,탁구(卓球) + 치다(固),,Korean Basic Dictionary,0,component_match,editorial_override,0.42,low,Migrated from the reviewed Volume 1 edition.
v01-c10-u04-002,1,10,4,1025,1025,마다,每,every; each,grammar,조사,助,native,,,Korean Basic Dictionary,2,editorial_override,editorial_override,1.0,verified,마다 表示“每/各”；原英文 mada 只是罗马字。
v01-c10-u04-003,1,10,4,1026,1026,배우다,学习,learn,lexeme,동사,动,native,,,Korean Basic Dictionary,5,exact_ambiguous_tie,dictionary_equivalent,0.45,low,
v01-c10-u04-004,1,10,4,1027,1027,별로,不太，不怎么,specially; particularly,lexeme,부사,副,hybrid,別로,,Korean Basic Dictionary,1,exact_unique_gloss,dictionary_equivalent,0.97,high,
v01-c10-u04-005,1,10,4,1028,1028,축구,足球,soccer,lexeme,명사,名,hanja,蹴球,축꾸,Korean Basic Dictionary,2,exact_ranked_gloss,dictionary_equivalent,0.91,high,
v01-c10-u04-006,1,10,4,1029,1029,등산,登山,hike; mountain climbing,lexeme,명사,名,hanja,登山,,Korean Basic Dictionary,1,exact_unique_gloss,dictionary_equivalent,0.97,high,
v01-c10-u04-007,1,10,4,1030,1030,야구,棒球,baseball,lexeme,명사,名,hanja,野球,야ː구,Korean Basic Dictionary,1,exact_unique_gloss,dictionary_equivalent,0.97,high,
v01-c10-u04-008,1,10,4,1031,1031,농구,篮球,basketball,lexeme,명사,名,hanja,籠球,,Korean Basic Dictionary,1,exact_unique_gloss,dictionary_equivalent,0.97,high,
v01-c10-u04-009,1,10,4,1032,1032,배구,排球,volleyball,lexeme,명사,名,hanja,排球,,Korean Basic Dictionary,1,exact_unique_gloss,dictionary_equivalent,0.97,high,
v01-c10-u04-010,1,10,4,1033,1033,태권도,跆拳道,taegwondo; taekwondo,lexeme,명사,名,hanja,跆拳道,태꿘도,Korean Basic Dictionary,1,exact_unique_gloss,dictionary_equivalent,0.97,high,
v01-c10-u04-011,1,10,4,1034,1034,골프,高尔夫,golf,lexeme,명사,名,loanword,golf,,Korean Basic Dictionary,1,exact_unique_gloss,dictionary_equivalent,0.97,high,
v01-c10-u04-012,1,10,4,1035,1035,테니스,网球,tennis,lexeme,명사,名,loanword,tennis,,Korean Basic Dictionary,1,exact_unique_gloss,dictionary_equivalent,0.97,high,
v01-c10-u04-013,1,10,4,1036,1036,탁구,乒乓球,table tennis; ping-pong,lexeme,명사,名,hanja,卓球,탁꾸,Korean Basic Dictionary,1,exact_unique_gloss,dictionary_equivalent,0.97,high,
v01-c10-u04-014,1,10,4,1037,1037,당구,台球,billiards; pool,lexeme,명사,名,hanja,撞球,,Korean Basic Dictionary,1,exact_unique_gloss,dictionary_equivalent,0.97,high,
v01-c10-u04-015,1,10,4,1038,1038,배드민턴,羽毛球,badminton,lexeme,명사,名,loanword,badminton,,Korean Basic Dictionary,1,exact_unique_gloss,dictionary_equivalent,0.97,high,
v01-c10-u04-016,1,10,4,1039,1039,스키,滑雪,ski,lexeme,명사,名,loanword,ski,,Korean Basic Dictionary,2,exact_ambiguous_tie,dictionary_equivalent,0.45,low,
v01-c10-u04-017,1,10,4,1040,1040,스케이트,滑冰,skating,lexeme,명사,名,loanword,skate,,Korean Basic Dictionary,2,exact_ranked_gloss,dictionary_equivalent,0.91,high,
v01-c10-u04-018,1,10,4,1041,1041,스노보드,单板滑雪,snowboard,lexeme,명사,名,loanword,snowboard,,Korean Basic Dictionary,1,exact_unique_gloss,dictionary_equivalent,0.97,high,
v01-c10-u04-019,1,10,4,1042,1042,자전거,自行车,bicycle,lexeme,명사,名,hanja,自轉車,,Korean Basic Dictionary,1,exact_unique_gloss,dictionary_equivalent,0.97,high,
v01-c10-u04-020,1,10,4,1043,1043,치다,打，击,play,lexeme,동사,动,native,,,Korean Basic Dictionary,51,exact_ranked_gloss,dictionary_equivalent,0.91,high,
v01-c10-u04-021,1,10,4,1044,1044,공,球,ball,lexeme,명사,名,native,,공ː,Korean Basic Dictionary,7,exact_ranked_gloss,dictionary_equivalent,0.91,high,
v01-c10-u04-022,1,10,4,1045,1045,사용하다,使用,use,lexeme,동사,动,hybrid,使用하다,사ː용하다,Korean Basic Dictionary,2,exact_ranked_gloss,dictionary_equivalent,0.91,high,
v01-c10-u04-023,1,10,4,1046,1046,팀,组，队,team,lexeme,명사,名,loanword,team,,Korean Basic Dictionary,2,exact_ambiguous_tie,dictionary_equivalent,0.45,low,
v01-c10-u04-024,1,10,4,1047,1047,샤워를 하다,洗澡,take a shower,expression,표현,表达,expression,샤워(shower) + 하다(固),,Korean Basic Dictionary,0,component_match,editorial_override,0.42,low,Migrated from the reviewed Volume 1 edition.
v01-c10-u04-025,1,10,4,1048,1048,머리를 감다,洗头发,wash one's hair,expression,표현,表达,expression,머리(固) + 감다(固),,Korean Basic Dictionary,0,component_match,editorial_override,0.42,low,Migrated from the reviewed Volume 1 edition.
v01-c10-u04-026,1,10,4,1049,1049,모니터,（计算机）显示器，监视器,monitor; screen,lexeme,명사,名,loanword,monitor,,Korean Basic Dictionary,3,exact_ranked_gloss,dictionary_equivalent,0.91,high,
v01-c10-u04-027,1,10,4,1050,1050,-거나,或者,or; ending for alternatives,grammar,어미,词尾,native,,,Korean Basic Dictionary,2,exact_ambiguous_tie,editorial_override,0.45,low,Corrected the malformed leading jamo in ㅡ거나. | Migrated from the reviewed Volume 1 edition.
v01-c10-u04-028,1,10,4,1051,1051,조사,调查,poll; survey; investigation,lexeme,명사,名,hanja,調査,,Korean Basic Dictionary,3,exact_ranked_gloss,dictionary_equivalent,0.91,high,
v01-c10-u04-029,1,10,4,1052,1052,활동,活动,activity; movement,lexeme,명사,名,hanja,活動,활똥,Korean Basic Dictionary,2,exact_ambiguous_tie,dictionary_equivalent,0.45,low,
v01-c10-u04-030,1,10,4,1053,1053,보내다,过（时间）,pass time; spend time,lexeme,동사,动,native,,,Korean Basic Dictionary,10,exact_ranked_gloss,dictionary_equivalent,0.91,high,
v01-c10-u04-031,1,10,4,1054,1054,방법,方法,way; means; manner,lexeme,명사,名,hanja,方法,,Korean Basic Dictionary,1,exact_unique_gloss,dictionary_equivalent,0.97,high,
v01-c10-u04-032,1,10,4,1055,1055,집안일,家务,housework; household chores,lexeme,명사,名,native,,지반닐,Korean Basic Dictionary,2,exact_ranked_gloss,dictionary_equivalent,0.91,high,
v01-c10-u04-033,1,10,4,1056,1056,스포츠,运动,sports,lexeme,명사,名,loanword,sports,,Korean Basic Dictionary,1,exact_unique_gloss,dictionary_equivalent,0.97,high,
v01-c10-u04-034,1,10,4,1057,1057,관광지,旅游胜地，旅游区,tourist attraction,lexeme,명사,名,hanja,觀光地,,Korean Basic Dictionary,1,exact_unique_gloss,dictionary_equivalent,0.97,high,
v01-c10-u04-035,1,10,4,1058,1058,놀이 공원,游乐园,amusement park,expression,표현,表达,expression,놀이(固) + 공원(公園),,Korean Basic Dictionary,0,component_match,editorial_override,0.42,low,Migrated from the reviewed Volume 1 edition.
v01-c10-u04-036,1,10,4,1059,1059,온천,温泉,hot spring,lexeme,명사,名,hanja,溫泉,,Korean Basic Dictionary,2,exact_ambiguous_tie,dictionary_equivalent,0.45,low,
v01-c10-u04-037,1,10,4,1060,1060,미역국,海带汤,miyeokguk; seaweed soup,lexeme,명사,名,native,,미역꾹,Korean Basic Dictionary,2,exact_unique_gloss,dictionary_equivalent,0.97,high,
v01-c10-u04-038,1,10,4,1061,1061,와이셔츠,衬衫,dress shirt,lexeme,명사,名,loanword,▼←white shirt,,Korean Basic Dictionary,1,exact_unique_gloss,dictionary_equivalent,0.97,high,
v01-c10-u04-039,1,10,4,1062,1062,드라마,电视剧,drama,lexeme,명사,名,loanword,drama,,Korean Basic Dictionary,2,exact_ranked_gloss,dictionary_equivalent,0.91,high,
v01-c10-u04-040,1,10,4,1063,1063,소설책,小说,novel,lexeme,명사,名,hanja,小說冊,소ː설책,Korean Basic Dictionary,1,exact_unique_gloss,dictionary_equivalent,0.97,high,
v01-c10-u04-041,1,10,4,1064,1064,시집,诗集,poetic works; book of poetry,lexeme,명사,名,hanja,詩集,,Korean Basic Dictionary,2,exact_ranked_gloss,dictionary_equivalent,0.91,high,
