entry_id,volume,chapter,unit,sequence,source_order,korean,chinese,english,entry_kind,pos,pos_zh,origin_type,origin_detail,pronunciation,dictionary_source,dictionary_candidate_count,match_method,english_method,match_confidence,review_status,revision_note
v02-c01-u01-001,2,1,1,1,1,무역,贸易,trade; commerce,lexeme,명사,名,hanja,貿易,무ː역,Korean Basic Dictionary,2,exact_ambiguous_tie,dictionary_equivalent,0.45,low,
v02-c01-u01-002,2,1,1,2,2,부탁하다,拜托,request,lexeme,동사,动,hybrid,付託하다,부ː타카다,Korean Basic Dictionary,1,exact_unique_gloss,dictionary_equivalent,0.97,high,
v02-c01-u01-003,2,1,1,3,3,도움,帮助,help,lexeme,명사,名,native,,,Korean Basic Dictionary,1,exact_unique_gloss,dictionary_equivalent,0.97,high,
v02-c01-u01-004,2,1,1,4,4,필요하다,需要,necessary; needed,lexeme,형용사,形,hybrid,必要하다,피료하다,Korean Basic Dictionary,1,exact_unique_gloss,dictionary_equivalent,0.97,high,
v02-c01-u01-005,2,1,1,5,5,무역 회사,贸易公司,trading company,expression,표현,表达,expression,무역(貿易) + 회사(會社),,Korean Basic Dictionary,0,component_match,editorial_override,0.42,low,English gloss added by project editorial pass.
v02-c01-u01-006,2,1,1,6,6,신문사,新闻社,newspaper publishing company,lexeme,명사,名,hanja,新聞社,,Korean Basic Dictionary,1,exact_unique_gloss,dictionary_equivalent,0.97,high,
v02-c01-u01-007,2,1,1,7,7,여행사,旅行社,travel agency,lexeme,명사,名,hanja,旅行社,,Korean Basic Dictionary,1,exact_unique_gloss,dictionary_equivalent,0.97,high,
v02-c01-u01-008,2,1,1,8,8,증권 회사,证券公司,securities company,expression,표현,表达,expression,증권(證券) + 회사(會社),,Korean Basic Dictionary,0,component_match,editorial_override,0.42,low,English gloss added by project editorial pass.
v02-c01-u01-009,2,1,1,9,9,항공사,航空公司,airline,lexeme,명사,名,hanja,航空社,항ː공사,Korean Basic Dictionary,1,exact_unique_gloss,dictionary_equivalent,0.97,high,
v02-c01-u01-010,2,1,1,10,10,잡지사,杂志社,magazine company,lexeme,명사,名,hanja,雜誌社,잡찌사,Korean Basic Dictionary,1,exact_unique_gloss,dictionary_equivalent,0.97,high,
v02-c01-u01-011,2,1,1,11,11,앞으로,以后,from now on; in the future,expression,표현,表达,expression,,,,0,unmatched,editorial_override,0.15,low,English gloss added by project editorial pass.
v02-c01-u01-012,2,1,1,12,12,움직이다,动,move; budge; be in motion,lexeme,동사,动,native,,움지기다,Korean Basic Dictionary,6,exact_ambiguous_tie,dictionary_equivalent,0.45,low,
v02-c01-u02-001,2,1,2,13,13,졸업하다,毕业,graduate,lexeme,동사,动,hybrid,卒業하다,조러파다,Korean Basic Dictionary,1,exact_unique_gloss,dictionary_equivalent,0.97,high,
v02-c01-u02-002,2,1,2,14,14,전공,专业,major; specialty,lexeme,명사,名,hanja,專攻,,Korean Basic Dictionary,3,exact_ambiguous_tie,dictionary_equivalent,0.45,low,
v02-c01-u02-003,2,1,2,15,15,경영학,经营学,business administration,lexeme,명사,名,hanja,經營學,,Korean Basic Dictionary,1,exact_unique_gloss,dictionary_equivalent,0.97,high,
v02-c01-u02-004,2,1,2,16,16,국어국문학,国语国文学,Korean language and literature,expression,표현,表达,expression,,,,0,unmatched,editorial_override,0.15,low,English gloss added by project editorial pass.
v02-c01-u02-005,2,1,2,17,17,천문우주학과,天文宇宙学,Department of Astronomy and Space Science,expression,표현,表达,expression,,,,0,unmatched,editorial_override,0.15,low,English gloss added by project editorial pass.
v02-c01-u02-006,2,1,2,18,18,의학,医学,medicine,lexeme,명사,名,hanja,醫學,,Korean Basic Dictionary,1,exact_unique_gloss,dictionary_equivalent,0.97,high,
v02-c01-u02-007,2,1,2,19,19,역사학,历史学,history; historical studies,lexeme,명사,名,hanja,歷史學,역싸학,Korean Basic Dictionary,1,exact_unique_gloss,dictionary_equivalent,0.97,high,
v02-c01-u02-008,2,1,2,20,20,신문방송학,新闻广播学,journalism and broadcasting,expression,표현,表达,expression,,,,0,unmatched,editorial_override,0.15,low,English gloss added by project editorial pass.
v02-c01-u02-009,2,1,2,21,21,경제학,经济学,economics,lexeme,명사,名,hanja,經濟學,,Korean Basic Dictionary,1,exact_unique_gloss,dictionary_equivalent,0.97,high,
v02-c01-u02-010,2,1,2,22,22,국적,国籍,nationality; citizenship,lexeme,명사,名,hanja,國籍,국쩍,Korean Basic Dictionary,3,exact_ambiguous_tie,dictionary_equivalent,0.45,low,
v02-c01-u02-011,2,1,2,23,23,통일되다,统一,be unified,lexeme,동사,动,hybrid,統一되다,통ː일되다/통ː일뒈다,Korean Basic Dictionary,3,exact_ambiguous_tie,dictionary_equivalent,0.45,low,
v02-c01-u03-001,2,1,3,24,24,오래간만,隔了好久,being after a long time,lexeme,명사,名,native,,,Korean Basic Dictionary,1,exact_unique_gloss,dictionary_equivalent,0.97,high,
v02-c01-u03-002,2,1,3,25,25,지내다,过,live,lexeme,동사,动,native,,지ː내다,Korean Basic Dictionary,5,exact_ambiguous_tie,dictionary_equivalent,0.45,low,
v02-c01-u03-003,2,1,3,26,26,사귀다,交（朋友）,get along with; go around with; go out with,lexeme,동사,动,native,,,Korean Basic Dictionary,1,exact_unique_gloss,dictionary_equivalent,0.97,high,
v02-c01-u03-004,2,1,3,27,27,힘들다,费力/难/辛苦,strenuous; laborious,lexeme,형용사,形,native,,,Korean Basic Dictionary,4,exact_ranked_gloss,dictionary_equivalent,0.91,high,
v02-c01-u03-005,2,1,3,28,28,익숙하다,习惯,familiar; accustomed; habituated,lexeme,형용사,形,native,,익쑤카다,Korean Basic Dictionary,2,exact_ranked_gloss,dictionary_equivalent,0.91,high,
v02-c01-u03-006,2,1,3,29,29,큰아버지,伯父,uncle,lexeme,명사,名,native,,크나버지,Korean Basic Dictionary,2,exact_ambiguous_tie,dictionary_equivalent,0.45,low,
v02-c01-u03-007,2,1,3,30,30,큰어머니,伯母,aunt,lexeme,명사,名,native,,크너머니,Korean Basic Dictionary,3,exact_ambiguous_tie,dictionary_equivalent,0.45,low,
v02-c01-u03-008,2,1,3,31,31,작은아버지,叔叔,uncle,lexeme,명사,名,native,,자근아버지,Korean Basic Dictionary,1,exact_unique_gloss,dictionary_equivalent,0.97,high,
v02-c01-u03-009,2,1,3,32,32,작은어머니,婶婶,aunt,lexeme,명사,名,native,,자근어머니,Korean Basic Dictionary,2,exact_ranked_gloss,dictionary_equivalent,0.91,high,
v02-c01-u03-010,2,1,3,33,33,고모,姑姑,paternal aunt,lexeme,명사,名,hanja,姑母,,Korean Basic Dictionary,1,exact_unique_gloss,dictionary_equivalent,0.97,high,
v02-c01-u03-011,2,1,3,34,34,고모부,姑父,uncle by marriage,lexeme,명사,名,hanja,姑母夫,,Korean Basic Dictionary,1,exact_unique_gloss,dictionary_equivalent,0.97,high,
v02-c01-u03-012,2,1,3,35,35,사촌,四寸/伯叔兄弟姐妹,cousin,lexeme,명사,名,hanja,四寸,사ː촌,Korean Basic Dictionary,2,exact_unique_gloss,dictionary_equivalent,0.97,high,
v02-c01-u03-013,2,1,3,36,36,조카,侄子,nephew; niece,lexeme,명사,名,native,,,Korean Basic Dictionary,1,exact_unique_gloss,dictionary_equivalent,0.97,high,
v02-c01-u03-014,2,1,3,37,37,외할아버지,外公,maternal grandfather,lexeme,명사,名,hybrid,外할아버지,외ː하라버지/웨ː하라버지,Korean Basic Dictionary,1,exact_unique_gloss,dictionary_equivalent,0.97,high,
v02-c01-u03-015,2,1,3,38,38,외할머니,外婆,maternal grandmother,lexeme,명사,名,hybrid,外할머니,외ː할머니/웨ː할머니,Korean Basic Dictionary,1,exact_unique_gloss,dictionary_equivalent,0.97,high,
v02-c01-u03-016,2,1,3,39,39,이모,姨母,aunt,lexeme,명사,名,hanja,姨母,,Korean Basic Dictionary,1,exact_unique_gloss,dictionary_equivalent,0.97,high,
v02-c01-u03-017,2,1,3,40,40,이모부,姨夫,uncle,lexeme,명사,名,hanja,姨母夫,,Korean Basic Dictionary,1,exact_unique_gloss,dictionary_equivalent,0.97,high,
v02-c01-u03-018,2,1,3,41,41,외숙부,舅舅,maternal uncle,lexeme,명사,名,hanja,外叔父,외ː숙뿌/웨ː숙뿌,Korean Basic Dictionary,1,exact_unique_gloss,dictionary_equivalent,0.97,high,
v02-c01-u03-019,2,1,3,42,42,외숙모,舅妈,wife of one's maternal uncle,lexeme,명사,名,hanja,外叔母,외ː숭모/웨ː숭모,Korean Basic Dictionary,1,exact_unique_gloss,dictionary_equivalent,0.97,high,
v02-c01-u03-020,2,1,3,43,43,디자인,设计,design,lexeme,명사,名,loanword,design,,Korean Basic Dictionary,1,exact_unique_gloss,dictionary_equivalent,0.97,high,
v02-c01-u03-021,2,1,3,44,44,성격,性格,personality; character,lexeme,명사,名,hanja,性格,성ː껵,Korean Basic Dictionary,2,exact_ranked_gloss,dictionary_equivalent,0.91,high,
v02-c01-u03-022,2,1,3,45,45,멋있다,帅,nice; stylish; elegant,lexeme,형용사,形,native,,머딛따/머싣따,Korean Basic Dictionary,1,exact_unique_gloss,dictionary_equivalent,0.97,high,
v02-c01-u03-023,2,1,3,46,46,풍경,风景,scenery; scene; view,lexeme,명사,名,hanja,風景,,Korean Basic Dictionary,2,exact_ambiguous_tie,dictionary_equivalent,0.45,low,
v02-c01-u03-024,2,1,3,47,47,모으다,攒,save; store; amass; accumulate,lexeme,동사,动,native,,,Korean Basic Dictionary,8,exact_ranked_gloss,dictionary_equivalent,0.91,high,
v02-c01-u04-001,2,1,4,48,48,다녀오다,去 去一趟,go and come back,lexeme,동사,动,native,,,Korean Basic Dictionary,2,exact_ambiguous_tie,dictionary_equivalent,0.45,low,
v02-c01-u04-002,2,1,4,49,49,시골,乡村,rural area; countryside,lexeme,명사,名,native,,,Korean Basic Dictionary,2,exact_ranked_gloss,dictionary_equivalent,0.91,high,
v02-c01-u04-003,2,1,4,50,50,경치,景色,scenery; scene; view,lexeme,명사,名,hanja,景致,,Korean Basic Dictionary,1,exact_unique_gloss,dictionary_equivalent,0.97,high,
v02-c01-u04-004,2,1,4,51,51,도시,城市,city,lexeme,명사,名,hanja,都市,,Korean Basic Dictionary,1,exact_unique_gloss,dictionary_equivalent,0.97,high,
v02-c01-u04-005,2,1,4,52,52,섬,岛,island,lexeme,명사,名,native,,섬ː,Korean Basic Dictionary,3,exact_ranked_gloss,dictionary_equivalent,0.91,high,
v02-c01-u04-006,2,1,4,53,53,관광지,旅游胜地,tourist attraction,lexeme,명사,名,hanja,觀光地,,Korean Basic Dictionary,1,exact_unique_gloss,dictionary_equivalent,0.97,high,
v02-c01-u04-007,2,1,4,54,54,유적지,历史遗迹,historic site,lexeme,명사,名,hanja,遺跡地,유적찌,Korean Basic Dictionary,1,exact_unique_gloss,dictionary_equivalent,0.97,high,
v02-c01-u04-008,2,1,4,55,55,바닷가,海边,beach; coast; seaside; seashore,lexeme,명사,名,native,,바다까/바닫까,Korean Basic Dictionary,1,exact_unique_gloss,dictionary_equivalent,0.97,high,
v02-c01-u04-009,2,1,4,56,56,호주,澳大利亚,Australia,lexeme,명사,名,hanja,濠洲,,Korean Basic Dictionary,2,exact_ranked_gloss,dictionary_equivalent,0.91,high,
v02-c01-u04-010,2,1,4,57,57,습기,湿气 潮湿,moisture; humidity,lexeme,명사,名,hanja,濕氣,습끼,Korean Basic Dictionary,1,exact_unique_gloss,dictionary_equivalent,0.97,high,
v02-c01-u04-011,2,1,4,58,58,항상,总是,always; all the time,lexeme,부사,副,hanja,恒常,,Korean Basic Dictionary,1,exact_unique_gloss,dictionary_equivalent,0.97,high,
v02-c01-u04-012,2,1,4,59,59,금,金,gold,lexeme,명사,名,hanja,金,,Korean Basic Dictionary,10,exact_ambiguous_tie,dictionary_equivalent,0.45,low,
v02-c01-u04-013,2,1,4,60,60,숲,森林,forest,lexeme,명사,名,native,,숩,Korean Basic Dictionary,2,exact_unique_gloss,dictionary_equivalent,0.97,high,
v02-c01-u04-014,2,1,4,61,61,캥거루,袋鼠,kangaroo,lexeme,명사,名,loanword,kangaroo,,Korean Basic Dictionary,1,exact_unique_gloss,dictionary_equivalent,0.97,high,
v02-c01-u04-015,2,1,4,62,62,새,鸟,bird,lexeme,명사,名,native,,새ː,Korean Basic Dictionary,8,exact_ranked_gloss,dictionary_equivalent,0.91,high,
v02-c01-u04-016,2,1,4,63,63,위치,位置,location; situation,lexeme,명사,名,hanja,位置,,Korean Basic Dictionary,2,exact_ambiguous_tie,dictionary_equivalent,0.45,low,
v02-c01-u05-001,2,1,5,64,64,관심,关心,interest; attention,lexeme,명사,名,hanja,關心,,Korean Basic Dictionary,1,exact_unique_gloss,dictionary_equivalent,0.97,high,
v02-c01-u05-002,2,1,5,65,65,관계,关系,relationship,lexeme,명사,名,hanja,關係,관계/관게,Korean Basic Dictionary,6,exact_ambiguous_tie,dictionary_equivalent,0.45,low,
v02-c01-u05-003,2,1,5,66,66,촌수,辈分,degree of kinship,lexeme,명사,名,hanja,寸數,촌ː쑤,Korean Basic Dictionary,1,exact_unique_gloss,dictionary_equivalent,0.97,high,
v02-c01-u05-004,2,1,5,67,67,방법,方法,way; means; manner,lexeme,명사,名,hanja,方法,,Korean Basic Dictionary,1,exact_unique_gloss,dictionary_equivalent,0.97,high,
v02-c01-u05-005,2,1,5,68,68,숫자,数字,number; figure,lexeme,명사,名,hanja,數字,수ː짜/숟ː짜,Korean Basic Dictionary,3,exact_ambiguous_tie,dictionary_equivalent,0.45,low,
v02-c01-u05-006,2,1,5,69,69,계산하다,计算,calculate,lexeme,동사,动,hybrid,計算하다,계ː산하다/게ː산하다,Korean Basic Dictionary,4,exact_ranked_gloss,dictionary_equivalent,0.91,high,
v02-c01-u05-007,2,1,5,70,70,반대로,相反 反而,on the contrary; conversely,expression,표현,表达,expression,반대(反對),,Korean Basic Dictionary,0,component_match,editorial_override,0.42,low,English gloss added by project editorial pass.
v02-c02-u01-001,2,2,1,71,71,설렁탕,牛杂碎汤,seolleongtang; ox bone soup,lexeme,명사,名,hybrid,설렁湯,,Korean Basic Dictionary,1,exact_unique_gloss,dictionary_equivalent,0.97,high,
v02-c02-u01-002,2,2,1,72,72,파,葱,green onion; scallion,lexeme,명사,名,native,,,Korean Basic Dictionary,4,exact_ranked_gloss,dictionary_equivalent,0.91,high,
v02-c02-u01-003,2,2,1,73,73,말다,泡,put in water; put in soup,lexeme,동사,动,native,,,Korean Basic Dictionary,9,exact_ranked_gloss,dictionary_equivalent,0.91,high,
v02-c02-u01-004,2,2,1,74,74,반찬,菜,side dish,lexeme,명사,名,hanja,飯饌,,Korean Basic Dictionary,1,exact_unique_gloss,dictionary_equivalent,0.97,high,
v02-c02-u01-005,2,2,1,75,75,접시,碟子,plate,lexeme,명사,名,native,,접씨,Korean Basic Dictionary,2,exact_ambiguous_tie,dictionary_equivalent,0.45,low,
v02-c02-u01-006,2,2,1,76,76,덜다,减 盛,reduce,lexeme,동사,动,native,,덜ː다,Korean Basic Dictionary,2,exact_ambiguous_tie,dictionary_equivalent,0.45,low,
v02-c02-u01-007,2,2,1,77,77,넣다,放,put; insert,lexeme,동사,动,native,,너ː타,Korean Basic Dictionary,15,exact_ambiguous_tie,dictionary_equivalent,0.45,low,
v02-c02-u01-008,2,2,1,78,78,뿌리다,撒,throw; spray; douse,lexeme,동사,动,native,,,Korean Basic Dictionary,10,exact_ranked_gloss,dictionary_equivalent,0.91,high,
v02-c02-u01-009,2,2,1,79,79,비비다,拌,mix,lexeme,동사,动,native,,,Korean Basic Dictionary,7,exact_ranked_gloss,dictionary_equivalent,0.91,high,
v02-c02-u01-010,2,2,1,80,80,찍다,蘸,dip,lexeme,동사,动,native,,찍따,Korean Basic Dictionary,13,exact_ranked_gloss,dictionary_equivalent,0.91,high,
v02-c02-u01-011,2,2,1,81,81,담다,盛,dish up,lexeme,동사,动,native,,담ː따,Korean Basic Dictionary,2,exact_ranked_gloss,dictionary_equivalent,0.91,high,
v02-c02-u01-012,2,2,1,82,82,나물,野菜,wild vegetables; wild greens,lexeme,명사,名,native,,,Korean Basic Dictionary,2,exact_ambiguous_tie,dictionary_equivalent,0.45,low,
v02-c02-u01-013,2,2,1,83,83,놓다,放,stop,lexeme,동사,动,native,,노타,Korean Basic Dictionary,29,exact_ambiguous_tie,dictionary_equivalent,0.45,low,
v02-c02-u01-014,2,2,1,84,84,계란프라이,煎鸡蛋,fried egg,expression,표현,表达,expression,,,,0,unmatched,editorial_override,0.15,low,English gloss added by project editorial pass.
v02-c02-u01-015,2,2,1,85,85,참기름,香油,sesame oil,lexeme,명사,名,native,,,Korean Basic Dictionary,1,exact_unique_gloss,dictionary_equivalent,0.97,high,
v02-c02-u01-016,2,2,1,86,86,고추장,辣椒酱,gochujang; red chili paste,lexeme,명사,名,hybrid,고추醬,,Korean Basic Dictionary,1,exact_unique_gloss,dictionary_equivalent,0.97,high,
v02-c02-u01-017,2,2,1,87,87,샤브샤브,火锅,shabu-shabu,expression,표현,表达,expression,,,,0,unmatched,editorial_override,0.15,low,English gloss added by project editorial pass.
v02-c02-u01-018,2,2,1,88,88,한복,韩服,hanbok; traditional Korean clothing,lexeme,명사,名,hanja,韓服,한ː복,Korean Basic Dictionary,1,editorial_override,editorial_override,1.0,verified,保留常用文化词拼写并补充可独立理解的英文说明。
v02-c02-u01-019,2,2,1,89,89,끝내다,结束,complete; finish,lexeme,동사,动,native,,끈내다,Korean Basic Dictionary,3,exact_ambiguous_tie,dictionary_equivalent,0.45,low,
v02-c02-u01-020,2,2,1,90,90,밝다,明亮,be light,lexeme,동사,动,native,,박따,Korean Basic Dictionary,12,exact_ambiguous_tie,dictionary_equivalent,0.45,low,
v02-c02-u02-001,2,2,2,91,91,유명하다,有名,famous; popular,lexeme,형용사,形,hybrid,有名하다,유ː명하다,Korean Basic Dictionary,1,exact_unique_gloss,dictionary_equivalent,0.97,high,
v02-c02-u02-002,2,2,2,92,92,닭고기,鸡肉,chicken,lexeme,명사,名,native,,닥꼬기,Korean Basic Dictionary,1,exact_unique_gloss,dictionary_equivalent,0.97,high,
v02-c02-u02-003,2,2,2,93,93,채소,蔬菜,vegetable,lexeme,명사,名,hanja,菜蔬,채ː소,Korean Basic Dictionary,1,exact_unique_gloss,dictionary_equivalent,0.97,high,
v02-c02-u02-004,2,2,2,94,94,좀,一点儿,a little,lexeme,부사,副,native,,,Korean Basic Dictionary,5,exact_ambiguous_tie,dictionary_equivalent,0.45,low,
v02-c02-u02-005,2,2,2,95,95,비빔밥,拌饭,bibimbap; Korean mixed rice dish,lexeme,명사,名,native,,비빔빱,Korean Basic Dictionary,1,editorial_override,editorial_override,1.0,verified,保留常用文化词拼写并补充可独立理解的英文说明。
v02-c02-u02-006,2,2,2,96,96,회,生鱼片 生肉片,raw fish; sashimi,lexeme,명사,名,hanja,膾,회ː/훼ː,Korean Basic Dictionary,3,editorial_override,editorial_override,1.0,verified,회 指生鱼片；原英文 hoe 只是罗马字。
v02-c02-u02-007,2,2,2,97,97,탕수육,糖醋肉,sweet and sour pork,lexeme,명사,名,hanja,糖水肉,,Korean Basic Dictionary,1,exact_unique_gloss,dictionary_equivalent,0.97,high,
v02-c02-u02-008,2,2,2,98,98,스파게티,意大利面,spaghetti,lexeme,명사,名,loanword,spaghetti,,Korean Basic Dictionary,1,exact_unique_gloss,dictionary_equivalent,0.97,high,
v02-c02-u02-009,2,2,2,99,99,짬뽕,什锦面,jjamppong; spicy Korean-Chinese noodle soup,lexeme,명사,名,loanword,←champon,,Korean Basic Dictionary,2,editorial_override,editorial_override,1.0,verified,保留菜名罗马字并补充可独立理解的英文说明。
v02-c02-u02-010,2,2,2,100,100,샐러드,沙拉,salad,lexeme,명사,名,loanword,salad,,Korean Basic Dictionary,1,exact_unique_gloss,dictionary_equivalent,0.97,high,
v02-c02-u02-011,2,2,2,101,101,우동,乌冬面,udon,lexeme,명사,名,loanword,udon[饂飩],,Korean Basic Dictionary,1,exact_unique_gloss,dictionary_equivalent,0.97,high,
v02-c02-u02-012,2,2,2,102,102,피자,披萨,pizza,lexeme,명사,名,loanword,pizza,,Korean Basic Dictionary,1,exact_unique_gloss,dictionary_equivalent,0.97,high,
v02-c02-u02-013,2,2,2,103,103,튀김,油炸食物,fries,lexeme,명사,名,native,,,Korean Basic Dictionary,2,exact_ranked_gloss,dictionary_equivalent,0.91,high,
v02-c02-u02-014,2,2,2,104,104,잡채,炒粉丝,japchae; stir-fried glass noodles,lexeme,명사,名,hanja,雜菜,,Korean Basic Dictionary,1,editorial_override,editorial_override,1.0,verified,保留菜名罗马字并补充可独立理解的英文说明。
v02-c02-u02-015,2,2,2,105,105,낫토,纳豆,natto; fermented soybeans,expression,표현,表达,expression,,,,0,unmatched,editorial_override,0.15,low,English gloss added by project editorial pass.
v02-c02-u02-016,2,2,2,106,106,콩,大豆,bean,lexeme,명사,名,native,,,Korean Basic Dictionary,5,exact_unique_gloss,dictionary_equivalent,0.97,high,
v02-c02-u02-017,2,2,2,107,107,건강,健康,health; wellbeing,lexeme,명사,名,hanja,健康,건ː강,Korean Basic Dictionary,1,exact_unique_gloss,dictionary_equivalent,0.97,high,
v02-c02-u02-018,2,2,2,108,108,후추,胡椒,pepper,lexeme,명사,名,native,,,Korean Basic Dictionary,1,exact_unique_gloss,dictionary_equivalent,0.97,high,
v02-c02-u02-019,2,2,2,109,109,무용,舞蹈,dance,lexeme,명사,名,hanja,舞踊,무ː용,Korean Basic Dictionary,3,exact_ranked_gloss,dictionary_equivalent,0.91,high,
v02-c02-u03-001,2,2,3,110,110,우선,首先,priority; preference,lexeme,명사,名,hanja,優先,,Korean Basic Dictionary,3,exact_ambiguous_tie,dictionary_equivalent,0.45,low,
v02-c02-u03-002,2,2,3,111,111,끓이다,煮 水或汤,heat,lexeme,동사,动,native,,끄리다,Korean Basic Dictionary,3,exact_ranked_gloss,dictionary_equivalent,0.91,high,
v02-c02-u03-003,2,2,3,112,112,돼지고기,猪肉,pork,lexeme,명사,名,native,,돼ː지고기,Korean Basic Dictionary,1,exact_unique_gloss,dictionary_equivalent,0.97,high,
v02-c02-u03-004,2,2,3,113,113,썰다,切,slice; cut,lexeme,동사,动,native,,썰ː다,Korean Basic Dictionary,1,exact_unique_gloss,dictionary_equivalent,0.97,high,
v02-c02-u03-005,2,2,3,114,114,간,咸淡,saltiness,lexeme,명사,名,native,,,Korean Basic Dictionary,27,exact_ranked_gloss,dictionary_equivalent,0.91,high,
v02-c02-u03-006,2,2,3,115,115,맞추다,调 配,piece together; assemble,lexeme,동사,动,native,,맏추다,Korean Basic Dictionary,11,exact_ambiguous_tie,dictionary_equivalent,0.45,low,
v02-c02-u03-007,2,2,3,116,116,굽다,烤,bake; roast; grill,lexeme,동사,动,native,,굽ː따,Korean Basic Dictionary,6,exact_ranked_gloss,dictionary_equivalent,0.91,high,
v02-c02-u03-008,2,2,3,117,117,튀기다,炸,fry,lexeme,동사,动,native,,,Korean Basic Dictionary,6,exact_ranked_gloss,dictionary_equivalent,0.91,high,
v02-c02-u03-009,2,2,3,118,118,볶다,炒,stir-fry,lexeme,동사,动,native,,복따,Korean Basic Dictionary,3,exact_ranked_gloss,dictionary_equivalent,0.91,high,
v02-c02-u03-010,2,2,3,119,119,삶다,煮 炖食物,boil,lexeme,동사,动,native,,삼ː따,Korean Basic Dictionary,3,exact_ranked_gloss,dictionary_equivalent,0.91,high,
v02-c02-u03-011,2,2,3,120,120,찌다,蒸,steam,lexeme,동사,动,native,,,Korean Basic Dictionary,3,exact_ranked_gloss,dictionary_equivalent,0.91,high,
v02-c02-u03-012,2,2,3,121,121,다지다,剁,mince; chop,lexeme,동사,动,native,,,Korean Basic Dictionary,6,exact_ranked_gloss,dictionary_equivalent,0.91,high,
v02-c02-u03-013,2,2,3,122,122,젓다,搅拌,stir,lexeme,동사,动,native,,젇ː따,Korean Basic Dictionary,5,exact_ranked_gloss,dictionary_equivalent,0.91,high,
v02-c02-u03-014,2,2,3,123,123,요리법,烹饪方法,recipe; formula,lexeme,명사,名,hanja,料理法,요리뻡,Korean Basic Dictionary,2,exact_ranked_gloss,dictionary_equivalent,0.91,high,
v02-c02-u03-015,2,2,3,124,124,설명하다,说明,explain; account for,lexeme,동사,动,hybrid,說明하다,,Korean Basic Dictionary,1,exact_unique_gloss,dictionary_equivalent,0.97,high,
v02-c02-u03-016,2,2,3,125,125,고기,肉,meat,lexeme,명사,名,native,,,Korean Basic Dictionary,9,exact_ranked_gloss,dictionary_equivalent,0.91,high,
v02-c02-u03-017,2,2,3,126,126,카레,咖喱,curry,lexeme,명사,名,loanword,←curry,,Korean Basic Dictionary,2,exact_ambiguous_tie,dictionary_equivalent,0.45,low,
v02-c02-u03-018,2,2,3,127,127,토마토,西红柿,tomato,lexeme,명사,名,loanword,tomato,,Korean Basic Dictionary,1,exact_unique_gloss,dictionary_equivalent,0.97,high,
v02-c02-u03-019,2,2,3,128,128,요구르트,酸奶,yogurt,lexeme,명사,名,loanword,yogurt,,Korean Basic Dictionary,1,exact_unique_gloss,dictionary_equivalent,0.97,high,
v02-c02-u03-020,2,2,3,129,129,면,面,side; face,lexeme,명사,名,hanja,面,면ː,Korean Basic Dictionary,10,exact_ambiguous_tie,dictionary_equivalent,0.45,low,
v02-c02-u03-021,2,2,3,130,130,돈가스,炸猪排,pork cutlet,lexeme,명사,名,loanword,←ton[豚]kasu,,Korean Basic Dictionary,1,exact_unique_gloss,dictionary_equivalent,0.97,high,
v02-c02-u03-022,2,2,3,131,131,부드럽다,松软 柔软 细腻,soft; smooth,lexeme,형용사,形,native,,부드럽따,Korean Basic Dictionary,6,exact_ambiguous_tie,dictionary_equivalent,0.45,low,
v02-c02-u03-023,2,2,3,132,132,오리,鸭子,duck,lexeme,명사,名,native,,오ː리,Korean Basic Dictionary,2,exact_ambiguous_tie,dictionary_equivalent,0.45,low,
v02-c02-u03-024,2,2,3,133,133,전병,煎饼,jeonbyeong; crepe,lexeme,명사,名,hanja,煎餠,전ː병,Korean Basic Dictionary,1,exact_unique_gloss,dictionary_equivalent,0.97,high,
v02-c02-u03-025,2,2,3,134,134,껍질,皮,skin,lexeme,명사,名,native,,껍찔,Korean Basic Dictionary,3,exact_ranked_gloss,dictionary_equivalent,0.91,high,
v02-c02-u03-026,2,2,3,135,135,갈비찜,炖排骨,galbijjim; braised short ribs,lexeme,명사,名,native,,,Korean Basic Dictionary,1,editorial_override,editorial_override,1.0,verified,保留菜名罗马字并补充可独立理解的英文说明。
v02-c02-u03-027,2,2,3,136,136,전통,传统,tradition; heritage,lexeme,명사,名,hanja,傳統,,Korean Basic Dictionary,1,exact_unique_gloss,dictionary_equivalent,0.97,high,
v02-c02-u03-028,2,2,3,137,137,벽,墙,wall,lexeme,명사,名,hanja,壁,,Korean Basic Dictionary,6,exact_ambiguous_tie,dictionary_equivalent,0.45,low,
v02-c02-u03-029,2,2,3,138,138,편안하다,舒服,comfortable; being at ease,lexeme,형용사,形,hybrid,便安하다,펴난하다,Korean Basic Dictionary,1,exact_unique_gloss,dictionary_equivalent,0.97,high,
v02-c02-u04-001,2,2,4,139,139,윗사람,长辈,one's senior,lexeme,명사,名,native,,위싸람/윋싸람,Korean Basic Dictionary,2,exact_ambiguous_tie,dictionary_equivalent,0.45,low,
v02-c02-u04-002,2,2,4,140,140,다른,别的 其他的,different; other,lexeme,관형사,冠,native,,,Korean Basic Dictionary,2,exact_unique_gloss,dictionary_equivalent,0.97,high,
v02-c02-u04-003,2,2,4,141,141,예절,礼节,courtesy; manners,lexeme,명사,名,hanja,禮節,,Korean Basic Dictionary,1,exact_unique_gloss,dictionary_equivalent,0.97,high,
v02-c02-u04-004,2,2,4,142,142,들다,提 拿,raise; lift,lexeme,동사,动,native,,,Korean Basic Dictionary,43,exact_ranked_gloss,dictionary_equivalent,0.91,high,
v02-c02-u04-005,2,2,4,143,143,양손,双手,both hands,lexeme,명사,名,hybrid,兩손,양ː손,Korean Basic Dictionary,1,exact_unique_gloss,dictionary_equivalent,0.97,high,
v02-c02-u04-006,2,2,4,144,144,내려놓다,放下,take down; put down,lexeme,동사,动,native,,내려노타,Korean Basic Dictionary,3,exact_ambiguous_tie,dictionary_equivalent,0.45,low,
v02-c02-u04-007,2,2,4,145,145,냄비,锅,sauce pan,lexeme,명사,名,native,,,Korean Basic Dictionary,1,exact_unique_gloss,dictionary_equivalent,0.97,high,
v02-c02-u04-008,2,2,4,146,146,식탁,饭桌,dining table,lexeme,명사,名,hanja,食卓,,Korean Basic Dictionary,1,exact_unique_gloss,dictionary_equivalent,0.97,high,
v02-c02-u04-009,2,2,4,147,147,숟가락,勺子,spoon,lexeme,명사,名,native,,숟까락,Korean Basic Dictionary,2,exact_ambiguous_tie,dictionary_equivalent,0.45,low,
v02-c02-u04-010,2,2,4,148,148,젓가락,筷子,chopsticks,lexeme,명사,名,native,,저까락/젇까락,Korean Basic Dictionary,2,exact_ranked_gloss,dictionary_equivalent,0.91,high,
v02-c02-u04-011,2,2,4,149,149,국그릇,汤碗,soup bowl,lexeme,명사,名,native,,국끄륻,Korean Basic Dictionary,1,exact_unique_gloss,dictionary_equivalent,0.97,high,
v02-c02-u04-012,2,2,4,150,150,코,鼻子,nose,lexeme,명사,名,native,,,Korean Basic Dictionary,22,exact_ranked_gloss,dictionary_equivalent,0.91,high,
v02-c02-u04-013,2,2,4,151,151,풀다,解开 擤,untie,lexeme,동사,动,native,,,Korean Basic Dictionary,14,exact_ambiguous_tie,dictionary_equivalent,0.45,low,
v02-c02-u04-014,2,2,4,152,152,소리,声音,sound; noise,lexeme,명사,名,native,,,Korean Basic Dictionary,6,exact_ambiguous_tie,dictionary_equivalent,0.45,low,
v02-c02-u04-015,2,2,4,153,153,내다,出,make; build,lexeme,동사,动,native,,내ː다,Korean Basic Dictionary,32,exact_ambiguous_tie,dictionary_equivalent,0.45,low,
v02-c02-u04-016,2,2,4,154,154,마치다,完 结束,complete; finish,lexeme,동사,动,native,,,Korean Basic Dictionary,1,exact_unique_gloss,dictionary_equivalent,0.97,high,
v02-c02-u04-017,2,2,4,155,155,실수,错误 失误,mistake; blunder,lexeme,명사,名,hanja,失手,실쑤,Korean Basic Dictionary,2,exact_ranked_gloss,dictionary_equivalent,0.91,high,
v02-c02-u04-018,2,2,4,156,156,피우다,吸,smoke; puff,lexeme,동사,动,native,,,Korean Basic Dictionary,7,exact_ranked_gloss,dictionary_equivalent,0.91,high,
v02-c02-u04-019,2,2,4,157,157,주차하다,停车,park,lexeme,동사,动,hybrid,駐車하다,주ː차하다,Korean Basic Dictionary,1,exact_unique_gloss,dictionary_equivalent,0.97,high,
v02-c02-u04-020,2,2,4,158,158,지나다,过,pass; elapse,lexeme,동사,动,native,,,Korean Basic Dictionary,8,exact_ambiguous_tie,dictionary_equivalent,0.45,low,
v02-c02-u05-001,2,2,5,159,159,불,火 灯光,fire,lexeme,명사,名,native,,,Korean Basic Dictionary,24,exact_ambiguous_tie,dictionary_equivalent,0.45,low,
v02-c02-u05-002,2,2,5,160,160,인상적,印象深刻的,being memorable; being impressive,lexeme,명사,名,hanja,印象的,,Korean Basic Dictionary,2,exact_ambiguous_tie,dictionary_equivalent,0.45,low,
v02-c02-u05-003,2,2,5,161,161,곳,地方 场所,place; spot; location,lexeme,명사,名,native,,곧,Korean Basic Dictionary,3,exact_ambiguous_tie,dictionary_equivalent,0.45,low,
v02-c02-u05-004,2,2,5,162,162,이유,理由,reason,lexeme,명사,名,hanja,理由,이ː유,Korean Basic Dictionary,2,exact_ambiguous_tie,dictionary_equivalent,0.45,low,
v02-c02-u05-005,2,2,5,163,163,미안하다,对不起 抱歉,regrettable; sorry,lexeme,형용사,形,hybrid,未安하다,,Korean Basic Dictionary,2,exact_ambiguous_tie,dictionary_equivalent,0.45,low,
v02-c02-u05-006,2,2,5,164,164,된장,大酱,doenjang; soybean paste,lexeme,명사,名,native,,된ː장/뒌ː장,Korean Basic Dictionary,1,exact_unique_gloss,dictionary_equivalent,0.97,high,
v02-c02-u05-007,2,2,5,165,165,장독,酱缸,earthenware storage jar; sauce jar,lexeme,명사,名,hybrid,醬독,장ː똑,Korean Basic Dictionary,1,editorial_override,editorial_override,1.0,verified,用可独立理解的英文释义替换纯罗马字。
v02-c02-u05-008,2,2,5,166,166,냄새,味儿,smell; scent; odor,lexeme,명사,名,native,,냄ː새,Korean Basic Dictionary,4,exact_ranked_gloss,dictionary_equivalent,0.91,high,
v02-c02-u05-009,2,2,5,167,167,없애다,除去 消除,deprive; take away,lexeme,동사,动,native,,업ː쌔다,Korean Basic Dictionary,4,exact_ranked_gloss,dictionary_equivalent,0.91,high,
v02-c02-u05-010,2,2,5,168,168,찹쌀가루,糯米粉,glutinous rice flour,expression,표현,表达,expression,,,,0,unmatched,editorial_override,0.15,low,English gloss added by project editorial pass.
v02-c02-u05-011,2,2,5,169,169,구수하다,（味道）香,earthy-smelling; earthy-tasting,lexeme,형용사,形,native,,,Korean Basic Dictionary,3,exact_ranked_gloss,dictionary_equivalent,0.91,high,
v02-c02-u05-012,2,2,5,170,170,발효 식품,发酵食品,fermented food,expression,표현,表达,expression,발효(醱酵) + 식품(食品),,Korean Basic Dictionary,0,component_match,editorial_override,0.42,low,English gloss added by project editorial pass.
v02-c03-u01-001,2,3,1,171,171,행사,活动,event; occasion; ceremony,lexeme,명사,名,hanja,行事,,Korean Basic Dictionary,3,exact_ranked_gloss,dictionary_equivalent,0.91,high,
v02-c03-u01-002,2,3,1,172,172,정장,正装,formal wear; suit,lexeme,명사,名,hanja,正裝,정ː장,Korean Basic Dictionary,1,exact_unique_gloss,dictionary_equivalent,0.97,high,
v02-c03-u01-003,2,3,1,173,173,고르다,选,choose; select,lexeme,동사,动,native,,,Korean Basic Dictionary,5,exact_ranked_gloss,dictionary_equivalent,0.91,high,
v02-c03-u01-004,2,3,1,174,174,식당가,美食街,food street,lexeme,명사,名,hanja,食堂街,식땅가,Korean Basic Dictionary,1,exact_unique_gloss,dictionary_equivalent,0.97,high,
v02-c03-u01-005,2,3,1,175,175,가전제품,家电产品,household appliances,lexeme,명사,名,hanja,家電製品,,Korean Basic Dictionary,1,exact_unique_gloss,dictionary_equivalent,0.97,high,
v02-c03-u01-006,2,3,1,176,176,아동복,儿童服装,children´s wear; children's clothing,lexeme,명사,名,hanja,兒童服,,Korean Basic Dictionary,1,exact_unique_gloss,dictionary_equivalent,0.97,high,
v02-c03-u01-007,2,3,1,177,177,스포츠용품,运动用品,sporting goods,expression,표현,表达,expression,,,,0,unmatched,editorial_override,0.15,low,English gloss added by project editorial pass.
v02-c03-u01-008,2,3,1,178,178,남성복,男装,men's clothing,lexeme,명사,名,hanja,男性服,,Korean Basic Dictionary,1,exact_unique_gloss,dictionary_equivalent,0.97,high,
v02-c03-u01-009,2,3,1,179,179,여성복,女装,women's clothing,lexeme,명사,名,hanja,女性服,,Korean Basic Dictionary,1,exact_unique_gloss,dictionary_equivalent,0.97,high,
v02-c03-u01-010,2,3,1,180,180,패션 잡화,时尚百货,fashion accessories,expression,표현,表达,expression,패션(fashion) + 잡화(雜貨),,Korean Basic Dictionary,0,component_match,editorial_override,0.42,low,English gloss added by project editorial pass.
v02-c03-u01-011,2,3,1,181,181,배낭,背包 行囊,backpack; knapsack,lexeme,명사,名,hanja,背囊,배ː낭,Korean Basic Dictionary,1,exact_unique_gloss,dictionary_equivalent,0.97,high,
v02-c03-u01-012,2,3,1,182,182,서류 가방,公文包,briefcase,expression,표현,表达,expression,서류(書類) + 가방(固),,Korean Basic Dictionary,0,component_match,editorial_override,0.42,low,English gloss added by project editorial pass.
v02-c03-u01-013,2,3,1,183,183,매장,专柜 卖场,store,lexeme,명사,名,hanja,賣場,매ː장,Korean Basic Dictionary,5,exact_ranked_gloss,dictionary_equivalent,0.91,high,
v02-c03-u01-014,2,3,1,184,184,재료,材料,material; ingredient,lexeme,명사,名,hanja,材料,,Korean Basic Dictionary,2,exact_ambiguous_tie,dictionary_equivalent,0.45,low,
v02-c03-u01-015,2,3,1,185,185,질,质量,quality,lexeme,명사,名,hanja,質,,Korean Basic Dictionary,3,exact_ranked_gloss,dictionary_equivalent,0.91,high,
v02-c03-u01-016,2,3,1,186,186,학원,培训班,private institute; academy; cram school,lexeme,명사,名,hanja,學院,하권,Korean Basic Dictionary,2,exact_ranked_gloss,dictionary_equivalent,0.91,high,
v02-c03-u02-001,2,3,2,187,187,하늘색,天蓝色,sky blue,lexeme,명사,名,hybrid,하늘色,하늘쌕,Korean Basic Dictionary,1,exact_unique_gloss,dictionary_equivalent,0.97,high,
v02-c03-u02-002,2,3,2,188,188,하얗다,白色,pale; white,lexeme,형용사,形,native,,하ː야타,Korean Basic Dictionary,4,exact_ranked_gloss,dictionary_equivalent,0.91,high,
v02-c03-u02-003,2,3,2,189,189,어울리다,合适,harmonize,lexeme,동사,动,native,,,Korean Basic Dictionary,4,exact_ambiguous_tie,dictionary_equivalent,0.45,low,
v02-c03-u02-004,2,3,2,190,190,갈아입다,换（衣服）,change one's clothes,lexeme,동사,动,native,,가라입따,Korean Basic Dictionary,1,exact_unique_gloss,dictionary_equivalent,0.97,high,
v02-c03-u02-005,2,3,2,191,191,치수,（衣服 鞋等）号码,size; measurement,lexeme,명사,名,hybrid,치數,,Korean Basic Dictionary,2,exact_ranked_gloss,dictionary_equivalent,0.91,high,
v02-c03-u02-006,2,3,2,192,192,양복,西装,suit,lexeme,명사,名,hanja,洋服,,Korean Basic Dictionary,1,exact_unique_gloss,dictionary_equivalent,0.97,high,
v02-c03-u02-007,2,3,2,193,193,원피스,连衣裙,one-piece dress,lexeme,명사,名,loanword,one-piece,,Korean Basic Dictionary,1,exact_unique_gloss,dictionary_equivalent,0.97,high,
v02-c03-u02-008,2,3,2,194,194,꽃무늬,花纹,floral pattern,lexeme,명사,名,native,,꼰무니,Korean Basic Dictionary,1,exact_unique_gloss,dictionary_equivalent,0.97,high,
v02-c03-u02-009,2,3,2,195,195,줄무늬,条纹,stripe,lexeme,명사,名,native,,줄무니,Korean Basic Dictionary,1,exact_unique_gloss,dictionary_equivalent,0.97,high,
v02-c03-u02-010,2,3,2,196,196,체크무늬,格子纹,checked pattern,lexeme,명사,名,hybrid,check무늬,,Korean Basic Dictionary,1,exact_unique_gloss,dictionary_equivalent,0.97,high,
v02-c03-u02-011,2,3,2,197,197,물방울무늬,水珠纹,polka-dot pattern,expression,표현,表达,expression,,,,0,unmatched,editorial_override,0.15,low,English gloss added by project editorial pass.
v02-c03-u02-012,2,3,2,198,198,분홍색,粉红色,pink,lexeme,명사,名,hanja,粉紅色,분ː홍색,Korean Basic Dictionary,1,exact_unique_gloss,dictionary_equivalent,0.97,high,
v02-c03-u02-013,2,3,2,199,199,이상하다,奇怪,unusual; strange; peculiar,lexeme,형용사,形,hybrid,異常하다,이ː상하다,Korean Basic Dictionary,3,exact_ranked_gloss,dictionary_equivalent,0.91,high,
v02-c03-u03-001,2,3,3,200,200,계산,结账 计算,calculation,lexeme,명사,名,hanja,計算,계ː산/게ː산,Korean Basic Dictionary,4,exact_ambiguous_tie,dictionary_equivalent,0.45,low,
v02-c03-u03-002,2,3,3,201,201,봉투,信封 文件袋,envelope,lexeme,명사,名,hanja,封套,,Korean Basic Dictionary,1,exact_unique_gloss,dictionary_equivalent,0.97,high,
v02-c03-u03-003,2,3,3,202,202,서명하다,签字,sign; write one's signature,lexeme,동사,动,hybrid,署名하다,서ː명하다,Korean Basic Dictionary,1,exact_unique_gloss,dictionary_equivalent,0.97,high,
v02-c03-u03-004,2,3,3,203,203,직접,直接,direct relationship,lexeme,명사,名,hanja,直接,직쩝,Korean Basic Dictionary,2,exact_ambiguous_tie,dictionary_equivalent,0.45,low,
v02-c03-u03-005,2,3,3,204,204,배달하다,送货,deliver,lexeme,동사,动,hybrid,配達하다,배ː달하다,Korean Basic Dictionary,1,exact_unique_gloss,dictionary_equivalent,0.97,high,
v02-c03-u03-006,2,3,3,205,205,냉동식품,冷冻食品,frozen food,lexeme,명사,名,hanja,冷凍食品,냉ː동식품,Korean Basic Dictionary,1,exact_unique_gloss,dictionary_equivalent,0.97,high,
v02-c03-u03-007,2,3,3,206,206,주방용품,厨房用品,kitchenware,expression,표현,表达,expression,,,,0,unmatched,editorial_override,0.15,low,English gloss added by project editorial pass.
v02-c03-u03-008,2,3,3,207,207,유제품,乳制品,dairy product,lexeme,명사,名,hanja,乳製品,,Korean Basic Dictionary,1,exact_unique_gloss,dictionary_equivalent,0.97,high,
v02-c03-u03-009,2,3,3,208,208,곡물,谷物,grain,lexeme,명사,名,hanja,穀物,공물,Korean Basic Dictionary,1,exact_unique_gloss,dictionary_equivalent,0.97,high,
v02-c03-u03-010,2,3,3,209,209,음료,饮料,drink; water; soda,lexeme,명사,名,hanja,飮料,음ː뇨,Korean Basic Dictionary,1,exact_unique_gloss,dictionary_equivalent,0.97,high,
v02-c03-u03-011,2,3,3,210,210,식료품,食品,food,lexeme,명사,名,hanja,食料品,싱뇨품,Korean Basic Dictionary,1,exact_unique_gloss,dictionary_equivalent,0.97,high,
v02-c03-u03-012,2,3,3,211,211,생활용품,生活用品,daily necessities,lexeme,명사,名,hanja,生活用品,생활룡품,Korean Basic Dictionary,1,exact_unique_gloss,dictionary_equivalent,0.97,high,
v02-c03-u03-013,2,3,3,212,212,노인,老人,old person; the aged; senior citizen,lexeme,명사,名,hanja,老人,노ː인,Korean Basic Dictionary,1,exact_unique_gloss,dictionary_equivalent,0.97,high,
v02-c03-u03-014,2,3,3,213,213,세일하다,打折,have a sale,lexeme,동사,动,hybrid,sale하다,,Korean Basic Dictionary,1,exact_unique_gloss,dictionary_equivalent,0.97,high,
v02-c03-u03-015,2,3,3,214,214,대표,代表,representative,lexeme,명사,名,hanja,代表,대ː표,Korean Basic Dictionary,2,exact_ambiguous_tie,dictionary_equivalent,0.45,low,
v02-c03-u03-016,2,3,3,215,215,싫증이 나다,厌倦,to get tired of,expression,표현,表达,expression,싫증(싫症) + 나다(固),,Korean Basic Dictionary,0,component_match,editorial_override,0.42,low,English gloss added by project editorial pass.
v02-c03-u03-017,2,3,3,216,216,기념품,纪念品,souvenir,lexeme,명사,名,hanja,紀念品,,Korean Basic Dictionary,1,exact_unique_gloss,dictionary_equivalent,0.97,high,
v02-c03-u04-001,2,3,4,217,217,바구니,篮子,basket,lexeme,명사,名,native,,,Korean Basic Dictionary,2,exact_ambiguous_tie,dictionary_equivalent,0.45,low,
v02-c03-u04-002,2,3,4,218,218,광고,广告,advertisement; publicity,lexeme,명사,名,hanja,廣告,광ː고,Korean Basic Dictionary,2,exact_ambiguous_tie,dictionary_equivalent,0.45,low,
v02-c03-u04-003,2,3,4,219,219,마음에 들다,满意 称心 喜欢,To feel good about something as it fits what one feels or thinks.,expression,표현,表达,expression,마음(固) + 들다(固),,Korean Basic Dictionary,0,component_match,dictionary_definition,0.42,low,
v02-c03-u04-004,2,3,4,220,220,와인,红酒,wine,lexeme,명사,名,loanword,wine,,Korean Basic Dictionary,1,exact_unique_gloss,dictionary_equivalent,0.97,high,
v02-c03-u04-005,2,3,4,221,221,반지,戒指,ring,lexeme,명사,名,hanja,半指/斑指,,Korean Basic Dictionary,1,exact_unique_gloss,dictionary_equivalent,0.97,high,
v02-c03-u04-006,2,3,4,222,222,손수건,手绢,handkerchief,lexeme,명사,名,hybrid,손手巾,손쑤건,Korean Basic Dictionary,1,exact_unique_gloss,dictionary_equivalent,0.97,high,
v02-c03-u04-007,2,3,4,223,223,목도리,围巾,scarf,lexeme,명사,名,native,,목또리,Korean Basic Dictionary,1,exact_unique_gloss,dictionary_equivalent,0.97,high,
v02-c03-u04-008,2,3,4,224,224,장갑,手套,glove,lexeme,명사,名,hanja,掌匣/掌甲,장ː갑,Korean Basic Dictionary,1,exact_unique_gloss,dictionary_equivalent,0.97,high,
v02-c03-u04-009,2,3,4,225,225,군만두,煎饺 锅贴,gunmandu; fried dumpling,lexeme,명사,名,hybrid,군饅頭,군ː만두,Korean Basic Dictionary,1,exact_unique_gloss,dictionary_equivalent,0.97,high,
v02-c03-u04-010,2,3,4,226,226,서비스,服务,service,lexeme,명사,名,loanword,service,,Korean Basic Dictionary,4,exact_ambiguous_tie,dictionary_equivalent,0.45,low,
v02-c03-u04-011,2,3,4,227,227,콤비네이션 피자,拼盘披萨,combination pizza,expression,표현,表达,expression,피자(pizza),,Korean Basic Dictionary,0,component_match,editorial_override,0.42,low,English gloss added by project editorial pass.
v02-c03-u04-012,2,3,4,228,228,감자,土豆,potato,lexeme,명사,名,native,,,Korean Basic Dictionary,2,exact_ranked_gloss,dictionary_equivalent,0.91,high,
v02-c03-u04-013,2,3,4,229,229,비누,肥皂,soap,lexeme,명사,名,native,,,Korean Basic Dictionary,1,exact_unique_gloss,dictionary_equivalent,0.97,high,
v02-c03-u04-014,2,3,4,230,230,햄,火腿,ham,lexeme,명사,名,loanword,ham,,Korean Basic Dictionary,1,exact_unique_gloss,dictionary_equivalent,0.97,high,
v02-c03-u04-015,2,3,4,231,231,생수,矿泉水,mineral water; natural water,lexeme,명사,名,hanja,生水,,Korean Basic Dictionary,1,exact_unique_gloss,dictionary_equivalent,0.97,high,
v02-c03-u04-016,2,3,4,232,232,디지털 카메라,数码相机,digital camera,expression,표현,表达,expression,디지털(digital) + 카메라(camera),,Korean Basic Dictionary,0,component_match,editorial_override,0.42,low,English gloss added by project editorial pass.
v02-c03-u04-017,2,3,4,233,233,전자사전,电子词典,electronic dictionary,lexeme,명사,名,hanja,電子辭典,전ː자사전,Korean Basic Dictionary,1,exact_unique_gloss,dictionary_equivalent,0.97,high,
v02-c03-u04-018,2,3,4,234,234,MP3 플레이어,MP3播放器,MP3 player,expression,표현,表达,expression,,,,0,unmatched,editorial_override,0.15,low,English gloss added by project editorial pass.
v02-c03-u04-019,2,3,4,235,235,스팀 청소기,蒸汽吸尘器,steam cleaner,expression,표현,表达,expression,스팀(steam) + 청소기(淸掃機),,Korean Basic Dictionary,0,component_match,editorial_override,0.42,low,English gloss added by project editorial pass.
v02-c03-u05-001,2,3,5,236,236,핸드백,手提包,handbag; purse,lexeme,명사,名,loanword,handbag,,Korean Basic Dictionary,1,exact_unique_gloss,dictionary_equivalent,0.97,high,
v02-c03-u05-002,2,3,5,237,237,튼튼하다,结实,strong,lexeme,형용사,形,native,,,Korean Basic Dictionary,4,exact_ambiguous_tie,dictionary_equivalent,0.45,low,
v02-c03-u05-003,2,3,5,238,238,찢어지다,破,be torn; be ripped,lexeme,동사,动,native,,찌저지다,Korean Basic Dictionary,2,exact_ranked_gloss,dictionary_equivalent,0.91,high,
v02-c03-u05-004,2,3,5,239,239,더러워지다,变脏,become dirty,lexeme,동사,动,native,,더ː러워지다,Korean Basic Dictionary,3,exact_ranked_gloss,dictionary_equivalent,0.91,high,
v02-c03-u05-005,2,3,5,240,240,가죽,皮革,skin,lexeme,명사,名,native,,,Korean Basic Dictionary,3,exact_ambiguous_tie,dictionary_equivalent,0.45,low,
v02-c03-u05-006,2,3,5,241,241,깎다,杀价,lower,lexeme,동사,动,native,,깍따,Korean Basic Dictionary,6,exact_ranked_gloss,dictionary_equivalent,0.91,high,
v02-c03-u05-007,2,3,5,242,242,제품,产品,product,lexeme,명사,名,hanja,製品,제ː품,Korean Basic Dictionary,1,exact_unique_gloss,dictionary_equivalent,0.97,high,
v02-c03-u05-008,2,3,5,243,243,광경,光景 景色,sight; scene,lexeme,명사,名,hanja,光景,,Korean Basic Dictionary,1,exact_unique_gloss,dictionary_equivalent,0.97,high,
v02-c03-u05-009,2,3,5,244,244,주차장,停车场,parking lot,lexeme,명사,名,hanja,駐車場,주ː차장,Korean Basic Dictionary,1,exact_unique_gloss,dictionary_equivalent,0.97,high,
v02-c03-u05-010,2,3,5,245,245,신선하다,新鲜,novel; original,lexeme,형용사,形,hybrid,新鮮하다,,Korean Basic Dictionary,2,exact_ambiguous_tie,dictionary_equivalent,0.45,low,
v02-c03-u05-011,2,3,5,246,246,특별하다,特别,special,lexeme,형용사,形,hybrid,特別하다,특뼐하다,Korean Basic Dictionary,1,exact_unique_gloss,dictionary_equivalent,0.97,high,
v02-c03-u05-012,2,3,5,247,247,한약,韩药 中药,herbal medicine,lexeme,명사,名,hanja,韓藥,하ː냑,Korean Basic Dictionary,1,exact_unique_gloss,dictionary_equivalent,0.97,high,
v02-c03-u05-013,2,3,5,248,248,농수산물,农产品和水产品,agricultural and marine products,lexeme,명사,名,hanja,農水産物,,Korean Basic Dictionary,1,exact_unique_gloss,dictionary_equivalent,0.97,high,
v02-c03-u05-014,2,3,5,249,249,보석,宝石 珠宝,jewel,lexeme,명사,名,hanja,寶石,보ː석,Korean Basic Dictionary,2,exact_ranked_gloss,dictionary_equivalent,0.91,high,
v02-c03-u05-015,2,3,5,250,250,악기,乐器,musical instrument,lexeme,명사,名,hanja,樂器,악끼,Korean Basic Dictionary,1,exact_unique_gloss,dictionary_equivalent,0.97,high,
v02-c04-u01-001,2,4,1,251,251,파티,派对,party,lexeme,명사,名,loanword,party,,Korean Basic Dictionary,1,exact_unique_gloss,dictionary_equivalent,0.97,high,
v02-c04-u01-002,2,4,1,252,252,초대하다,邀请,invite,lexeme,동사,动,hybrid,招待하다,,Korean Basic Dictionary,1,exact_unique_gloss,dictionary_equivalent,0.97,high,
v02-c04-u01-003,2,4,1,253,253,잊다,忘记,forget; be forgetful of,lexeme,동사,动,native,,읻따,Korean Basic Dictionary,5,exact_ambiguous_tie,dictionary_equivalent,0.45,low,
v02-c04-u01-004,2,4,1,254,254,꼭,一定,without fail; at any cost; certainly,lexeme,부사,副,native,,,Korean Basic Dictionary,8,exact_ranked_gloss,dictionary_equivalent,0.91,high,
v02-c04-u01-005,2,4,1,255,255,폭죽,爆竹,firecracker; squib,lexeme,명사,名,hanja,爆竹,폭쭉,Korean Basic Dictionary,1,exact_unique_gloss,dictionary_equivalent,0.97,high,
v02-c04-u01-006,2,4,1,256,256,터뜨리다,使爆裂,pop; burst,lexeme,동사,动,native,,터ː뜨리다,Korean Basic Dictionary,7,exact_ranked_gloss,dictionary_equivalent,0.91,high,
v02-c04-u01-007,2,4,1,257,257,촛불,蜡烛,candlelight,lexeme,명사,名,native,,초뿔/촏뿔,Korean Basic Dictionary,1,exact_unique_gloss,dictionary_equivalent,0.97,high,
v02-c04-u01-008,2,4,1,258,258,불다,吹,blow,lexeme,동사,动,native,,불ː다,Korean Basic Dictionary,9,exact_ambiguous_tie,dictionary_equivalent,0.45,low,
v02-c04-u01-009,2,4,1,259,259,자르다,切,cut; sever; chop,lexeme,동사,动,native,,,Korean Basic Dictionary,6,exact_ambiguous_tie,dictionary_equivalent,0.45,low,
v02-c04-u01-010,2,4,1,260,260,박수를 치다,鼓掌,to applaud; clap,expression,표현,表达,expression,박수(拍手) + 치다(固),,Korean Basic Dictionary,0,component_match,editorial_override,0.42,low,English gloss added by project editorial pass.
v02-c04-u01-011,2,4,1,261,261,이해하다,了解 理解,understand; comprehend; figure out,lexeme,동사,动,hybrid,理解하다,이ː해하다,Korean Basic Dictionary,3,exact_ambiguous_tie,dictionary_equivalent,0.45,low,
v02-c04-u01-012,2,4,1,262,262,모든,所有,every,lexeme,관형사,冠,native,,모ː든,Korean Basic Dictionary,1,exact_unique_gloss,dictionary_equivalent,0.97,high,
v02-c04-u01-013,2,4,1,263,263,뷔페,自助餐,buffet,lexeme,명사,名,loanword,buffet,,Korean Basic Dictionary,1,exact_unique_gloss,dictionary_equivalent,0.97,high,
v02-c04-u01-014,2,4,1,264,264,별일 없다,没别的事,nothing in particular,expression,표현,表达,expression,별일(別일) + 없다(固),,Korean Basic Dictionary,0,component_match,editorial_override,0.42,low,English gloss added by project editorial pass.
v02-c04-u02-001,2,4,2,265,265,집들이,乔迁宴,housewarming party,lexeme,명사,名,native,,집뜨리,Korean Basic Dictionary,1,exact_unique_gloss,dictionary_equivalent,0.97,high,
v02-c04-u02-002,2,4,2,266,266,동료,同事,coworker; colleague,lexeme,명사,名,hanja,同僚,동뇨,Korean Basic Dictionary,1,exact_unique_gloss,dictionary_equivalent,0.97,high,
v02-c04-u02-003,2,4,2,267,267,적다,写,write; write down,lexeme,동사,动,native,,적따,Korean Basic Dictionary,3,exact_ambiguous_tie,dictionary_equivalent,0.45,low,
v02-c04-u02-004,2,4,2,268,268,따로,不在一块儿 另外,separately,lexeme,부사,副,native,,,Korean Basic Dictionary,2,exact_ambiguous_tie,dictionary_equivalent,0.45,low,
v02-c04-u02-005,2,4,2,269,269,결정하다,决定,decide,lexeme,동사,动,hybrid,決定하다,결쩡하다,Korean Basic Dictionary,1,exact_unique_gloss,dictionary_equivalent,0.97,high,
v02-c04-u02-006,2,4,2,270,270,서재,书房,study,lexeme,명사,名,hanja,書齋,,Korean Basic Dictionary,2,exact_ranked_gloss,dictionary_equivalent,0.91,high,
v02-c04-u02-007,2,4,2,271,271,욕실,浴室,bathroom,lexeme,명사,名,hanja,浴室,욕씰,Korean Basic Dictionary,1,exact_unique_gloss,dictionary_equivalent,0.97,high,
v02-c04-u02-008,2,4,2,272,272,부엌,厨房,kitchen,lexeme,명사,名,native,,부억,Korean Basic Dictionary,1,exact_unique_gloss,dictionary_equivalent,0.97,high,
v02-c04-u02-009,2,4,2,273,273,현관,玄关,entrance; porch,lexeme,명사,名,hanja,玄關,,Korean Basic Dictionary,1,exact_unique_gloss,dictionary_equivalent,0.97,high,
v02-c04-u02-010,2,4,2,274,274,창고,仓库,warehouse; storage,lexeme,명사,名,hanja,倉庫,,Korean Basic Dictionary,1,exact_unique_gloss,dictionary_equivalent,0.97,high,
v02-c04-u02-011,2,4,2,275,275,방,卧室,room,lexeme,명사,名,hanja,房,,Korean Basic Dictionary,7,exact_ambiguous_tie,dictionary_equivalent,0.45,low,
v02-c04-u02-012,2,4,2,276,276,거실,客厅,living room,lexeme,명사,名,hanja,居室,,Korean Basic Dictionary,1,exact_unique_gloss,dictionary_equivalent,0.97,high,
v02-c04-u02-013,2,4,2,277,277,베란다,阳台,veranda,lexeme,명사,名,loanword,veranda,,Korean Basic Dictionary,1,exact_unique_gloss,dictionary_equivalent,0.97,high,
v02-c04-u02-014,2,4,2,278,278,고민,苦恼 烦恼,worry; anguish,lexeme,명사,名,hanja,苦悶,,Korean Basic Dictionary,1,exact_unique_gloss,dictionary_equivalent,0.97,high,
v02-c04-u02-015,2,4,2,279,279,커튼,窗帘,curtain; drapes,lexeme,명사,名,loanword,curtain,,Korean Basic Dictionary,2,exact_ranked_gloss,dictionary_equivalent,0.91,high,
v02-c04-u02-016,2,4,2,280,280,블라인드,百叶窗,window blind,expression,표현,表达,expression,,,,0,unmatched,editorial_override,0.15,low,English gloss added by project editorial pass.
v02-c04-u02-017,2,4,2,281,281,외식,在外吃饭,eating out; meal in a restaurant,lexeme,명사,名,hanja,外食,외ː식/웨ː식,Korean Basic Dictionary,1,exact_unique_gloss,dictionary_equivalent,0.97,high,
v02-c04-u02-018,2,4,2,282,282,자유롭다,自由,free,lexeme,형용사,形,hybrid,自由롭다,자유롭따,Korean Basic Dictionary,1,exact_unique_gloss,dictionary_equivalent,0.97,high,
v02-c04-u02-019,2,4,2,283,283,의논하다,商量,discuss,lexeme,동사,动,hybrid,議論하다,,Korean Basic Dictionary,1,exact_unique_gloss,dictionary_equivalent,0.97,high,
v02-c04-u02-020,2,4,2,284,284,대학원,研究生院,graduate school,lexeme,명사,名,hanja,大學院,대ː하권,Korean Basic Dictionary,1,exact_unique_gloss,dictionary_equivalent,0.97,high,
v02-c04-u03-001,2,4,3,285,285,후배,后辈 晚辈,junior,lexeme,명사,名,hanja,後輩,후ː배,Korean Basic Dictionary,2,exact_ranked_gloss,dictionary_equivalent,0.91,high,
v02-c04-u03-002,2,4,3,286,286,청첩장,请柬,invitation card; invitation letter,lexeme,명사,名,hanja,請牒狀,청첩짱,Korean Basic Dictionary,1,exact_unique_gloss,dictionary_equivalent,0.97,high,
v02-c04-u03-003,2,4,3,287,287,연세,年龄（敬）,age,lexeme,명사,名,hanja,年歲,,Korean Basic Dictionary,1,exact_unique_gloss,dictionary_equivalent,0.97,high,
v02-c04-u03-004,2,4,3,288,288,서두르다,着急,hurry; rush,lexeme,동사,动,native,,,Korean Basic Dictionary,2,exact_ranked_gloss,dictionary_equivalent,0.91,high,
v02-c04-u03-005,2,4,3,289,289,별로,不怎么 没什么 不太,specially; particularly,lexeme,부사,副,hybrid,別로,,Korean Basic Dictionary,1,exact_unique_gloss,dictionary_equivalent,0.97,high,
v02-c04-u03-006,2,4,3,290,290,축의금,礼金,money gift; congratulatory money,lexeme,명사,名,hanja,祝儀金,추긔금/추기금,Korean Basic Dictionary,1,exact_unique_gloss,dictionary_equivalent,0.97,high,
v02-c04-u03-007,2,4,3,291,291,예물,信物,present; gift,lexeme,명사,名,hanja,禮物,,Korean Basic Dictionary,2,exact_ambiguous_tie,dictionary_equivalent,0.45,low,
v02-c04-u03-008,2,4,3,292,292,교환하다,交换,change,lexeme,동사,动,hybrid,交換하다,,Korean Basic Dictionary,2,exact_ambiguous_tie,dictionary_equivalent,0.45,low,
v02-c04-u03-009,2,4,3,293,293,축가,祝歌,congratulatory song; festive song,lexeme,명사,名,hanja,祝歌,축까,Korean Basic Dictionary,1,exact_unique_gloss,dictionary_equivalent,0.97,high,
v02-c04-u03-010,2,4,3,294,294,부케,捧花,bouquet,lexeme,명사,名,loanword,bouquet,,Korean Basic Dictionary,1,exact_unique_gloss,dictionary_equivalent,0.97,high,
v02-c04-u03-011,2,4,3,295,295,던지다,扔,throw,lexeme,동사,动,native,,,Korean Basic Dictionary,12,exact_ambiguous_tie,dictionary_equivalent,0.45,low,
v02-c04-u03-012,2,4,3,296,296,촬영을 하다,拍照,to film; take pictures,expression,표현,表达,expression,촬영(撮影) + 하다(固),,Korean Basic Dictionary,0,component_match,editorial_override,0.42,low,English gloss added by project editorial pass.
v02-c04-u03-013,2,4,3,297,297,피로연,宴会,banquet; reception,lexeme,명사,名,hanja,披露宴,,Korean Basic Dictionary,1,exact_unique_gloss,dictionary_equivalent,0.97,high,
v02-c04-u03-014,2,4,3,298,298,휴게실,休息室,lounge; waiting room,lexeme,명사,名,hanja,休憩室,,Korean Basic Dictionary,1,exact_unique_gloss,dictionary_equivalent,0.97,high,
v02-c04-u04-001,2,4,4,299,299,음악회,音乐会,music concert,lexeme,명사,名,hanja,音樂會,으마쾨/으마퀘,Korean Basic Dictionary,1,exact_unique_gloss,dictionary_equivalent,0.97,high,
v02-c04-u04-002,2,4,4,300,300,동창,同学,alumnus; classmate,lexeme,명사,名,hanja,同窓,,Korean Basic Dictionary,2,exact_ranked_gloss,dictionary_equivalent,0.91,high,
v02-c04-u04-003,2,4,4,301,301,뒤풀이,余兴（活动结束后进行的非正式聚会）,after party,lexeme,명사,名,native,,뒤ː푸리,Korean Basic Dictionary,1,exact_unique_gloss,dictionary_equivalent,0.97,high,
v02-c04-u04-004,2,4,4,302,302,기대가 되다,期待,to look forward to,expression,표현,表达,expression,기대(期待/企待) + 되다(固),,Korean Basic Dictionary,0,component_match,editorial_override,0.42,low,English gloss added by project editorial pass.
v02-c04-u04-005,2,4,4,303,303,동아리,社团,club,lexeme,명사,名,native,,,Korean Basic Dictionary,1,exact_unique_gloss,dictionary_equivalent,0.97,high,
v02-c04-u04-006,2,4,4,304,304,동호회,同好会,club,lexeme,명사,名,hanja,同好會,동호회/동호훼,Korean Basic Dictionary,1,exact_unique_gloss,dictionary_equivalent,0.97,high,
v02-c04-u04-007,2,4,4,305,305,반상회,例会,neighborhood meeting,lexeme,명사,名,hanja,班常會,반상회/반상훼,Korean Basic Dictionary,1,exact_unique_gloss,dictionary_equivalent,0.97,high,
v02-c04-u04-008,2,4,4,306,306,동창회,同学会,school reunion,lexeme,명사,名,hanja,同窓會,동창회/동창훼,Korean Basic Dictionary,1,exact_unique_gloss,dictionary_equivalent,0.97,high,
v02-c04-u04-009,2,4,4,307,307,환영회,欢迎会,welcome party; reception,lexeme,명사,名,hanja,歡迎會,화녕회/화녕훼,Korean Basic Dictionary,1,exact_unique_gloss,dictionary_equivalent,0.97,high,
v02-c04-u04-010,2,4,4,308,308,송별회,送别会,farewell party,lexeme,명사,名,hanja,送別會,송ː별회/송ː별훼,Korean Basic Dictionary,1,exact_unique_gloss,dictionary_equivalent,0.97,high,
v02-c04-u04-011,2,4,4,309,309,모임,集会,meeting; gathering,lexeme,명사,名,native,,,Korean Basic Dictionary,2,exact_ambiguous_tie,dictionary_equivalent,0.45,low,
v02-c04-u04-012,2,4,4,310,310,포기하다,放弃,give up,lexeme,동사,动,hybrid,抛棄하다,포ː기하다,Korean Basic Dictionary,2,exact_ambiguous_tie,dictionary_equivalent,0.45,low,
v02-c04-u04-013,2,4,4,311,311,세제,洗衣粉,detergent; cleanser,lexeme,명사,名,hanja,洗劑,세ː제,Korean Basic Dictionary,2,exact_ranked_gloss,dictionary_equivalent,0.91,high,
v02-c04-u05-001,2,4,5,312,312,낚시하다,钓鱼,do fishing; fish,lexeme,동사,动,native,,낙씨하다,Korean Basic Dictionary,1,exact_unique_gloss,dictionary_equivalent,0.97,high,
v02-c04-u05-002,2,4,5,313,313,종일,整天,the entire day,lexeme,명사,名,hanja,終日,,Korean Basic Dictionary,2,exact_ambiguous_tie,dictionary_equivalent,0.45,low,
v02-c04-u05-003,2,4,5,314,314,토끼,兔子,rabbit,lexeme,명사,名,native,,,Korean Basic Dictionary,2,exact_unique_gloss,dictionary_equivalent,0.97,high,
v02-c04-u05-004,2,4,5,315,315,잡다,抓住,seize; grab,lexeme,동사,动,native,,잡따,Korean Basic Dictionary,25,exact_ambiguous_tie,dictionary_equivalent,0.45,low,
v02-c04-u05-005,2,4,5,316,316,살아나다,复活 复苏 复兴,revive; return to life; be restored to life,lexeme,동사,动,native,,사라나다,Korean Basic Dictionary,5,exact_ranked_gloss,dictionary_equivalent,0.91,high,
v02-c04-u05-006,2,4,5,317,317,돌잔치,周岁庆宴,doljanchi; Korean first-birthday celebration,lexeme,명사,名,native,,,Korean Basic Dictionary,1,editorial_override,editorial_override,1.0,verified,保留文化词罗马字并补充英文说明。
v02-c04-u05-007,2,4,5,318,318,승진,升职,promotion; advancement,lexeme,명사,名,hanja,昇進/陞進,,Korean Basic Dictionary,1,exact_unique_gloss,dictionary_equivalent,0.97,high,
v02-c04-u05-008,2,4,5,319,319,금반지,金戒指,gold ring,lexeme,명사,名,hanja,金半指,,Korean Basic Dictionary,1,exact_unique_gloss,dictionary_equivalent,0.97,high,
v02-c04-u05-009,2,4,5,320,320,거품,泡儿,bubble; foam,lexeme,명사,名,native,,,Korean Basic Dictionary,3,exact_ambiguous_tie,dictionary_equivalent,0.45,low,
v02-c04-u05-010,2,4,5,321,321,의미,意义 意思,meaning; sense,lexeme,명사,名,hanja,意味,의ː미,Korean Basic Dictionary,3,exact_ranked_gloss,dictionary_equivalent,0.91,high,
v02-c04-u05-011,2,4,5,322,322,시험에 붙다,考上 考试合格,to pass an exam,expression,표현,表达,expression,시험(試驗) + 붙다(固),,Korean Basic Dictionary,0,component_match,editorial_override,0.42,low,English gloss added by project editorial pass.
v02-c05-u01-001,2,5,1,323,323,놀이 공원,游乐场,amusement park,expression,표현,表达,expression,놀이(固) + 공원(公園),,Korean Basic Dictionary,0,component_match,editorial_override,0.42,low,English gloss added by project editorial pass.
v02-c05-u01-002,2,5,1,324,324,번,次,number; counter for times,lexeme,의존 명사,依存名,hanja,番,,Korean Basic Dictionary,3,editorial_override,editorial_override,1.0,verified,번 表示号码或次数单位；原英文 beon 只是罗马字。
v02-c05-u01-003,2,5,1,325,325,충무로,忠武路（地名）,Chungmuro,expression,표현,表达,expression,,,,0,unmatched,editorial_override,0.15,low,English gloss added by project editorial pass.
v02-c05-u01-004,2,5,1,326,326,호선,号线,line,lexeme,의존 명사,依存名,hanja,號線,,Korean Basic Dictionary,1,exact_unique_gloss,dictionary_equivalent,0.97,high,
v02-c05-u01-005,2,5,1,327,327,갈아타다,换乘,transfer; transship,lexeme,동사,动,native,,가라타다,Korean Basic Dictionary,1,exact_unique_gloss,dictionary_equivalent,0.97,high,
v02-c05-u01-006,2,5,1,328,328,개인택시,个人出租车,owner-driver taxi,lexeme,명사,名,hybrid,個人taxi,,Korean Basic Dictionary,1,exact_unique_gloss,dictionary_equivalent,0.97,high,
v02-c05-u01-007,2,5,1,329,329,무궁화호,木槿花号,Mugunghwa train,expression,표현,表达,expression,,,,0,unmatched,editorial_override,0.15,low,English gloss added by project editorial pass.
v02-c05-u01-008,2,5,1,330,330,새마을호,新村号,Saemaeul train,expression,표현,表达,expression,,,,0,unmatched,editorial_override,0.15,low,English gloss added by project editorial pass.
v02-c05-u01-009,2,5,1,331,331,KTX(케이티엑스),韩国高速列车,KTX; Korean high-speed train,expression,표현,表达,expression,,,,0,unmatched,editorial_override,0.15,low,English gloss added by project editorial pass.
v02-c05-u01-010,2,5,1,332,332,서울 타워,首尔塔,Seoul Tower,expression,표현,表达,expression,서울(固) + 타워(tower),,Korean Basic Dictionary,0,component_match,editorial_override,0.42,low,English gloss added by project editorial pass.
v02-c05-u01-011,2,5,1,333,333,남산 도서관,南山图书馆,Namsan Library,expression,표현,表达,expression,남산(南山) + 도서관(圖書館),,Korean Basic Dictionary,0,component_match,editorial_override,0.42,low,English gloss added by project editorial pass.
v02-c05-u01-012,2,5,1,334,334,점,～处,point; dot,lexeme,명사,名,hanja,點,,Korean Basic Dictionary,12,exact_ambiguous_tie,dictionary_equivalent,0.45,low,
v02-c05-u01-013,2,5,1,335,335,마음씨,心地,temper,lexeme,명사,名,native,,,Korean Basic Dictionary,1,exact_unique_gloss,dictionary_equivalent,0.97,high,
v02-c05-u01-014,2,5,1,336,336,짜리,（钱的）面额,denomination; worth,expression,표현,表达,expression,,,,0,unmatched,editorial_override,0.15,low,English gloss added by project editorial pass.
v02-c05-u02-001,2,5,2,337,337,경복궁역,景福宫站,Gyeongbokgung Station,expression,표현,表达,expression,,,,0,unmatched,editorial_override,0.15,low,English gloss added by project editorial pass.
v02-c05-u02-002,2,5,2,338,338,한,左右 大概 大约,approximate,lexeme,관형사,冠,native,,,Korean Basic Dictionary,42,exact_ranked_gloss,dictionary_equivalent,0.91,high,
v02-c05-u02-003,2,5,2,339,339,보통,一般 普通,being ordinary; being average,lexeme,명사,名,hanja,普通,보ː통,Korean Basic Dictionary,4,exact_ambiguous_tie,dictionary_equivalent,0.45,low,
v02-c05-u02-004,2,5,2,340,340,출퇴근,上下班,commuting,lexeme,명사,名,hanja,出退勤,출퇴근/출퉤근,Korean Basic Dictionary,1,exact_unique_gloss,dictionary_equivalent,0.97,high,
v02-c05-u02-005,2,5,2,341,341,정도,程度 左右,degree,lexeme,명사,名,hanja,程度,,Korean Basic Dictionary,4,exact_ambiguous_tie,dictionary_equivalent,0.45,low,
v02-c05-u02-006,2,5,2,342,342,노선도,路线图,route map; line map,lexeme,명사,名,hanja,路線圖,노ː선도,Korean Basic Dictionary,1,exact_unique_gloss,dictionary_equivalent,0.97,high,
v02-c05-u02-007,2,5,2,343,343,하차,下车,getting off; alighting,lexeme,명사,名,hanja,下車,하ː차,Korean Basic Dictionary,1,exact_unique_gloss,dictionary_equivalent,0.97,high,
v02-c05-u02-008,2,5,2,344,344,승차,上车,riding; boarding,lexeme,명사,名,hanja,乘車,,Korean Basic Dictionary,1,exact_unique_gloss,dictionary_equivalent,0.97,high,
v02-c05-u02-009,2,5,2,345,345,벨,铃,bell,lexeme,명사,名,loanword,bell,,Korean Basic Dictionary,1,exact_unique_gloss,dictionary_equivalent,0.97,high,
v02-c05-u02-010,2,5,2,346,346,거스름돈,零钱,change,lexeme,명사,名,native,,거스름똔,Korean Basic Dictionary,1,exact_unique_gloss,dictionary_equivalent,0.97,high,
v02-c05-u02-011,2,5,2,347,347,단말기,刷卡机,terminal,lexeme,명사,名,hanja,端末機,,Korean Basic Dictionary,1,exact_unique_gloss,dictionary_equivalent,0.97,high,
v02-c05-u02-012,2,5,2,348,348,교통카드,交通卡,transit card,expression,표현,表达,expression,,,,0,unmatched,editorial_override,0.15,low,English gloss added by project editorial pass.
v02-c05-u02-013,2,5,2,349,349,노약자석,老弱坐席,seat for the elderly and infirm,lexeme,명사,名,hanja,老弱者席,노ː약짜석,Korean Basic Dictionary,1,exact_unique_gloss,dictionary_equivalent,0.97,high,
v02-c05-u02-014,2,5,2,350,350,분당,盆唐（地名）,Bundang,lexeme,명사,名,hanja,盆唐,,Korean Basic Dictionary,1,editorial_override,editorial_override,1.0,verified,本条是地名盆唐；原英文和词源误配到同形词分党（分黨）。
v02-c05-u02-015,2,5,2,351,351,여러분,大家 各位,everyone; everybody,lexeme,대명사,代,native,,,Korean Basic Dictionary,1,exact_unique_gloss,dictionary_equivalent,0.97,high,
v02-c05-u02-016,2,5,2,352,352,종합 운동장,综合运动场,sports complex,expression,표현,表达,expression,종합(綜合) + 운동장(運動場),,Korean Basic Dictionary,0,component_match,editorial_override,0.42,low,English gloss added by project editorial pass.
v02-c05-u02-017,2,5,2,353,353,지각하다,迟到,be late,lexeme,동사,动,hybrid,遲刻하다,지가카다,Korean Basic Dictionary,3,exact_ranked_gloss,dictionary_equivalent,0.91,high,
v02-c05-u03-001,2,5,3,354,354,과천,果川（地名）,Gwacheon,expression,표현,表达,expression,,,,0,unmatched,editorial_override,0.15,low,English gloss added by project editorial pass.
v02-c05-u03-002,2,5,3,355,355,반대,相反,opposite; contrary,lexeme,명사,名,hanja,反對,반ː대,Korean Basic Dictionary,2,exact_ranked_gloss,dictionary_equivalent,0.91,high,
v02-c05-u03-003,2,5,3,356,356,승강장,站台,platform,lexeme,명사,名,hanja,乘降場,,Korean Basic Dictionary,1,exact_unique_gloss,dictionary_equivalent,0.97,high,
v02-c05-u03-004,2,5,3,357,357,요금,收费 自费 费,fare; fee; charge,lexeme,명사,名,hanja,料金,요ː금,Korean Basic Dictionary,1,exact_unique_gloss,dictionary_equivalent,0.97,high,
v02-c05-u03-005,2,5,3,358,358,역무원,站内服务员,station attendant,expression,표현,表达,expression,,,,0,unmatched,editorial_override,0.15,low,English gloss added by project editorial pass.
v02-c05-u03-006,2,5,3,359,359,내다,交,send in; submit; apply,lexeme,동사,动,native,,내ː다,Korean Basic Dictionary,32,exact_ambiguous_tie,dictionary_equivalent,0.45,low,
v02-c05-u03-007,2,5,3,360,360,안전선,安全线,safety line,expression,표현,表达,expression,,,,0,unmatched,editorial_override,0.15,low,English gloss added by project editorial pass.
v02-c05-u03-008,2,5,3,361,361,스크린 도어,屏蔽门,platform screen door,expression,표현,表达,expression,스크린(screen),,Korean Basic Dictionary,0,component_match,editorial_override,0.42,low,English gloss added by project editorial pass.
v02-c05-u03-009,2,5,3,362,362,열차,列车,train,lexeme,명사,名,hanja,列車,,Korean Basic Dictionary,1,exact_unique_gloss,dictionary_equivalent,0.97,high,
v02-c05-u03-010,2,5,3,363,363,구간,区间 区域,section,lexeme,명사,名,hanja,區間,,Korean Basic Dictionary,2,exact_ranked_gloss,dictionary_equivalent,0.91,high,
v02-c05-u03-011,2,5,3,364,364,방송,广播,broadcasting,lexeme,명사,名,hanja,放送,방ː송,Korean Basic Dictionary,1,exact_unique_gloss,dictionary_equivalent,0.97,high,
v02-c05-u03-012,2,5,3,365,365,주의하다,注意,practice caution,lexeme,동사,动,hybrid,注意하다,주ː의하다/주ː이하다,Korean Basic Dictionary,2,exact_ambiguous_tie,dictionary_equivalent,0.45,low,
v02-c05-u03-013,2,5,3,366,366,양보하다,让步，谦让，迁就,offer; yield; give way to,lexeme,동사,动,hybrid,讓步하다,양ː보하다,Korean Basic Dictionary,3,exact_ambiguous_tie,dictionary_equivalent,0.45,low,
v02-c05-u03-014,2,5,3,367,367,벗다,脱,take off,lexeme,동사,动,native,,벋따,Korean Basic Dictionary,9,exact_ambiguous_tie,dictionary_equivalent,0.45,low,
v02-c05-u04-001,2,5,4,368,368,약도,简图 略图,rough map,lexeme,명사,名,hanja,略圖,약또,Korean Basic Dictionary,1,exact_unique_gloss,dictionary_equivalent,0.97,high,
v02-c05-u04-002,2,5,4,369,369,보이다,看得见,be viewed; be visible; be in sight,lexeme,동사,动,native,,,Korean Basic Dictionary,9,exact_ambiguous_tie,dictionary_equivalent,0.45,low,
v02-c05-u04-003,2,5,4,370,370,똑바로,（正前方）一直,straight; upright,lexeme,부사,副,native,,똑빠로,Korean Basic Dictionary,2,exact_ranked_gloss,dictionary_equivalent,0.91,high,
v02-c05-u04-004,2,5,4,371,371,사거리,十字路口,crossroads; intersection; street corner,lexeme,명사,名,hybrid,四거리,사ː거리,Korean Basic Dictionary,1,exact_unique_gloss,dictionary_equivalent,0.97,high,
v02-c05-u04-005,2,5,4,372,372,쭉,一直,all along,lexeme,부사,副,native,,,Korean Basic Dictionary,12,exact_ranked_gloss,dictionary_equivalent,0.91,high,
v02-c05-u04-006,2,5,4,373,373,어린이 보호,保护儿童,child protection,expression,표현,表达,expression,어린이(固) + 보호(保護),,Korean Basic Dictionary,0,component_match,editorial_override,0.42,low,English gloss added by project editorial pass.
v02-c05-u04-007,2,5,4,374,374,유턴,掉头,U-turn,lexeme,명사,名,loanword,U-turn,,Korean Basic Dictionary,1,exact_unique_gloss,dictionary_equivalent,0.97,high,
v02-c05-u04-008,2,5,4,375,375,버스 전용차로,公共汽车专用道,bus-only lane,expression,표현,表达,expression,버스(bus),,Korean Basic Dictionary,0,component_match,editorial_override,0.42,low,English gloss added by project editorial pass.
v02-c05-u04-009,2,5,4,376,376,일방통행,单行线,one-way traffic,lexeme,명사,名,hanja,一方通行,,Korean Basic Dictionary,2,exact_ambiguous_tie,dictionary_equivalent,0.45,low,
v02-c05-u04-010,2,5,4,377,377,보행자 통행금지,禁止行人通过,no pedestrians,expression,표현,表达,expression,보행자(步行者) + 통행금지(通行禁止),,Korean Basic Dictionary,0,component_match,editorial_override,0.42,low,English gloss added by project editorial pass.
v02-c05-u04-011,2,5,4,378,378,주차금지,禁止停车,no parking,expression,표현,表达,expression,,,,0,unmatched,editorial_override,0.15,low,English gloss added by project editorial pass.
v02-c05-u04-012,2,5,4,379,379,볼링장,保龄球场,bowling alley,lexeme,명사,名,hybrid,bowling場,,Korean Basic Dictionary,1,exact_unique_gloss,dictionary_equivalent,0.97,high,
v02-c05-u04-013,2,5,4,380,380,경찰서,警察局,police station,lexeme,명사,名,hanja,警察署,경ː찰써,Korean Basic Dictionary,1,exact_unique_gloss,dictionary_equivalent,0.97,high,
v02-c05-u04-014,2,5,4,381,381,놀이터,游乐场,playground,lexeme,명사,名,native,,노리터,Korean Basic Dictionary,2,exact_ranked_gloss,dictionary_equivalent,0.91,high,
v02-c05-u04-015,2,5,4,382,382,그리다,画,draw; paint,lexeme,동사,动,native,,그ː리다,Korean Basic Dictionary,5,exact_ranked_gloss,dictionary_equivalent,0.91,high,
v02-c05-u04-016,2,5,4,383,383,어리다,幼 小,young,lexeme,형용사,形,native,,,Korean Basic Dictionary,9,exact_ambiguous_tie,dictionary_equivalent,0.45,low,
v02-c05-u04-017,2,5,4,384,384,청바지,牛仔裤,jeans,lexeme,명사,名,hybrid,靑바지,,Korean Basic Dictionary,1,exact_unique_gloss,dictionary_equivalent,0.97,high,
v02-c05-u04-018,2,5,4,385,385,똑똑하다,聪明,clever; bright; sensible,lexeme,형용사,形,native,,똑또카다,Korean Basic Dictionary,2,exact_ranked_gloss,dictionary_equivalent,0.91,high,
v02-c05-u04-019,2,5,4,386,386,깨다,醒,sober up,lexeme,동사,动,native,,깨ː다,Korean Basic Dictionary,10,exact_ambiguous_tie,dictionary_equivalent,0.45,low,
v02-c05-u05-001,2,5,5,387,387,느리다,慢,slow; sluggish,lexeme,형용사,形,native,,,Korean Basic Dictionary,5,exact_ambiguous_tie,dictionary_equivalent,0.45,low,
v02-c05-u05-002,2,5,5,388,388,연결하다,连接,connect,lexeme,동사,动,hybrid,連結하다,,Korean Basic Dictionary,1,exact_unique_gloss,dictionary_equivalent,0.97,high,
v02-c05-u05-003,2,5,5,389,389,단점,短处,weakness; shortcoming; demerit,lexeme,명사,名,hanja,短點,단ː쩜,Korean Basic Dictionary,1,exact_unique_form,dictionary_equivalent,0.78,medium,
v02-c05-u05-004,2,5,5,390,390,계단,楼梯,stairs; staircase,lexeme,명사,名,hanja,階段,계단/게단,Korean Basic Dictionary,3,exact_ranked_gloss,dictionary_equivalent,0.91,high,
v02-c05-u05-005,2,5,5,391,391,거꾸로,反过来 颠倒,reversely; the other way,lexeme,부사,副,native,,,Korean Basic Dictionary,1,exact_unique_gloss,dictionary_equivalent,0.97,high,
v02-c05-u05-006,2,5,5,392,392,중간,中间,middle,lexeme,명사,名,hanja,中間,,Korean Basic Dictionary,6,exact_ambiguous_tie,dictionary_equivalent,0.45,low,
v02-c05-u05-007,2,5,5,393,393,제일,最 第一,first,lexeme,명사,名,hanja,第一,제ː일,Korean Basic Dictionary,3,exact_ranked_gloss,dictionary_equivalent,0.91,high,
v02-c05-u05-008,2,5,5,394,394,정확하다,正确,accurate,lexeme,형용사,形,hybrid,正確하다,정ː화카다,Korean Basic Dictionary,1,exact_unique_gloss,dictionary_equivalent,0.97,high,
v02-c05-u05-009,2,5,5,395,395,정문,正门,main gate,lexeme,명사,名,hanja,正門,정ː문,Korean Basic Dictionary,2,exact_ranked_gloss,dictionary_equivalent,0.91,high,
v02-c05-u05-010,2,5,5,396,396,언덕,坡 丘陵,hill; slope,lexeme,명사,名,native,,,Korean Basic Dictionary,2,exact_ranked_gloss,dictionary_equivalent,0.91,high,
v02-c05-u05-011,2,5,5,397,397,해저,海底,sea bottom; ocean floor,lexeme,명사,名,hanja,海底,해ː저,Korean Basic Dictionary,1,exact_unique_gloss,dictionary_equivalent,0.97,high,
v02-c05-u05-012,2,5,5,398,398,동네,小区,neighborhood,lexeme,명사,名,hybrid,洞네,동ː네,Korean Basic Dictionary,1,exact_unique_gloss,dictionary_equivalent,0.97,high,
v02-c05-u05-013,2,5,5,399,399,주변,周围 周边,being around,lexeme,명사,名,hanja,周邊,,Korean Basic Dictionary,2,exact_ranked_gloss,dictionary_equivalent,0.91,high,
v02-c05-u05-014,2,5,5,400,400,고유하다,原有 特有,unique,lexeme,형용사,形,hybrid,固有하다,,Korean Basic Dictionary,1,exact_unique_gloss,dictionary_equivalent,0.97,high,
v02-c05-u05-015,2,5,5,401,401,지역,地区,area; region,lexeme,명사,名,hanja,地域,,Korean Basic Dictionary,1,exact_unique_gloss,dictionary_equivalent,0.97,high,
v02-c05-u05-016,2,5,5,402,402,녹색,绿色,green,lexeme,명사,名,hanja,綠色,녹쌕,Korean Basic Dictionary,2,exact_ambiguous_tie,dictionary_equivalent,0.45,low,
v02-c05-u05-017,2,5,5,403,403,일부,一部分,part; some; portion; fraction,lexeme,명사,名,hanja,一部,,Korean Basic Dictionary,1,exact_unique_gloss,dictionary_equivalent,0.97,high,
v02-c06-u01-001,2,6,1,404,404,종교,宗教,religion,lexeme,명사,名,hanja,宗敎,,Korean Basic Dictionary,1,exact_unique_gloss,dictionary_equivalent,0.97,high,
v02-c06-u01-002,2,6,1,405,405,알아보다,了解 打听,investigate; examine; look into,lexeme,동사,动,native,,아라보다,Korean Basic Dictionary,5,exact_ranked_gloss,dictionary_equivalent,0.91,high,
v02-c06-u01-003,2,6,1,406,406,보고서,报告（书）,report,lexeme,명사,名,hanja,報告書,보ː고서,Korean Basic Dictionary,1,exact_unique_gloss,dictionary_equivalent,0.97,high,
v02-c06-u01-004,2,6,1,407,407,자료,资料,material; data; reference,lexeme,명사,名,hanja,資料,,Korean Basic Dictionary,1,exact_unique_gloss,dictionary_equivalent,0.97,high,
v02-c06-u01-005,2,6,1,408,408,연체료,滞纳金,late fee,lexeme,명사,名,hanja,延滯料,,Korean Basic Dictionary,1,exact_unique_gloss,dictionary_equivalent,0.97,high,
v02-c06-u01-006,2,6,1,409,409,학생증,学生证,student identification,lexeme,명사,名,hanja,學生證,학쌩쯩,Korean Basic Dictionary,1,exact_unique_gloss,dictionary_equivalent,0.97,high,
v02-c06-u01-007,2,6,1,410,410,자료를 찾다,查资料,to look for information,expression,표현,表达,expression,자료(資料) + 찾다(固),,Korean Basic Dictionary,0,component_match,editorial_override,0.42,low,English gloss added by project editorial pass.
v02-c06-u01-008,2,6,1,411,411,대출하다,借出,lend; borrow,lexeme,동사,动,hybrid,貸出하다,대ː출하다,Korean Basic Dictionary,1,exact_unique_gloss,dictionary_equivalent,0.97,high,
v02-c06-u01-009,2,6,1,412,412,반납하다,返还,return,lexeme,동사,动,hybrid,返納하다,반ː나파다,Korean Basic Dictionary,1,exact_unique_gloss,dictionary_equivalent,0.97,high,
v02-c06-u01-010,2,6,1,413,413,열람실,阅览室,reading room,lexeme,명사,名,hanja,閱覽室,,Korean Basic Dictionary,1,exact_unique_gloss,dictionary_equivalent,0.97,high,
v02-c06-u01-011,2,6,1,414,414,신청하다,申请,apply,lexeme,동사,动,hybrid,申請하다,,Korean Basic Dictionary,3,exact_ambiguous_tie,dictionary_equivalent,0.45,low,
v02-c06-u01-012,2,6,1,415,415,만화,漫画,comics,lexeme,명사,名,hanja,漫畫,만ː화,Korean Basic Dictionary,1,exact_unique_gloss,dictionary_equivalent,0.97,high,
v02-c06-u01-013,2,6,1,416,416,출판사,出版社,publisher; publishing company,lexeme,명사,名,hanja,出版社,,Korean Basic Dictionary,1,exact_unique_gloss,dictionary_equivalent,0.97,high,
v02-c06-u01-014,2,6,1,417,417,반납일,归还日期,return date; due date,expression,표현,表达,expression,,,,0,unmatched,editorial_override,0.15,low,English gloss added by project editorial pass.
v02-c06-u01-015,2,6,1,418,418,환경 문제,环境问题,environmental problem,expression,표현,表达,expression,환경(環境) + 문제(問題),,Korean Basic Dictionary,0,component_match,editorial_override,0.42,low,English gloss added by project editorial pass.
v02-c06-u01-016,2,6,1,419,419,학기말 시험,期末考试,final exam,expression,표현,表达,expression,시험(試驗),,Korean Basic Dictionary,0,component_match,editorial_override,0.42,low,English gloss added by project editorial pass.
v02-c06-u01-017,2,6,1,420,420,참석하다,参加,attend,lexeme,동사,动,hybrid,參席하다,참서카다,Korean Basic Dictionary,1,exact_unique_gloss,dictionary_equivalent,0.97,high,
v02-c06-u01-018,2,6,1,421,421,제시간,按时,schedule; time,lexeme,명사,名,hybrid,제時間,,Korean Basic Dictionary,1,exact_unique_gloss,dictionary_equivalent,0.97,high,
v02-c06-u02-001,2,6,2,422,422,환전,还钱,foreign exchange; money exchange,lexeme,명사,名,hanja,換錢,환ː전,Korean Basic Dictionary,1,exact_unique_gloss,dictionary_equivalent,0.97,high,
v02-c06-u02-002,2,6,2,423,423,환율,汇率,exchange rate,lexeme,명사,名,hanja,換率,화ː뉼,Korean Basic Dictionary,1,exact_unique_gloss,dictionary_equivalent,0.97,high,
v02-c06-u02-003,2,6,2,424,424,떨어지다,下降（汇率） 下跌,fall; drop; decline; decrease,lexeme,동사,动,native,,떠러지다,Korean Basic Dictionary,30,exact_ranked_gloss,dictionary_equivalent,0.91,high,
v02-c06-u02-004,2,6,2,425,425,서류,证件 文件,document; papers,lexeme,명사,名,hanja,書類,,Korean Basic Dictionary,1,exact_unique_gloss,dictionary_equivalent,0.97,high,
v02-c06-u02-005,2,6,2,426,426,처리하다,处理 办理,handle,lexeme,동사,动,hybrid,處理하다,처ː리하다,Korean Basic Dictionary,2,exact_ranked_gloss,dictionary_equivalent,0.91,high,
v02-c06-u02-006,2,6,2,427,427,창구,窗口,window,lexeme,명사,名,hanja,窓口,,Korean Basic Dictionary,3,exact_ambiguous_tie,dictionary_equivalent,0.45,low,
v02-c06-u02-007,2,6,2,428,428,돈을 찾다,取款,to withdraw money,expression,표현,表达,expression,찾다(固),,Korean Basic Dictionary,0,component_match,editorial_override,0.42,low,English gloss added by project editorial pass.
v02-c06-u02-008,2,6,2,429,429,예금하다,存款,deposit; make a deposit,lexeme,동사,动,hybrid,預金하다,예ː금하다,Korean Basic Dictionary,1,exact_unique_gloss,dictionary_equivalent,0.97,high,
v02-c06-u02-009,2,6,2,430,430,줄을 서다,排队,To wait for one's turn or opportunity in order.,expression,표현,表达,expression,서다(固),,Korean Basic Dictionary,0,component_match,dictionary_definition,0.42,low,
v02-c06-u02-010,2,6,2,431,431,비밀번호,密码,password; PIN number,lexeme,명사,名,hanja,秘密番號,비ː밀번호,Korean Basic Dictionary,1,exact_unique_gloss,dictionary_equivalent,0.97,high,
v02-c06-u02-011,2,6,2,432,432,번호표를 뽑다,取号,to take a number,expression,표현,表达,expression,번호표(番號票) + 뽑다(固),,Korean Basic Dictionary,0,component_match,editorial_override,0.42,low,English gloss added by project editorial pass.
v02-c06-u02-012,2,6,2,433,433,통장,存折,bank book; deposit passbook,lexeme,명사,名,hanja,通帳,,Korean Basic Dictionary,1,exact_unique_gloss,dictionary_equivalent,0.97,high,
v02-c06-u02-013,2,6,2,434,434,거리,距离,distance; length,lexeme,명사,名,hanja,距離,거ː리,Korean Basic Dictionary,10,exact_ambiguous_tie,dictionary_equivalent,0.45,low,
v02-c06-u02-014,2,6,2,435,435,이자,利息,interest,lexeme,명사,名,hanja,利子,이ː자,Korean Basic Dictionary,2,exact_ranked_gloss,dictionary_equivalent,0.91,high,
v02-c06-u02-015,2,6,2,436,436,송금,汇款 寄钱,remittance,lexeme,명사,名,hanja,送金,송ː금,Korean Basic Dictionary,1,exact_unique_gloss,dictionary_equivalent,0.97,high,
v02-c06-u02-016,2,6,2,437,437,수수료,手续费,commission; fee; charge,lexeme,명사,名,hanja,手數料,,Korean Basic Dictionary,2,exact_ambiguous_tie,dictionary_equivalent,0.45,low,
v02-c06-u02-017,2,6,2,438,438,공과금,税金 公共事业费,utility bills,lexeme,명사,名,hanja,公課金,,Korean Basic Dictionary,1,exact_unique_gloss,dictionary_equivalent,0.97,high,
v02-c06-u02-018,2,6,2,439,439,전기,电,electricity,lexeme,명사,名,hanja,電氣,전ː기,Korean Basic Dictionary,6,exact_ambiguous_tie,dictionary_equivalent,0.45,low,
v02-c06-u02-019,2,6,2,440,440,가스,煤气,gas,lexeme,명사,名,loanword,gas,,Korean Basic Dictionary,4,exact_ranked_gloss,dictionary_equivalent,0.91,high,
v02-c06-u02-020,2,6,2,441,441,도장,印章,seal; stamp,lexeme,명사,名,hanja,圖章,,Korean Basic Dictionary,4,exact_ranked_gloss,dictionary_equivalent,0.91,high,
v02-c06-u02-021,2,6,2,442,442,신분증,身份证,identification card,lexeme,명사,名,hanja,身分證,신분쯩,Korean Basic Dictionary,1,exact_unique_gloss,dictionary_equivalent,0.97,high,
v02-c06-u02-022,2,6,2,443,443,운전 면허증,驾驶证,driver's license,expression,표현,表达,expression,운전(運轉) + 면허증(免許證),,Korean Basic Dictionary,0,component_match,editorial_override,0.42,low,English gloss added by project editorial pass.
v02-c06-u02-023,2,6,2,444,444,계좌 번호,账号,account number,expression,표현,表达,hanja,計座番號,,Korean Basic Dictionary,1,exact_unique_gloss,dictionary_equivalent,0.97,high,
v02-c06-u02-024,2,6,2,445,445,메모,笔记,memo,lexeme,명사,名,loanword,memo,,Korean Basic Dictionary,1,exact_unique_gloss,dictionary_equivalent,0.97,high,
v02-c06-u03-001,2,6,3,446,446,소포,包裹,package; parcel,lexeme,명사,名,hanja,小包,소ː포,Korean Basic Dictionary,1,exact_unique_gloss,dictionary_equivalent,0.97,high,
v02-c06-u03-002,2,6,3,447,447,저울,秤,scale,lexeme,명사,名,native,,,Korean Basic Dictionary,1,exact_unique_gloss,dictionary_equivalent,0.97,high,
v02-c06-u03-003,2,6,3,448,448,이상,异常 反常,abnormality,lexeme,명사,名,hanja,異常,이ː상,Korean Basic Dictionary,9,exact_ranked_gloss,dictionary_equivalent,0.91,high,
v02-c06-u03-004,2,6,3,449,449,생기다,发生,occur; take place,lexeme,동사,动,native,,,Korean Basic Dictionary,5,exact_ranked_gloss,dictionary_equivalent,0.91,high,
v02-c06-u03-005,2,6,3,450,450,보험에 들다,买保险,to take out insurance,expression,표현,表达,expression,보험(保險) + 들다(固),,Korean Basic Dictionary,0,component_match,editorial_override,0.42,low,English gloss added by project editorial pass.
v02-c06-u03-006,2,6,3,451,451,항공편,航空件,air mail,lexeme,명사,名,hanja,航空便,항ː공편,Korean Basic Dictionary,2,exact_ranked_gloss,dictionary_equivalent,0.91,high,
v02-c06-u03-007,2,6,3,452,452,택배,快递,parcel delivery service; home-delivery service,lexeme,명사,名,hanja,宅配,택빼,Korean Basic Dictionary,1,exact_unique_gloss,dictionary_equivalent,0.97,high,
v02-c06-u03-008,2,6,3,453,453,특급 우편,特快件,express mail,expression,표현,表达,expression,특급(特急) + 우편(郵便),,Korean Basic Dictionary,0,component_match,editorial_override,0.42,low,English gloss added by project editorial pass.
v02-c06-u03-009,2,6,3,454,454,배편,水路件,going by ship,lexeme,명사,名,hybrid,배便,,Korean Basic Dictionary,1,exact_unique_gloss,dictionary_equivalent,0.97,high,
v02-c06-u03-010,2,6,3,455,455,국제 특급,国际特快,international express mail,expression,표현,表达,expression,국제(國際) + 특급(特急),,Korean Basic Dictionary,0,component_match,editorial_override,0.42,low,English gloss added by project editorial pass.
v02-c06-u03-011,2,6,3,456,456,등기,挂号,registered mail,lexeme,명사,名,hanja,登記,,Korean Basic Dictionary,2,exact_ranked_gloss,dictionary_equivalent,0.91,high,
v02-c06-u03-012,2,6,3,457,457,부치다,寄,send,lexeme,동사,动,native,,,Korean Basic Dictionary,11,exact_ambiguous_tie,dictionary_equivalent,0.45,low,
v02-c06-u03-013,2,6,3,458,458,결석,缺席,absence,lexeme,명사,名,hanja,缺席,결썩,Korean Basic Dictionary,1,exact_unique_gloss,dictionary_equivalent,0.97,high,
v02-c06-u03-014,2,6,3,459,459,낙제,不及格,being rejected; failing,lexeme,명사,名,hanja,落第,낙쩨,Korean Basic Dictionary,3,exact_ranked_gloss,dictionary_equivalent,0.91,high,
v02-c06-u03-015,2,6,3,460,460,메일,电子邮件,e-mail; electronic mail,lexeme,명사,名,loanword,mail,,Korean Basic Dictionary,1,exact_unique_gloss,dictionary_equivalent,0.97,high,
v02-c06-u04-001,2,6,4,461,461,연장,延长 延期,extension; prolongation,lexeme,명사,名,hanja,延長,,Korean Basic Dictionary,3,exact_ranked_gloss,dictionary_equivalent,0.91,high,
v02-c06-u04-002,2,6,4,462,462,신청서,申请书,application form,lexeme,명사,名,hanja,申請書,,Korean Basic Dictionary,1,exact_unique_gloss,dictionary_equivalent,0.97,high,
v02-c06-u04-003,2,6,4,463,463,놓이다,放（着）,be placed; be put,lexeme,동사,动,native,,노이다,Korean Basic Dictionary,6,exact_ranked_gloss,dictionary_equivalent,0.91,high,
v02-c06-u04-004,2,6,4,464,464,재학 증명서,在读证明,certificate of enrollment,expression,표현,表达,expression,재학(在學) + 증명서(證明書),,Korean Basic Dictionary,0,component_match,editorial_override,0.42,low,English gloss added by project editorial pass.
v02-c06-u04-005,2,6,4,465,465,비자 기간 연장,延长签证期,visa extension,expression,표현,表达,expression,비자(visa) + 기간(其間) + 연장(延長),,Korean Basic Dictionary,0,component_match,editorial_override,0.42,low,English gloss added by project editorial pass.
v02-c06-u04-006,2,6,4,466,466,입국,入境,entry into a country,lexeme,명사,名,hanja,入國,입꾹,Korean Basic Dictionary,1,exact_unique_gloss,dictionary_equivalent,0.97,high,
v02-c06-u04-007,2,6,4,467,467,유효 기간,有效期,validity period,expression,표현,表达,expression,유효(有效) + 기간(其間),,Korean Basic Dictionary,0,component_match,editorial_override,0.42,low,English gloss added by project editorial pass.
v02-c06-u04-008,2,6,4,468,468,외국인등록증,外国人身份证,alien registration card,expression,표현,表达,expression,,,,0,unmatched,editorial_override,0.15,low,English gloss added by project editorial pass.
v02-c06-u04-009,2,6,4,469,469,출국,出境,departure; leaving a country,lexeme,명사,名,hanja,出國,,Korean Basic Dictionary,1,exact_unique_gloss,dictionary_equivalent,0.97,high,
v02-c06-u04-010,2,6,4,470,470,출입국관리 사무소,出入境管理局,immigration office,expression,표현,表达,expression,사무소(事務所),,Korean Basic Dictionary,0,component_match,editorial_override,0.42,low,English gloss added by project editorial pass.
v02-c06-u04-011,2,6,4,471,471,사증(비자),签证,visa,expression,표현,表达,expression,,,,0,unmatched,editorial_override,0.15,low,English gloss added by project editorial pass.
v02-c06-u04-012,2,6,4,472,472,법무부,法务部,Ministry of Justice,lexeme,명사,名,hanja,法務部,범무부,Korean Basic Dictionary,1,exact_unique_gloss,dictionary_equivalent,0.97,high,
v02-c06-u04-013,2,6,4,473,473,성별,性别,sex; gender,lexeme,명사,名,hanja,性別,성ː별,Korean Basic Dictionary,1,exact_unique_gloss,dictionary_equivalent,0.97,high,
v02-c06-u04-014,2,6,4,474,474,직위,职位,post,lexeme,명사,名,hanja,職位,지귀,Korean Basic Dictionary,1,exact_unique_gloss,dictionary_equivalent,0.97,high,
v02-c06-u04-015,2,6,4,475,475,본국,本国,one's own country; one's native country,lexeme,명사,名,hanja,本國,,Korean Basic Dictionary,3,exact_ambiguous_tie,dictionary_equivalent,0.45,low,
v02-c06-u04-016,2,6,4,476,476,사유,事由 理由,cause; reason,lexeme,명사,名,hanja,事由,사ː유,Korean Basic Dictionary,2,exact_ranked_gloss,dictionary_equivalent,0.91,high,
v02-c06-u04-017,2,6,4,477,477,신청인,申请人,applicant; petitioner; claimant,lexeme,명사,名,hanja,申請人,,Korean Basic Dictionary,1,exact_unique_gloss,dictionary_equivalent,0.97,high,
v02-c06-u04-018,2,6,4,478,478,벤치,长椅,bench,lexeme,명사,名,loanword,bench,,Korean Basic Dictionary,2,exact_ranked_gloss,dictionary_equivalent,0.91,high,
v02-c06-u04-019,2,6,4,479,479,본인,本人,person concerned; person in question,lexeme,명사,名,hanja,本人,보닌,Korean Basic Dictionary,2,exact_ambiguous_tie,dictionary_equivalent,0.45,low,
v02-c06-u05-001,2,6,5,480,480,옛날,古时候 很久以前,past; old days,lexeme,명사,名,native,,옌ː날,Korean Basic Dictionary,3,exact_ranked_gloss,dictionary_equivalent,0.91,high,
v02-c06-u05-002,2,6,5,481,481,마을,村子,town,lexeme,명사,名,native,,,Korean Basic Dictionary,1,exact_unique_gloss,dictionary_equivalent,0.97,high,
v02-c06-u05-003,2,6,5,482,482,밭,旱田,field,lexeme,명사,名,native,,받,Korean Basic Dictionary,2,exact_ranked_gloss,dictionary_equivalent,0.91,high,
v02-c06-u05-004,2,6,5,483,483,집안일,家务,housework; household chores,lexeme,명사,名,native,,지반닐,Korean Basic Dictionary,2,exact_ranked_gloss,dictionary_equivalent,0.91,high,
v02-c06-u05-005,2,6,5,484,484,도둑,小偷,thief,lexeme,명사,名,native,,,Korean Basic Dictionary,4,exact_ranked_gloss,dictionary_equivalent,0.91,high,
v02-c06-u05-006,2,6,5,485,485,경찰,警察,police; policing,lexeme,명사,名,hanja,警察,경ː찰,Korean Basic Dictionary,2,exact_ambiguous_tie,dictionary_equivalent,0.45,low,
v02-c06-u05-007,2,6,5,486,486,달라지다,改变,become different,lexeme,동사,动,native,,,Korean Basic Dictionary,1,exact_unique_gloss,dictionary_equivalent,0.97,high,
v02-c06-u05-008,2,6,5,487,487,닫히다,关(닫다的被动词）,be shut; shut,lexeme,동사,动,native,,다치다,Korean Basic Dictionary,4,exact_ranked_gloss,dictionary_equivalent,0.91,high,
v02-c06-u05-009,2,6,5,488,488,열리다,开（열다的被动词）,open; be unlocked; unlock,lexeme,동사,动,native,,,Korean Basic Dictionary,7,exact_ambiguous_tie,dictionary_equivalent,0.45,low,
v02-c06-u05-010,2,6,5,489,489,헤어지다,告别 分手,part; bid farewell; say good-bye,lexeme,동사,动,native,,,Korean Basic Dictionary,4,exact_ambiguous_tie,dictionary_equivalent,0.45,low,
v02-c06-u05-011,2,6,5,490,490,수입인지,印花税票,revenue stamp,expression,표현,表达,expression,,,,0,unmatched,editorial_override,0.15,low,English gloss added by project editorial pass.
v02-c06-u05-012,2,6,5,491,491,접수하다,接受 受理,receive,lexeme,동사,动,hybrid,接受하다,접쑤하다,Korean Basic Dictionary,3,exact_ranked_gloss,dictionary_equivalent,0.91,high,
v02-c06-u05-013,2,6,5,492,492,금방,刚 马上,at any moment,lexeme,부사,副,hanja,今方,,Korean Basic Dictionary,4,exact_ambiguous_tie,dictionary_equivalent,0.45,low,
v02-c07-u01-001,2,7,1,493,493,웬일,什么事,what matter,lexeme,명사,名,native,,웬ː닐,Korean Basic Dictionary,1,exact_unique_gloss,dictionary_equivalent,0.97,high,
v02-c07-u01-002,2,7,1,494,494,연극,话剧,play; drama; theater,lexeme,명사,名,hanja,演劇,연ː극,Korean Basic Dictionary,2,exact_ranked_gloss,dictionary_equivalent,0.91,high,
v02-c07-u01-003,2,7,1,495,495,초대권,招待券；赠票,invitation ticket; complimentary ticket,lexeme,명사,名,hanja,招待券,초대꿘,Korean Basic Dictionary,1,editorial_override,editorial_override,1.0,verified,초대권 是邀请/招待用票券；修正中文“劵”及英文 invitation card 的不准确表达。
v02-c07-u01-004,2,7,1,496,496,무료,免费,free; no charge; complimentary,lexeme,명사,名,hanja,無料,,Korean Basic Dictionary,3,exact_ranked_gloss,dictionary_equivalent,0.91,high,
v02-c07-u01-005,2,7,1,497,497,국립극장,国立剧场,National Theater,expression,표현,表达,expression,,,,0,unmatched,editorial_override,0.15,low,English gloss added by project editorial pass.
v02-c07-u01-006,2,7,1,498,498,매표소,售票处,ticket office,lexeme,명사,名,hanja,賣票所,매ː표소,Korean Basic Dictionary,1,exact_unique_gloss,dictionary_equivalent,0.97,high,
v02-c07-u01-007,2,7,1,499,499,전화가 오다,来电话,to get a phone call,expression,표현,表达,expression,전화(電話) + 오다(固),,Korean Basic Dictionary,0,component_match,editorial_override,0.42,low,English gloss added by project editorial pass.
v02-c07-u01-008,2,7,1,500,500,(전화를)바꿔 주다,转接电话,to put someone on the phone,expression,표현,表达,expression,주다(固),,Korean Basic Dictionary,0,component_match,editorial_override,0.42,low,English gloss added by project editorial pass.
v02-c07-u01-009,2,7,1,501,501,통화 중이다,通话中,to be on another call,expression,표현,表达,expression,통화(通話),,Korean Basic Dictionary,0,component_match,editorial_override,0.42,low,English gloss added by project editorial pass.
v02-c07-u01-010,2,7,1,502,502,언어 교환,语言交换,language exchange,expression,표현,表达,expression,언어(言語) + 교환(交換),,Korean Basic Dictionary,0,component_match,editorial_override,0.42,low,English gloss added by project editorial pass.
v02-c07-u01-011,2,7,1,503,503,전화를 잘못 걸다,打错电话,to dial the wrong number,expression,표현,表达,expression,전화(電話) + 잘못(固) + 걸다(固),,Korean Basic Dictionary,0,component_match,editorial_override,0.42,low,English gloss added by project editorial pass.
v02-c07-u01-012,2,7,1,504,504,천천히,慢慢地,slowly,lexeme,부사,副,native,,천ː천히,Korean Basic Dictionary,2,exact_ranked_gloss,dictionary_equivalent,0.91,high,
v02-c07-u01-013,2,7,1,505,505,막히다,堵,be blocked; be closed; be clogged,lexeme,동사,动,native,,마키다,Korean Basic Dictionary,7,exact_ambiguous_tie,dictionary_equivalent,0.45,low,
v02-c07-u01-014,2,7,1,506,506,할 일,要做的事,something to do,expression,표현,表达,expression,할(割) + 일(固),,Korean Basic Dictionary,0,component_match,editorial_override,0.42,low,English gloss added by project editorial pass.
v02-c07-u02-001,2,7,2,507,507,곧,就 马上,soon; shortly,lexeme,부사,副,native,,,Korean Basic Dictionary,5,exact_ranked_gloss,dictionary_equivalent,0.91,high,
v02-c07-u02-002,2,7,2,508,508,확인하다,确认,check; affirm; confirm; verify,lexeme,동사,动,hybrid,確認하다,화긴하다,Korean Basic Dictionary,1,exact_unique_gloss,dictionary_equivalent,0.97,high,
v02-c07-u02-003,2,7,2,509,509,밀리다,堆积 积压 拥挤,be left undone,lexeme,동사,动,native,,,Korean Basic Dictionary,6,exact_ranked_gloss,dictionary_equivalent,0.91,high,
v02-c07-u02-004,2,7,2,510,510,벌써,已经,so soon,lexeme,부사,副,native,,,Korean Basic Dictionary,2,exact_ranked_gloss,dictionary_equivalent,0.91,high,
v02-c07-u02-005,2,7,2,511,511,물어보다,问一问,ask; inquire; interrogate,lexeme,동사,动,native,,무러보다,Korean Basic Dictionary,1,exact_unique_gloss,dictionary_equivalent,0.97,high,
v02-c07-u02-006,2,7,2,512,512,음성 메시지,语音留言,voice message,expression,표현,表达,expression,음성(音聲) + 메시지(message),,Korean Basic Dictionary,0,component_match,editorial_override,0.42,low,English gloss added by project editorial pass.
v02-c07-u02-007,2,7,2,513,513,문자 메시지,短信,text message,expression,표현,表达,expression,문자(文字) + 메시지(message),,Korean Basic Dictionary,0,component_match,editorial_override,0.42,low,English gloss added by project editorial pass.
v02-c07-u02-008,2,7,2,514,514,발신자,打电话的人,sender; addresser; caller,lexeme,명사,名,hanja,發信者,발씬자,Korean Basic Dictionary,1,exact_unique_gloss,dictionary_equivalent,0.97,high,
v02-c07-u02-009,2,7,2,515,515,수신자,接电话的人,recipient; addressee; receiver,lexeme,명사,名,hanja,受信者,,Korean Basic Dictionary,1,exact_unique_gloss,dictionary_equivalent,0.97,high,
v02-c07-u02-010,2,7,2,516,516,지역 번호,区号,area code,expression,표현,表达,expression,지역(地域) + 번호(番號),,Korean Basic Dictionary,0,component_match,editorial_override,0.42,low,English gloss added by project editorial pass.
v02-c07-u02-011,2,7,2,517,517,단축 번호,快速拨号,speed-dial number,expression,표현,表达,expression,단축(短縮) + 번호(番號),,Korean Basic Dictionary,0,component_match,editorial_override,0.42,low,English gloss added by project editorial pass.
v02-c07-u02-012,2,7,2,518,518,진동,震动,vibration,lexeme,명사,名,hanja,震動,진ː동,Korean Basic Dictionary,4,exact_ranked_gloss,dictionary_equivalent,0.91,high,
v02-c07-u02-013,2,7,2,519,519,나중에,以后 过一会儿,later; afterward,expression,표현,表达,expression,나중(固),,Korean Basic Dictionary,0,component_match,editorial_override,0.42,low,English gloss added by project editorial pass.
v02-c07-u02-014,2,7,2,520,520,문제,问题,problem; question,lexeme,명사,名,hanja,問題,문ː제,Korean Basic Dictionary,5,exact_ambiguous_tie,dictionary_equivalent,0.45,low,
v02-c07-u02-015,2,7,2,521,521,유행하다,流行,break out,lexeme,동사,动,hybrid,流行하다,,Korean Basic Dictionary,2,exact_ambiguous_tie,dictionary_equivalent,0.45,low,
v02-c07-u02-016,2,7,2,522,522,모델,模特,model,lexeme,명사,名,loanword,model,,Korean Basic Dictionary,5,exact_ambiguous_tie,dictionary_equivalent,0.45,low,
v02-c07-u03-001,2,7,3,523,523,죄송하다,对不起 抱歉,sorry,lexeme,형용사,形,hybrid,罪悚하다,죄ː송하다/줴ː송하다,Korean Basic Dictionary,1,exact_unique_gloss,dictionary_equivalent,0.97,high,
v02-c07-u03-002,2,7,3,524,524,급하다,急,urgent,lexeme,형용사,形,hybrid,急하다,그파다,Korean Basic Dictionary,7,exact_ambiguous_tie,dictionary_equivalent,0.45,low,
v02-c07-u03-003,2,7,3,525,525,깜빡,一时,with a blink,lexeme,부사,副,native,,,Korean Basic Dictionary,5,exact_ambiguous_tie,dictionary_equivalent,0.45,low,
v02-c07-u03-004,2,7,3,526,526,잊어버리다,忘记,forget; be forgetful of,lexeme,동사,动,native,,이저버리다,Korean Basic Dictionary,5,exact_ambiguous_tie,dictionary_equivalent,0.45,low,
v02-c07-u03-005,2,7,3,527,527,선약이 있다,事先约好了,to have a prior engagement,expression,표현,表达,expression,선약(先約) + 있다(固),,Korean Basic Dictionary,0,component_match,editorial_override,0.42,low,English gloss added by project editorial pass.
v02-c07-u03-006,2,7,3,528,528,약속을 미루다,推迟约定,to postpone an appointment,expression,표현,表达,expression,약속(約束) + 미루다(固),,Korean Basic Dictionary,0,component_match,editorial_override,0.42,low,English gloss added by project editorial pass.
v02-c07-u03-007,2,7,3,529,529,약속을 취소하다,取消约定,to cancel an appointment,expression,표현,表达,expression,약속(約束) + 취소하다(取消하다),,Korean Basic Dictionary,0,component_match,editorial_override,0.42,low,English gloss added by project editorial pass.
v02-c07-u03-008,2,7,3,530,530,새벽,早晨 清晨,dawn,lexeme,명사,名,native,,,Korean Basic Dictionary,5,exact_ambiguous_tie,dictionary_equivalent,0.45,low,
v02-c07-u03-009,2,7,3,531,531,선배,前辈 学长 师兄师姐,senior,lexeme,명사,名,hanja,先輩,,Korean Basic Dictionary,2,exact_ranked_gloss,dictionary_equivalent,0.91,high,
v02-c07-u03-010,2,7,3,532,532,다치다,伤,be injured,lexeme,동사,动,native,,,Korean Basic Dictionary,3,exact_ambiguous_tie,dictionary_equivalent,0.45,low,
v02-c07-u03-011,2,7,3,533,533,콘서트,音乐会,music concert,lexeme,명사,名,loanword,concert,,Korean Basic Dictionary,1,exact_unique_gloss,dictionary_equivalent,0.97,high,
v02-c07-u03-012,2,7,3,534,534,사고,事故,accident,lexeme,명사,名,hanja,事故,사ː고,Korean Basic Dictionary,3,exact_ambiguous_tie,dictionary_equivalent,0.45,low,
v02-c07-u04-001,2,7,4,535,535,고장나다,坏,to break down,expression,표현,表达,expression,,,,0,unmatched,editorial_override,0.15,low,English gloss added by project editorial pass.
v02-c07-u04-002,2,7,4,536,536,서비스센터,售后服务中心,service center,expression,표현,表达,expression,,,,0,unmatched,editorial_override,0.15,low,English gloss added by project editorial pass.
v02-c07-u04-003,2,7,4,537,537,돌아오다,回来,come back; return,lexeme,동사,动,native,,도라오다,Korean Basic Dictionary,8,exact_ambiguous_tie,dictionary_equivalent,0.45,low,
v02-c07-u04-004,2,7,4,538,538,전하다,转达 转告,deliver; pass on; tell,lexeme,동사,动,hybrid,傳하다,,Korean Basic Dictionary,4,exact_ranked_gloss,dictionary_equivalent,0.91,high,
v02-c07-u04-005,2,7,4,539,539,그렇게,那样,that way; so,lexeme,부사,副,native,,,Korean Basic Dictionary,1,editorial_override,editorial_override,1.0,verified,그렇게 为副词“那样/那么”；原英文 geureoke 只是罗马字，原词性为空。
v02-c07-u04-006,2,7,4,540,540,별표,星号,star; asterisk,lexeme,명사,名,hybrid,별標,별ː표,Korean Basic Dictionary,2,exact_ranked_gloss,dictionary_equivalent,0.91,high,
v02-c07-u04-007,2,7,4,541,541,우물 정자,井号,hash sign; number sign,expression,표현,表达,expression,우물(固) + 정자(亭子),,Korean Basic Dictionary,0,component_match,editorial_override,0.42,low,English gloss added by project editorial pass.
v02-c07-u04-008,2,7,4,542,542,녹음하다,录音,record; phonograph,lexeme,동사,动,hybrid,錄音하다,노금하다,Korean Basic Dictionary,1,exact_unique_gloss,dictionary_equivalent,0.97,high,
v02-c07-u04-009,2,7,4,543,543,누르다,拨号,press; push,lexeme,동사,动,native,,누ː르다,Korean Basic Dictionary,7,exact_ambiguous_tie,dictionary_equivalent,0.45,low,
v02-c07-u04-010,2,7,4,544,544,회비,会费,membership fee; dues,lexeme,명사,名,hanja,會費,회ː비/훼ː비,Korean Basic Dictionary,1,exact_unique_gloss,dictionary_equivalent,0.97,high,
v02-c07-u04-011,2,7,4,545,545,농구공,篮球,basketball ball,lexeme,명사,名,hybrid,籠球공,,Korean Basic Dictionary,1,exact_unique_gloss,dictionary_equivalent,0.97,high,
v02-c07-u04-012,2,7,4,546,546,가난하다,贫穷,poor; indigent; destitute,lexeme,형용사,形,native,,,Korean Basic Dictionary,1,exact_unique_gloss,dictionary_equivalent,0.97,high,
v02-c07-u04-013,2,7,4,547,547,빌려주다,借给,lend,lexeme,동사,动,native,,,Korean Basic Dictionary,2,exact_ambiguous_tie,dictionary_equivalent,0.45,low,
v02-c07-u05-001,2,7,5,548,548,당나귀,驴,donkey,lexeme,명사,名,hybrid,唐나귀,,Korean Basic Dictionary,1,exact_unique_gloss,dictionary_equivalent,0.97,high,
v02-c07-u05-002,2,7,5,549,549,끌다,牵 引,lead,lexeme,동사,动,native,,끌ː다,Korean Basic Dictionary,9,exact_ambiguous_tie,dictionary_equivalent,0.45,low,
v02-c07-u05-003,2,7,5,550,550,바보,傻瓜,fool; dumber; jerk,lexeme,명사,名,native,,바ː보,Korean Basic Dictionary,2,exact_ranked_gloss,dictionary_equivalent,0.91,high,
v02-c07-u05-004,2,7,5,551,551,태우다,载 使乘坐,have someone mount,lexeme,동사,动,native,,,Korean Basic Dictionary,9,exact_ranked_gloss,dictionary_equivalent,0.91,high,
v02-c07-u05-005,2,7,5,552,552,야단을 치다,责备,to scold,expression,표현,表达,expression,야단(惹端) + 치다(固),,Korean Basic Dictionary,0,component_match,editorial_override,0.42,low,English gloss added by project editorial pass.
v02-c07-u05-006,2,7,5,553,553,불쌍하다,可怜,pitiful; pathetic,lexeme,형용사,形,native,,,Korean Basic Dictionary,1,exact_unique_gloss,dictionary_equivalent,0.97,high,
v02-c07-u05-007,2,7,5,554,554,떨어뜨리다,弄掉,drop,lexeme,동사,动,native,,떠러뜨리다,Korean Basic Dictionary,12,exact_ambiguous_tie,dictionary_equivalent,0.45,low,
v02-c07-u05-008,2,7,5,555,555,고치다,修理,repair; mend,lexeme,동사,动,native,,,Korean Basic Dictionary,5,exact_ranked_gloss,dictionary_equivalent,0.91,high,
v02-c07-u05-009,2,7,5,556,556,심하다,严重 过分,severe; harsh,lexeme,형용사,形,hybrid,甚하다,심ː하다,Korean Basic Dictionary,1,exact_unique_gloss,dictionary_equivalent,0.97,high,
v02-c07-u05-010,2,7,5,557,557,짐,行李,baggage,lexeme,명사,名,native,,,Korean Basic Dictionary,8,exact_ranked_gloss,dictionary_equivalent,0.91,high,
v02-c07-u05-011,2,7,5,558,558,이삿짐센터,搬家公司,moving company; mover,lexeme,명사,名,hybrid,移徙짐center,,Korean Basic Dictionary,1,exact_unique_gloss,dictionary_equivalent,0.97,high,
v02-c07-u05-012,2,7,5,559,559,칙칙폭폭,轰隆隆,chugs-puffs,lexeme,부사,副,native,,,Korean Basic Dictionary,1,exact_unique_form,dictionary_equivalent,0.78,medium,
v02-c07-u05-013,2,7,5,560,560,구이,烧烤（肉 鱼）,grilled meat or fish,lexeme,명사,名,native,,,Korean Basic Dictionary,2,exact_ranked_gloss,dictionary_equivalent,0.91,high,
v02-c07-u05-014,2,7,5,561,561,부동산,不动产,property; real estate,lexeme,명사,名,hanja,不動産,,Korean Basic Dictionary,2,exact_ranked_gloss,dictionary_equivalent,0.91,high,
v02-c07-u05-015,2,7,5,562,562,천사,天使,angel,lexeme,명사,名,hanja,天使,,Korean Basic Dictionary,2,exact_ambiguous_tie,dictionary_equivalent,0.45,low,
v02-c07-u05-016,2,7,5,563,563,사이,关系 （人与人）之间,space; distance; gap,lexeme,명사,名,native,,,Korean Basic Dictionary,5,exact_ambiguous_tie,dictionary_equivalent,0.45,low,
v02-c07-u05-017,2,7,5,564,564,버튼,按钮,button,lexeme,명사,名,loanword,button,,Korean Basic Dictionary,1,exact_unique_gloss,dictionary_equivalent,0.97,high,
v02-c07-u05-018,2,7,5,565,565,알파벳,字母表,alphabet,lexeme,명사,名,loanword,alphabet,,Korean Basic Dictionary,1,exact_unique_gloss,dictionary_equivalent,0.97,high,
v02-c08-u01-001,2,8,1,566,566,심하다,厉害 严重,severe; harsh,lexeme,형용사,形,hybrid,甚하다,심ː하다,Korean Basic Dictionary,1,exact_unique_gloss,dictionary_equivalent,0.97,high,
v02-c08-u01-002,2,8,1,567,567,진찰,看病 诊查 检查,checkup; examination,lexeme,명사,名,hanja,診察,진ː찰,Korean Basic Dictionary,1,exact_unique_gloss,dictionary_equivalent,0.97,high,
v02-c08-u01-003,2,8,1,568,568,식중독,食物中毒,food poisoning,lexeme,명사,名,hanja,食中毒,식쭝독,Korean Basic Dictionary,1,exact_unique_gloss,dictionary_equivalent,0.97,high,
v02-c08-u01-004,2,8,1,569,569,해물,海鲜,seafood,lexeme,명사,名,hanja,海物,해ː물,Korean Basic Dictionary,1,exact_unique_gloss,dictionary_equivalent,0.97,high,
v02-c08-u01-005,2,8,1,570,570,낫다,(病）好,recover; get well,lexeme,동사,动,native,,낟ː따,Korean Basic Dictionary,2,exact_ambiguous_tie,dictionary_equivalent,0.45,low,
v02-c08-u01-006,2,8,1,571,571,이틀,两天,Two days.,lexeme,명사,名,native,,,Korean Basic Dictionary,2,exact_ranked_gloss,dictionary_definition,0.91,high,
v02-c08-u01-007,2,8,1,572,572,소화가 안 되다,消化不良,to have indigestion,expression,표현,表达,expression,소화(消化) + 안(固) + 되다(固),,Korean Basic Dictionary,0,component_match,editorial_override,0.42,low,English gloss added by project editorial pass.
v02-c08-u01-008,2,8,1,573,573,배탈이 나가,闹肚子,to have an upset stomach,expression,표현,表达,expression,배탈(배頉),,Korean Basic Dictionary,0,component_match,editorial_override,0.42,low,English gloss added by project editorial pass.
v02-c08-u01-009,2,8,1,574,574,설사를 하다,腹泻,to have diarrhea,expression,표현,表达,expression,설사(泄瀉) + 하다(固),,Korean Basic Dictionary,0,component_match,editorial_override,0.42,low,English gloss added by project editorial pass.
v02-c08-u01-010,2,8,1,575,575,토하다,吐,vomit; throw up,lexeme,동사,动,hybrid,吐하다,토ː하다,Korean Basic Dictionary,3,exact_ambiguous_tie,dictionary_equivalent,0.45,low,
v02-c08-u01-011,2,8,1,576,576,속이 쓰리다,肚子难受,to have heartburn,expression,표현,表达,expression,쓰리다(固),,Korean Basic Dictionary,0,component_match,editorial_override,0.42,low,English gloss added by project editorial pass.
v02-c08-u01-012,2,8,1,577,577,변비가 있다,便秘,to be constipated,expression,표현,表达,expression,변비(便祕) + 있다(固),,Korean Basic Dictionary,0,component_match,editorial_override,0.42,low,English gloss added by project editorial pass.
v02-c08-u01-013,2,8,1,578,578,운동화,运动鞋,running shoes; sneakers,lexeme,명사,名,hanja,運動靴,운ː동화,Korean Basic Dictionary,1,exact_unique_gloss,dictionary_equivalent,0.97,high,
v02-c08-u01-014,2,8,1,579,579,끈,带子,cord; strap,lexeme,명사,名,native,,,Korean Basic Dictionary,8,exact_ranked_gloss,dictionary_equivalent,0.91,high,
v02-c08-u01-015,2,8,1,580,580,선,线,line,lexeme,명사,名,hanja,線,,Korean Basic Dictionary,14,exact_ambiguous_tie,dictionary_equivalent,0.45,low,
v02-c08-u01-016,2,8,1,581,581,긋다,画（线）,draw,lexeme,동사,动,native,,귿ː따,Korean Basic Dictionary,9,exact_ambiguous_tie,dictionary_equivalent,0.45,low,
v02-c08-u01-017,2,8,1,582,582,넘어지다,跌倒 摔倒,fall down; trip over; tumble over,lexeme,동사,动,native,,너머지다,Korean Basic Dictionary,4,exact_ranked_gloss,dictionary_equivalent,0.91,high,
v02-c08-u01-018,2,8,1,583,583,붓다,肿,swell; be swollen,lexeme,동사,动,native,,붇ː따,Korean Basic Dictionary,4,exact_ranked_gloss,dictionary_equivalent,0.91,high,
v02-c08-u01-019,2,8,1,584,584,검사,检查,examination; inspection,lexeme,명사,名,hanja,檢査,,Korean Basic Dictionary,2,exact_ranked_gloss,dictionary_equivalent,0.91,high,
v02-c08-u01-020,2,8,1,585,585,붕대,绷带,bandage; dressing,lexeme,명사,名,hanja,繃帶,,Korean Basic Dictionary,1,exact_unique_gloss,dictionary_equivalent,0.97,high,
v02-c08-u01-021,2,8,1,586,586,감다,缠,wind; coil; twine,lexeme,동사,动,native,,감ː따,Korean Basic Dictionary,7,exact_ambiguous_tie,dictionary_equivalent,0.45,low,
v02-c08-u01-022,2,8,1,587,587,수첩,记事本,pocket notebook,lexeme,명사,名,hanja,手帖,,Korean Basic Dictionary,1,exact_unique_gloss,dictionary_equivalent,0.97,high,
v02-c08-u01-023,2,8,1,588,588,짓다,盖,make,lexeme,동사,动,native,,짇ː따,Korean Basic Dictionary,13,exact_ambiguous_tie,dictionary_equivalent,0.45,low,
v02-c08-u02-001,2,8,2,589,589,증세,症状,symptom,lexeme,명사,名,hanja,症勢,,Korean Basic Dictionary,2,exact_ranked_gloss,dictionary_equivalent,0.91,high,
v02-c08-u02-002,2,8,2,590,590,콧물,鼻涕,nasal discharge,lexeme,명사,名,native,,콘물,Korean Basic Dictionary,1,exact_unique_gloss,dictionary_equivalent,0.97,high,
v02-c08-u02-003,2,8,2,591,591,점점,越来越,gradually,lexeme,부사,副,hanja,漸漸,점ː점,Korean Basic Dictionary,1,exact_unique_gloss,dictionary_equivalent,0.97,high,
v02-c08-u02-004,2,8,2,592,592,몸살감기,重感冒,cold from fatigue,lexeme,명사,名,hybrid,몸살感氣,,Korean Basic Dictionary,1,exact_unique_gloss,dictionary_equivalent,0.97,high,
v02-c08-u02-005,2,8,2,593,593,과로하다,过度疲劳,overwork,lexeme,동사,动,hybrid,過勞하다,과ː로하다,Korean Basic Dictionary,1,exact_unique_gloss,dictionary_equivalent,0.97,high,
v02-c08-u02-006,2,8,2,594,594,푹,多 充分,soundly,lexeme,부사,副,native,,,Korean Basic Dictionary,13,exact_ranked_gloss,dictionary_equivalent,0.91,high,
v02-c08-u02-007,2,8,2,595,595,기침을 하다,咳嗽,to cough,expression,표현,表达,expression,기침(固) + 하다(固),,Korean Basic Dictionary,0,component_match,editorial_override,0.42,low,English gloss added by project editorial pass.
v02-c08-u02-008,2,8,2,596,596,두통이 심하다,头疼的厉害,to have a severe headache,expression,표현,表达,expression,두통(頭痛) + 심하다(甚하다),,Korean Basic Dictionary,0,component_match,editorial_override,0.42,low,English gloss added by project editorial pass.
v02-c08-u02-009,2,8,2,597,597,목이 쉬다,嗓子干哑,to become hoarse,expression,표현,表达,expression,쉬다(固),,Korean Basic Dictionary,0,component_match,editorial_override,0.42,low,English gloss added by project editorial pass.
v02-c08-u02-010,2,8,2,598,598,몸이 떨리다,发抖,to tremble; shiver,expression,표현,表达,expression,떨리다(固),,Korean Basic Dictionary,0,component_match,editorial_override,0.42,low,English gloss added by project editorial pass.
v02-c08-u02-011,2,8,2,599,599,열이 나다,发烧,to have a fever,expression,표현,表达,expression,나다(固),,Korean Basic Dictionary,0,component_match,editorial_override,0.42,low,English gloss added by project editorial pass.
v02-c08-u02-012,2,8,2,600,600,코가 막히다,鼻子不通,to have a stuffy nose,expression,표현,表达,expression,막히다(固),,Korean Basic Dictionary,0,component_match,editorial_override,0.42,low,English gloss added by project editorial pass.
v02-c08-u02-013,2,8,2,601,601,처방,处方,prescription,lexeme,명사,名,hanja,處方,처ː방,Korean Basic Dictionary,3,exact_ranked_gloss,dictionary_equivalent,0.91,high,
v02-c08-u02-014,2,8,2,602,602,가래,痰,garae; stick,lexeme,명사,名,native,,,Korean Basic Dictionary,3,exact_ambiguous_tie,dictionary_equivalent,0.45,low,
v02-c08-u02-015,2,8,2,603,603,주사,注射 针,injection,lexeme,명사,名,hanja,注射,주ː사,Korean Basic Dictionary,2,exact_ranked_gloss,dictionary_equivalent,0.91,high,
v02-c08-u02-016,2,8,2,604,604,사업,事业,business,lexeme,명사,名,hanja,事業,사ː업,Korean Basic Dictionary,2,exact_ambiguous_tie,dictionary_equivalent,0.45,low,
v02-c08-u02-017,2,8,2,605,605,행복하다,幸福,happy; content; joyful,lexeme,형용사,形,hybrid,幸福하다,행ː보카다,Korean Basic Dictionary,1,exact_unique_gloss,dictionary_equivalent,0.97,high,
v02-c08-u02-018,2,8,2,606,606,입맛,胃口,taste bud; appetite,lexeme,명사,名,native,,임맏,Korean Basic Dictionary,7,exact_ranked_gloss,dictionary_equivalent,0.91,high,
v02-c08-u03-001,2,8,3,607,607,나다,流出 有 出现,form; show,lexeme,동사,动,native,,,Korean Basic Dictionary,34,exact_ambiguous_tie,dictionary_equivalent,0.45,low,
v02-c08-u03-002,2,8,3,608,608,처방전,处方,prescription,lexeme,명사,名,hanja,處方箋,처ː방전,Korean Basic Dictionary,1,exact_unique_gloss,dictionary_equivalent,0.97,high,
v02-c08-u03-003,2,8,3,609,609,종합,综合,being aggregate; being combined,lexeme,명사,名,hanja,綜合,,Korean Basic Dictionary,1,exact_unique_gloss,dictionary_equivalent,0.97,high,
v02-c08-u03-004,2,8,3,610,610,소화제,消化药,digestive medicine,lexeme,명사,名,hanja,消化劑,,Korean Basic Dictionary,1,exact_unique_gloss,dictionary_equivalent,0.97,high,
v02-c08-u03-005,2,8,3,611,611,진통제,止疼药,painkiller; pain reliever,lexeme,명사,名,hanja,鎭痛劑,진ː통제,Korean Basic Dictionary,1,exact_unique_gloss,dictionary_equivalent,0.97,high,
v02-c08-u03-006,2,8,3,612,612,영양제,营养药,nutritional supplements,lexeme,명사,名,hanja,營養劑,,Korean Basic Dictionary,1,exact_unique_gloss,dictionary_equivalent,0.97,high,
v02-c08-u03-007,2,8,3,613,613,피부 연고,皮肤软膏,skin ointment,expression,표현,表达,expression,피부(皮膚) + 연고(軟膏),,Korean Basic Dictionary,0,component_match,editorial_override,0.42,low,English gloss added by project editorial pass.
v02-c08-u03-008,2,8,3,614,614,소독약,消毒药,disinfectant,lexeme,명사,名,hanja,消毒藥,소동냑,Korean Basic Dictionary,1,exact_unique_gloss,dictionary_equivalent,0.97,high,
v02-c08-u03-009,2,8,3,615,615,수면제,安眠药,sleeping pill,lexeme,명사,名,hanja,睡眠劑,,Korean Basic Dictionary,1,exact_unique_gloss,dictionary_equivalent,0.97,high,
v02-c08-u03-010,2,8,3,616,616,비타민,维他命,vitamin,lexeme,명사,名,loanword,vitamin,,Korean Basic Dictionary,1,exact_unique_gloss,dictionary_equivalent,0.97,high,
v02-c08-u03-011,2,8,3,617,617,머리카락,头发,hair,lexeme,명사,名,native,,,Korean Basic Dictionary,1,exact_unique_gloss,dictionary_equivalent,0.97,high,
v02-c08-u03-012,2,8,3,618,618,살이 빠지다,掉肉,to lose weight,expression,표현,表达,expression,빠지다(固),,Korean Basic Dictionary,0,component_match,editorial_override,0.42,low,English gloss added by project editorial pass.
v02-c08-u03-013,2,8,3,619,619,여드름,粉刺 青春痘,acne,lexeme,명사,名,native,,,Korean Basic Dictionary,1,exact_unique_gloss,dictionary_equivalent,0.97,high,
v02-c08-u03-014,2,8,3,620,620,무릎,膝盖,knee,lexeme,명사,名,native,,무릅,Korean Basic Dictionary,4,exact_unique_gloss,dictionary_equivalent,0.97,high,
v02-c08-u03-015,2,8,3,621,621,학비,学费,tuition; school expenses,lexeme,명사,名,hanja,學費,학삐,Korean Basic Dictionary,1,exact_unique_gloss,dictionary_equivalent,0.97,high,
v02-c08-u03-016,2,8,3,622,622,싸우다,战斗,fight; quarrel; dispute,lexeme,동사,动,native,,,Korean Basic Dictionary,4,exact_ambiguous_tie,dictionary_equivalent,0.45,low,
v02-c08-u03-017,2,8,3,623,623,성공,成功,success,lexeme,명사,名,hanja,成功,,Korean Basic Dictionary,1,exact_unique_gloss,dictionary_equivalent,0.97,high,
v02-c08-u04-001,2,8,4,624,624,진료,看病,medical treatment,lexeme,명사,名,hanja,診療,질ː료,Korean Basic Dictionary,1,exact_unique_form,dictionary_equivalent,0.78,medium,
v02-c08-u04-002,2,8,4,625,625,환자,患者,patient; sick person,lexeme,명사,名,hanja,患者,환ː자,Korean Basic Dictionary,1,exact_unique_gloss,dictionary_equivalent,0.97,high,
v02-c08-u04-003,2,8,4,626,626,환절기,换季期,change of seasons,lexeme,명사,名,hanja,換節期,환ː절기,Korean Basic Dictionary,1,exact_unique_gloss,dictionary_equivalent,0.97,high,
v02-c08-u04-004,2,8,4,627,627,건강 보험,健康保险,health insurance,expression,표현,表达,expression,건강(健康) + 보험(保險),,Korean Basic Dictionary,0,component_match,editorial_override,0.42,low,English gloss added by project editorial pass.
v02-c08-u04-005,2,8,4,628,628,치료,治疗,cure; treatment,lexeme,명사,名,hanja,治療,,Korean Basic Dictionary,1,exact_unique_gloss,dictionary_equivalent,0.97,high,
v02-c08-u04-006,2,8,4,629,629,입원,住院,hospitalization,lexeme,명사,名,hanja,入院,이붠,Korean Basic Dictionary,1,exact_unique_gloss,dictionary_equivalent,0.97,high,
v02-c08-u04-007,2,8,4,630,630,수술,手术,surgery; operation,lexeme,명사,名,hanja,手術,,Korean Basic Dictionary,3,exact_ranked_gloss,dictionary_equivalent,0.91,high,
v02-c08-u04-008,2,8,4,631,631,퇴원,出院,leaving the hospital; being discharged from the hospital,lexeme,명사,名,hanja,退院,퇴ː원/퉤ː원,Korean Basic Dictionary,1,exact_unique_gloss,dictionary_equivalent,0.97,high,
v02-c08-u04-009,2,8,4,632,632,진단서,诊断书,written diagnosis,lexeme,명사,名,hanja,診斷書,진ː단서,Korean Basic Dictionary,1,exact_unique_gloss,dictionary_equivalent,0.97,high,
v02-c08-u04-010,2,8,4,633,633,무섭다,害怕,fearful; scared of,lexeme,형용사,形,native,,무섭따,Korean Basic Dictionary,4,exact_ranked_gloss,dictionary_equivalent,0.91,high,
v02-c08-u04-011,2,8,4,634,634,부자,富翁,the rich; the wealthy,lexeme,명사,名,hanja,富者,부ː자,Korean Basic Dictionary,3,exact_ambiguous_tie,dictionary_equivalent,0.45,low,
v02-c08-u04-012,2,8,4,635,635,떡,糕,tteok; rice cake,lexeme,명사,名,native,,,Korean Basic Dictionary,14,exact_ranked_gloss,dictionary_equivalent,0.91,high,
v02-c08-u05-001,2,8,5,636,636,내과,内科,internal department,lexeme,명사,名,hanja,內科,내ː꽈,Korean Basic Dictionary,1,exact_unique_gloss,dictionary_equivalent,0.97,high,
v02-c08-u05-002,2,8,5,637,637,외과,外科,surgery; department of surgery,lexeme,명사,名,hanja,外科,외ː꽈/웨ː꽈,Korean Basic Dictionary,1,exact_unique_gloss,dictionary_equivalent,0.97,high,
v02-c08-u05-003,2,8,5,638,638,치과,牙科,dental surgery; dentistry; dentist’s office; dental clinic,lexeme,명사,名,hanja,齒科,치꽈,Korean Basic Dictionary,1,exact_unique_gloss,dictionary_equivalent,0.97,high,
v02-c08-u05-004,2,8,5,639,639,이비인후과,耳鼻咽喉科,otorhinolaryngology; department of otorhinolaryngology,lexeme,명사,名,hanja,耳鼻咽喉科,이ː비인후꽈,Korean Basic Dictionary,1,exact_unique_gloss,dictionary_equivalent,0.97,high,
v02-c08-u05-005,2,8,5,640,640,피부과,皮肤科,dermatology; department of dermatology,lexeme,명사,名,hanja,皮膚科,피부꽈,Korean Basic Dictionary,1,exact_unique_gloss,dictionary_equivalent,0.97,high,
v02-c08-u05-006,2,8,5,641,641,정신과,精神科,psychiatry; department of psychiatry,lexeme,명사,名,hanja,精神科,정신꽈,Korean Basic Dictionary,1,exact_unique_gloss,dictionary_equivalent,0.97,high,
v02-c08-u05-007,2,8,5,642,642,안과,眼科,ophthalmology; department of ophthalmology,lexeme,명사,名,hanja,眼科,안ː꽈,Korean Basic Dictionary,1,exact_unique_gloss,dictionary_equivalent,0.97,high,
v02-c08-u05-008,2,8,5,643,643,부러지다,折 断,break; be broken; fracture,lexeme,동사,动,native,,,Korean Basic Dictionary,2,exact_ranked_gloss,dictionary_equivalent,0.91,high,
v02-c08-u05-009,2,8,5,644,644,피,血,blood,lexeme,명사,名,native,,,Korean Basic Dictionary,26,exact_ranked_gloss,dictionary_equivalent,0.91,high,
v02-c08-u05-010,2,8,5,645,645,교정하다,矫正,correct; rectify,lexeme,동사,动,hybrid,矯正하다,교ː정하다,Korean Basic Dictionary,4,exact_ranked_gloss,dictionary_equivalent,0.91,high,
v02-c08-u05-011,2,8,5,646,646,썩다,腐烂,decay; rot,lexeme,동사,动,native,,썩따,Korean Basic Dictionary,11,exact_ambiguous_tie,dictionary_equivalent,0.45,low,
v02-c08-u05-012,2,8,5,647,647,코피,鼻血,nosebleed,lexeme,명사,名,native,,,Korean Basic Dictionary,2,exact_unique_gloss,dictionary_equivalent,0.97,high,
v02-c08-u05-013,2,8,5,648,648,가렵다,痒,itchy,lexeme,형용사,形,native,,가렵따,Korean Basic Dictionary,2,exact_unique_gloss,dictionary_equivalent,0.97,high,
v02-c08-u05-014,2,8,5,649,649,우울하다,忧郁,low-spirited; melancholy; blue,lexeme,형용사,形,hybrid,憂鬱하다,,Korean Basic Dictionary,1,exact_unique_gloss,dictionary_equivalent,0.97,high,
v02-c08-u05-015,2,8,5,650,650,불안하다,不安,uneasy; anxious,lexeme,형용사,形,hybrid,不安하다,부란하다,Korean Basic Dictionary,2,exact_ambiguous_tie,dictionary_equivalent,0.45,low,
v02-c08-u05-016,2,8,5,651,651,따갑다,火辣辣,scorching; sultry,lexeme,형용사,形,native,,따갑따,Korean Basic Dictionary,3,exact_ambiguous_tie,dictionary_equivalent,0.45,low,
v02-c08-u05-017,2,8,5,652,652,충혈이 되다,充血,to become bloodshot,expression,표현,表达,expression,충혈(充血) + 되다(固),,Korean Basic Dictionary,0,component_match,editorial_override,0.42,low,English gloss added by project editorial pass.
v02-c08-u05-018,2,8,5,653,653,움직이다,动,move; budge; be in motion,lexeme,동사,动,native,,움지기다,Korean Basic Dictionary,6,exact_ambiguous_tie,dictionary_equivalent,0.45,low,
v02-c08-u05-019,2,8,5,654,654,병문안,探病 探视,visit to a sick person,lexeme,명사,名,hanja,病問安,병ː무난,Korean Basic Dictionary,1,exact_unique_gloss,dictionary_equivalent,0.97,high,
v02-c08-u05-020,2,8,5,655,655,문병,探病,visiting a sick person,lexeme,명사,名,hanja,問病,문ː병,Korean Basic Dictionary,1,exact_unique_gloss,dictionary_equivalent,0.97,high,
v02-c08-u05-021,2,8,5,656,656,깁스,石膏,plaster cast,lexeme,명사,名,loanword,Gips,,Korean Basic Dictionary,1,exact_unique_gloss,dictionary_equivalent,0.97,high,
v02-c08-u05-022,2,8,5,657,657,답답해하다,闷,to feel frustrated; stifled,expression,표현,表达,expression,,,,0,unmatched,editorial_override,0.15,low,English gloss added by project editorial pass.
v02-c08-u05-023,2,8,5,658,658,호두,核桃,walnut,lexeme,명사,名,native,,,Korean Basic Dictionary,1,exact_unique_gloss,dictionary_equivalent,0.97,high,
v02-c08-u05-024,2,8,5,659,659,뼈,骨,bone,lexeme,명사,名,native,,,Korean Basic Dictionary,17,exact_ambiguous_tie,dictionary_equivalent,0.45,low,
v02-c08-u05-025,2,8,5,660,660,알레르기,过敏性反应,allergy,lexeme,명사,名,loanword,Allergie,,Korean Basic Dictionary,2,exact_ambiguous_tie,dictionary_equivalent,0.45,low,
v02-c08-u05-026,2,8,5,661,661,멋지다,帅,fine; nice; lovely,lexeme,형용사,形,native,,먿찌다,Korean Basic Dictionary,1,exact_unique_gloss,dictionary_equivalent,0.97,high,
v02-c09-u01-001,2,9,1,662,662,해외,海外,foreign country; overseas,lexeme,명사,名,hanja,海外,해ː외/해ː웨,Korean Basic Dictionary,1,exact_unique_gloss,dictionary_equivalent,0.97,high,
v02-c09-u01-002,2,9,1,663,663,동해,东海,eastern sea,lexeme,명사,名,hanja,東海,,Korean Basic Dictionary,2,exact_ambiguous_tie,dictionary_equivalent,0.45,low,
v02-c09-u01-003,2,9,1,664,664,기억에 남다,留下印象,to remain in one's memory,expression,표현,表达,expression,기억(記憶) + 남다(固),,Korean Basic Dictionary,0,component_match,editorial_override,0.42,low,English gloss added by project editorial pass.
v02-c09-u01-004,2,9,1,665,665,일출,日出,sunrise,lexeme,명사,名,hanja,日出,,Korean Basic Dictionary,1,exact_unique_gloss,dictionary_equivalent,0.97,high,
v02-c09-u01-005,2,9,1,666,666,장면,场景,scene,lexeme,명사,名,hanja,場面,,Korean Basic Dictionary,2,exact_ambiguous_tie,dictionary_equivalent,0.45,low,
v02-c09-u01-006,2,9,1,667,667,국내 여행,国内旅行,local trip; domestic trip,expression,표현,表达,hanja,國內旅行,,Korean Basic Dictionary,1,exact_unique_gloss,dictionary_equivalent,0.97,high,
v02-c09-u01-007,2,9,1,668,668,해외 여행,海外旅行,overseas travel,expression,표현,表达,expression,해외(海外) + 여행(旅行),,Korean Basic Dictionary,0,component_match,editorial_override,0.42,low,English gloss added by project editorial pass.
v02-c09-u01-008,2,9,1,669,669,배낭 여행,背包旅行,backpacking trip,expression,표현,表达,expression,배낭(背囊) + 여행(旅行),,Korean Basic Dictionary,0,component_match,editorial_override,0.42,low,English gloss added by project editorial pass.
v02-c09-u01-009,2,9,1,670,670,신혼 여행,新婚旅行,honeymoon,expression,표현,表达,expression,신혼(新婚) + 여행(旅行),,Korean Basic Dictionary,0,component_match,editorial_override,0.42,low,English gloss added by project editorial pass.
v02-c09-u01-010,2,9,1,671,671,수학 여행,见学旅行,school trip,expression,표현,表达,expression,수학(受學) + 여행(旅行),,Korean Basic Dictionary,0,component_match,editorial_override,0.42,low,English gloss added by project editorial pass.
v02-c09-u01-011,2,9,1,672,672,단체 관광,团体游,group tour,expression,표현,表达,expression,단체(團體) + 관광(觀光),,Korean Basic Dictionary,0,component_match,editorial_override,0.42,low,English gloss added by project editorial pass.
v02-c09-u01-012,2,9,1,673,673,물에 빠지다,掉在水里 溺水,to fall into water; drown,expression,표현,表达,expression,빠지다(固),,Korean Basic Dictionary,0,component_match,editorial_override,0.42,low,English gloss added by project editorial pass.
v02-c09-u01-013,2,9,1,674,674,한글,韩文,Hangeul; Korean alphabet,lexeme,명사,名,native,,한ː글,Korean Basic Dictionary,1,editorial_override,editorial_override,1.0,verified,保留专名并补充可独立理解的英文说明。
v02-c09-u01-014,2,9,1,675,675,키스,吻,kiss,lexeme,명사,名,loanword,kiss,,Korean Basic Dictionary,2,exact_ambiguous_tie,dictionary_equivalent,0.45,low,
v02-c09-u01-015,2,9,1,676,676,민박,投宿民家,temporary lodging; temporary lodging house,lexeme,명사,名,hanja,民泊,,Korean Basic Dictionary,1,exact_unique_gloss,dictionary_equivalent,0.97,high,
v02-c09-u01-016,2,9,1,677,677,여관,旅馆,inn,lexeme,명사,名,hanja,旅館,,Korean Basic Dictionary,1,exact_unique_gloss,dictionary_equivalent,0.97,high,
v02-c09-u01-017,2,9,1,678,678,춘천,春川（地名）,Chuncheon,expression,표현,表达,expression,,,,0,unmatched,editorial_override,0.15,low,English gloss added by project editorial pass.
v02-c09-u01-018,2,9,1,679,679,소양 댐,昭阳水库,Soyang Dam,expression,표현,表达,expression,소양(昭陽) + 댐(dam),,Korean Basic Dictionary,0,editorial_override,editorial_override,1.0,verified,专名 소양 指昭阳，不是普通词 素養。
v02-c09-u01-019,2,9,1,680,680,청평사,清平寺,Cheongpyeongsa Temple,expression,표현,表达,expression,,,,0,unmatched,editorial_override,0.15,low,English gloss added by project editorial pass.
v02-c09-u01-020,2,9,1,681,681,분위기,气氛 氛围,mood,lexeme,명사,名,hanja,雰圍氣,부뉘기,Korean Basic Dictionary,5,exact_ambiguous_tie,dictionary_equivalent,0.45,low,
v02-c09-u01-021,2,9,1,682,682,푸르다,青翠 碧绿 绿,blue; green,lexeme,형용사,形,native,,,Korean Basic Dictionary,7,exact_ambiguous_tie,dictionary_equivalent,0.45,low,
v02-c09-u01-022,2,9,1,683,683,공장,工厂,factory; plant,lexeme,명사,名,hanja,工場,,Korean Basic Dictionary,1,exact_unique_gloss,dictionary_equivalent,0.97,high,
v02-c09-u01-023,2,9,1,684,684,꼬마,小孩,little boy; little girl; kid,lexeme,명사,名,native,,,Korean Basic Dictionary,3,exact_ranked_gloss,dictionary_equivalent,0.91,high,
v02-c09-u01-024,2,9,1,685,685,처녀,姑娘,single woman; single lady,lexeme,명사,名,hanja,處女,처ː녀,Korean Basic Dictionary,4,exact_ranked_gloss,dictionary_equivalent,0.91,high,
v02-c09-u02-001,2,9,2,686,686,수도,首都,capital,lexeme,명사,名,hanja,首都,,Korean Basic Dictionary,6,exact_ranked_gloss,dictionary_equivalent,0.91,high,
v02-c09-u02-002,2,9,2,687,687,역사적,历史性的,being historical,lexeme,명사,名,hanja,歷史的,역싸적,Korean Basic Dictionary,6,exact_ambiguous_tie,dictionary_equivalent,0.45,low,
v02-c09-u02-003,2,9,2,688,688,볼거리,值得看的东西 景点,attraction,lexeme,명사,名,native,,볼꺼리,Korean Basic Dictionary,1,exact_unique_gloss,dictionary_equivalent,0.97,high,
v02-c09-u02-004,2,9,2,689,689,숙박 시설,住宿设施,accommodations; lodging facilities,expression,표현,表达,expression,숙박(宿泊) + 시설(施設),,Korean Basic Dictionary,0,component_match,editorial_override,0.42,low,English gloss added by project editorial pass.
v02-c09-u02-005,2,9,2,690,690,교통편,交通工具,means of transportation,lexeme,명사,名,hanja,交通便,,Korean Basic Dictionary,1,exact_unique_gloss,dictionary_equivalent,0.97,high,
v02-c09-u02-006,2,9,2,691,691,여행 안내서,旅行指南,travel guidebook,expression,표현,表达,expression,여행(旅行) + 안내서(案內書),,Korean Basic Dictionary,0,component_match,editorial_override,0.42,low,English gloss added by project editorial pass.
v02-c09-u02-007,2,9,2,692,692,여해 경비,旅行经费,travel expenses,expression,표현,表达,expression,경비(經費),,Korean Basic Dictionary,0,component_match,editorial_override,0.42,low,English gloss added by project editorial pass.
v02-c09-u02-008,2,9,2,693,693,여행자 보험,游客保险,travel insurance,expression,표현,表达,expression,여행자(旅行者) + 보험(保險),,Korean Basic Dictionary,0,component_match,editorial_override,0.42,low,English gloss added by project editorial pass.
v02-c09-u02-009,2,9,2,694,694,~박~일,～天～夜,~ nights and ~ days,expression,표현,表达,expression,,,,0,unmatched,editorial_override,0.15,low,English gloss added by project editorial pass.
v02-c09-u02-010,2,9,2,695,695,왕,王,king; male monarch,lexeme,명사,名,hanja,王,,Korean Basic Dictionary,2,exact_ambiguous_tie,dictionary_equivalent,0.45,low,
v02-c09-u02-011,2,9,2,696,696,왕비,王妃,queen,lexeme,명사,名,hanja,王妃,,Korean Basic Dictionary,1,exact_unique_gloss,dictionary_equivalent,0.97,high,
v02-c09-u02-012,2,9,2,697,697,왕자,王子,prince,lexeme,명사,名,hanja,王子,,Korean Basic Dictionary,4,exact_ambiguous_tie,dictionary_equivalent,0.45,low,
v02-c09-u02-013,2,9,2,698,698,공주,公主,princess,lexeme,명사,名,hanja,公主,,Korean Basic Dictionary,2,exact_ambiguous_tie,dictionary_equivalent,0.45,low,
v02-c09-u02-014,2,9,2,699,699,기간,期间,period; term,lexeme,명사,名,hanja,其間,,Korean Basic Dictionary,2,exact_ranked_gloss,dictionary_equivalent,0.91,high,
v02-c09-u02-015,2,9,2,700,700,일정,日程,program; schedule,lexeme,명사,名,hanja,日程,일쩡,Korean Basic Dictionary,4,exact_ambiguous_tie,dictionary_equivalent,0.45,low,
v02-c09-u02-016,2,9,2,701,701,해운대,海云台地名,Haeundae,expression,표현,表达,expression,,,,0,unmatched,editorial_override,0.15,low,English gloss added by project editorial pass.
v02-c09-u02-017,2,9,2,702,702,범어사,梵鱼寺,Beomeosa Temple,expression,표현,表达,expression,,,,0,unmatched,editorial_override,0.15,low,English gloss added by project editorial pass.
v02-c09-u02-018,2,9,2,703,703,태종대,太宗台地名,Taejongdae,expression,표현,表达,expression,,,,0,unmatched,editorial_override,0.15,low,English gloss added by project editorial pass.
v02-c09-u02-019,2,9,2,704,704,목소리,声音,voice,lexeme,명사,名,native,,목쏘리,Korean Basic Dictionary,4,exact_ambiguous_tie,dictionary_equivalent,0.45,low,
v02-c09-u02-020,2,9,2,705,705,들리다,听到,be heard; be audible,lexeme,동사,动,native,,,Korean Basic Dictionary,7,exact_ambiguous_tie,dictionary_equivalent,0.45,low,
v02-c09-u02-021,2,9,2,706,706,자갈치 시장,札嘎其水产市场,Jagalchi Market,expression,표현,表达,expression,시장(市場),,Korean Basic Dictionary,0,component_match,editorial_override,0.42,low,English gloss added by project editorial pass.
v02-c09-u02-022,2,9,2,707,707,품질,质量,quality,lexeme,명사,名,hanja,品質,품ː질,Korean Basic Dictionary,1,exact_unique_gloss,dictionary_equivalent,0.97,high,
v02-c09-u02-023,2,9,2,708,708,우수하다,优秀,excellent; remarkable; superb,lexeme,형용사,形,hybrid,優秀하다,,Korean Basic Dictionary,2,exact_ambiguous_tie,dictionary_equivalent,0.45,low,
v02-c09-u02-024,2,9,2,709,709,독도,独岛,Dokdo Island,lexeme,명사,名,hanja,獨島,독또,Korean Basic Dictionary,1,exact_unique_gloss,dictionary_equivalent,0.97,high,
v02-c09-u02-025,2,9,2,710,710,경상북도,庆尚北道,Gyeongsangbuk-do Province; North Gyeongsang Province,lexeme,명사,名,hanja,慶尙北道,경ː상북또,Korean Basic Dictionary,1,exact_unique_gloss,dictionary_equivalent,0.97,high,
v02-c09-u02-026,2,9,2,711,711,세월,岁月,time,lexeme,명사,名,hanja,歲月,세ː월,Korean Basic Dictionary,5,exact_ranked_gloss,dictionary_equivalent,0.91,high,
v02-c09-u02-027,2,9,2,712,712,가까이,近处 靠近,being closely,lexeme,명사,名,native,,,Korean Basic Dictionary,5,exact_ambiguous_tie,dictionary_equivalent,0.45,low,
v02-c09-u03-001,2,9,3,713,713,특실,特等间 豪华间,VIP room; VIP suite,lexeme,명사,名,hanja,特室,특씰,Korean Basic Dictionary,1,exact_unique_gloss,dictionary_equivalent,0.97,high,
v02-c09-u03-002,2,9,3,714,714,일반실,标准间,standard room; standard class,lexeme,명사,名,hanja,一般室,,Korean Basic Dictionary,1,exact_unique_gloss,dictionary_equivalent,0.97,high,
v02-c09-u03-003,2,9,3,715,715,원하다,愿 希望,want; wish; hope,lexeme,동사,动,hybrid,願하다,원ː하다,Korean Basic Dictionary,1,exact_unique_gloss,dictionary_equivalent,0.97,high,
v02-c09-u03-004,2,9,3,716,716,묵다,住,stay; lodge,lexeme,동사,动,native,,묵따,Korean Basic Dictionary,3,exact_ranked_gloss,dictionary_equivalent,0.91,high,
v02-c09-u03-005,2,9,3,717,717,전망,远望 展望 瞭望,view,lexeme,명사,名,hanja,展望,전ː망,Korean Basic Dictionary,4,exact_ranked_gloss,dictionary_equivalent,0.91,high,
v02-c09-u03-006,2,9,3,718,718,성함,姓名（이름敬语）,name,lexeme,명사,名,hanja,姓銜,성ː함,Korean Basic Dictionary,1,exact_unique_gloss,dictionary_equivalent,0.97,high,
v02-c09-u03-007,2,9,3,719,719,연락처,联络方式,contact information,lexeme,명사,名,hanja,連絡處,열락처,Korean Basic Dictionary,1,exact_unique_gloss,dictionary_equivalent,0.97,high,
v02-c09-u03-008,2,9,3,720,720,결제,结账,payment; settlement; liquidation,lexeme,명사,名,hanja,決濟,결쩨,Korean Basic Dictionary,1,exact_unique_gloss,dictionary_equivalent,0.97,high,
v02-c09-u03-009,2,9,3,721,721,상품,商品 货品,product; goods,lexeme,명사,名,hanja,商品,,Korean Basic Dictionary,3,exact_ranked_gloss,dictionary_equivalent,0.91,high,
v02-c09-u03-010,2,9,3,722,722,항공,航空,aviation; air,lexeme,명사,名,hanja,航空,항ː공,Korean Basic Dictionary,1,exact_unique_gloss,dictionary_equivalent,0.97,high,
v02-c09-u03-011,2,9,3,723,723,렌터카,租赁车,rental car,lexeme,명사,名,loanword,rent-a-car,,Korean Basic Dictionary,1,exact_unique_gloss,dictionary_equivalent,0.97,high,
v02-c09-u03-012,2,9,3,724,724,예정,预定,plan; expectation,lexeme,명사,名,hanja,豫定,예ː정,Korean Basic Dictionary,1,exact_unique_gloss,dictionary_equivalent,0.97,high,
v02-c09-u03-013,2,9,3,725,725,체크인,入住手续,check-in,lexeme,명사,名,loanword,check-in,,Korean Basic Dictionary,2,exact_ranked_gloss,dictionary_equivalent,0.91,high,
v02-c09-u03-014,2,9,3,726,726,항공권,飞机票,airline ticket; flight ticket,lexeme,명사,名,hanja,航空券,항ː공꿘,Korean Basic Dictionary,1,exact_unique_gloss,dictionary_equivalent,0.97,high,
v02-c09-u03-015,2,9,3,727,727,여정,旅程,journey; itinerary,lexeme,명사,名,hanja,旅程,,Korean Basic Dictionary,2,exact_ranked_gloss,dictionary_equivalent,0.91,high,
v02-c09-u03-016,2,9,3,728,728,왕복,往返,going and returning; round trip,lexeme,명사,名,hanja,往復,왕ː복,Korean Basic Dictionary,1,exact_unique_gloss,dictionary_equivalent,0.97,high,
v02-c09-u03-017,2,9,3,729,729,편도,单程,one-way,lexeme,명사,名,hanja,片道,,Korean Basic Dictionary,1,exact_unique_gloss,dictionary_equivalent,0.97,high,
v02-c09-u03-018,2,9,3,730,730,일반석,经济舱,economy class,lexeme,명사,名,hanja,一般席,,Korean Basic Dictionary,1,editorial_override,editorial_override,1.0,verified,同单元下一条为 비즈니스석（商务舱），因此一般석在本处是航空经济舱。
v02-c09-u03-019,2,9,3,731,731,비즈니스석,商务舱,business class,expression,표현,表达,expression,,,,0,unmatched,editorial_override,0.15,low,English gloss added by project editorial pass.
v02-c09-u03-020,2,9,3,732,732,대여,出租,lending; rental,lexeme,명사,名,hanja,貸與,대ː여,Korean Basic Dictionary,1,exact_unique_gloss,dictionary_equivalent,0.97,high,
v02-c09-u03-021,2,9,3,733,733,소형차,小型车,compact car; small car,lexeme,명사,名,hanja,小型車,소ː형차,Korean Basic Dictionary,1,exact_unique_gloss,dictionary_equivalent,0.97,high,
v02-c09-u03-022,2,9,3,734,734,중형차,中型车,mid-size car,lexeme,명사,名,hanja,中型車,,Korean Basic Dictionary,1,exact_unique_gloss,dictionary_equivalent,0.97,high,
v02-c09-u03-023,2,9,3,735,735,대형차,大型车,full-sized car; luxury-sized car,lexeme,명사,名,hanja,大型車,대ː형차,Korean Basic Dictionary,1,exact_unique_gloss,dictionary_equivalent,0.97,high,
v02-c09-u03-024,2,9,3,736,736,승합차,公共汽车 巴士,van,lexeme,명사,名,hanja,乘合車,,Korean Basic Dictionary,1,exact_unique_gloss,dictionary_equivalent,0.97,high,
v02-c09-u03-025,2,9,3,737,737,기사,司机,driver,lexeme,명사,名,hanja,技士,,Korean Basic Dictionary,5,exact_ranked_gloss,dictionary_equivalent,0.91,high,
v02-c09-u03-026,2,9,3,738,738,포함,包括,inclusion; coverage,lexeme,명사,名,hanja,包含,,Korean Basic Dictionary,1,exact_unique_gloss,dictionary_equivalent,0.97,high,
v02-c09-u03-027,2,9,3,739,739,여부,与否,yes or no; whether or not,lexeme,명사,名,hanja,與否,여ː부,Korean Basic Dictionary,2,exact_ranked_gloss,dictionary_equivalent,0.91,high,
v02-c09-u03-028,2,9,3,740,740,애인,恋人,lover; one's beloved,lexeme,명사,名,hanja,愛人,애ː인,Korean Basic Dictionary,1,exact_unique_gloss,dictionary_equivalent,0.97,high,
v02-c09-u03-029,2,9,3,741,741,고래,鲸鱼,whale,lexeme,명사,名,native,,,Korean Basic Dictionary,6,exact_ranked_gloss,dictionary_equivalent,0.91,high,
v02-c09-u03-030,2,9,3,742,742,동물,动物,animal,lexeme,명사,名,hanja,動物,동ː물,Korean Basic Dictionary,2,exact_ambiguous_tie,dictionary_equivalent,0.45,low,
v02-c09-u03-031,2,9,3,743,743,후반,后期,second half; latter part,lexeme,명사,名,hanja,後半,후ː반,Korean Basic Dictionary,1,exact_unique_gloss,dictionary_equivalent,0.97,high,
v02-c09-u03-032,2,9,3,744,744,발전하다,发展,develop,lexeme,동사,动,hybrid,發展하다,발쩐하다,Korean Basic Dictionary,2,exact_ranked_gloss,dictionary_equivalent,0.91,high,
v02-c09-u04-001,2,9,4,745,745,빼놓지,遗漏（除外）,without leaving out; except,expression,표현,表达,expression,,,,0,unmatched,editorial_override,0.15,low,English gloss added by project editorial pass.
v02-c09-u04-002,2,9,4,746,746,추천하다,推荐,recommend,lexeme,동사,动,hybrid,推薦하다,,Korean Basic Dictionary,1,exact_unique_gloss,dictionary_equivalent,0.97,high,
v02-c09-u04-003,2,9,4,747,747,로마,罗马,Rome,expression,표현,表达,expression,,,,0,unmatched,editorial_override,0.15,low,English gloss added by project editorial pass.
v02-c09-u04-004,2,9,4,748,748,시대,时代,period,lexeme,명사,名,hanja,時代,,Korean Basic Dictionary,2,exact_ambiguous_tie,dictionary_equivalent,0.45,low,
v02-c09-u04-005,2,9,4,749,749,호수,湖水,lake,lexeme,명사,名,hanja,湖水,,Korean Basic Dictionary,4,exact_ranked_gloss,dictionary_equivalent,0.91,high,
v02-c09-u04-006,2,9,4,750,750,폭포,瀑布,waterfall; falls; cascade,lexeme,명사,名,hanja,瀑布,,Korean Basic Dictionary,1,exact_unique_gloss,dictionary_equivalent,0.97,high,
v02-c09-u04-007,2,9,4,751,751,강,江,river,lexeme,명사,名,hanja,江,,Korean Basic Dictionary,3,exact_unique_gloss,dictionary_equivalent,0.97,high,
v02-c09-u04-008,2,9,4,752,752,해변,海边,beach; coast; seaside; seashore,lexeme,명사,名,hanja,海邊,해ː변,Korean Basic Dictionary,1,exact_unique_gloss,dictionary_equivalent,0.97,high,
v02-c09-u04-009,2,9,4,753,753,온천,温泉,hot spring,lexeme,명사,名,hanja,溫泉,,Korean Basic Dictionary,2,exact_ambiguous_tie,dictionary_equivalent,0.45,low,
v02-c09-u04-010,2,9,4,754,754,화산,火山,volcano; volcanic mountain,lexeme,명사,名,hanja,火山,화ː산,Korean Basic Dictionary,1,exact_unique_gloss,dictionary_equivalent,0.97,high,
v02-c09-u04-011,2,9,4,755,755,오페라 하우스,悉尼歌剧院,Sydney Opera House,expression,표현,表达,expression,오페라(opera),,Korean Basic Dictionary,0,component_match,editorial_override,0.42,low,English gloss added by project editorial pass.
v02-c09-u04-012,2,9,4,756,756,졸리다,困,feel drowsy,lexeme,동사,动,native,,졸ː리다,Korean Basic Dictionary,3,exact_ambiguous_tie,dictionary_equivalent,0.45,low,
v02-c09-u04-013,2,9,4,757,757,청소,扫除,cleaning,lexeme,명사,名,hanja,淸掃,,Korean Basic Dictionary,1,exact_unique_gloss,dictionary_equivalent,0.97,high,
v02-c09-u04-014,2,9,4,758,758,화장,化妆,make-up; putting on cosmetics,lexeme,명사,名,hanja,化粧,,Korean Basic Dictionary,2,exact_ranked_gloss,dictionary_equivalent,0.91,high,
v02-c09-u05-001,2,9,5,759,759,엽서,明信片,postcard,lexeme,명사,名,hanja,葉書,엽써,Korean Basic Dictionary,1,exact_unique_gloss,dictionary_equivalent,0.97,high,
v02-c09-u05-002,2,9,5,760,760,하와이,夏威夷,Hawaii,expression,표현,表达,expression,,,,0,unmatched,editorial_override,0.15,low,English gloss added by project editorial pass.
v02-c09-u05-003,2,9,5,761,761,알프스,阿尔卑斯,the Alps,expression,표현,表达,expression,,,,0,unmatched,editorial_override,0.15,low,English gloss added by project editorial pass.
v02-c09-u05-004,2,9,5,762,762,신주쿠,新宿地名,Shinjuku,expression,표현,表达,expression,,,,0,unmatched,editorial_override,0.15,low,English gloss added by project editorial pass.
v02-c09-u05-005,2,9,5,763,763,나이아가라 폭포,尼亚加拉瀑布,Niagara Falls,expression,표현,表达,expression,폭포(瀑布),,Korean Basic Dictionary,0,component_match,editorial_override,0.42,low,English gloss added by project editorial pass.
v02-c09-u05-006,2,9,5,764,764,도쿄,东京,Tokyo,expression,표현,表达,expression,,,,0,unmatched,editorial_override,0.15,low,English gloss added by project editorial pass.
v02-c09-u05-007,2,9,5,765,765,느낌,感觉,feeling; sense; impression,lexeme,명사,名,native,,,Korean Basic Dictionary,1,exact_unique_gloss,dictionary_equivalent,0.97,high,
v02-c09-u05-008,2,9,5,766,766,구경거리,可看的,attraction,lexeme,명사,名,native,,구ː경꺼리,Korean Basic Dictionary,1,exact_unique_gloss,dictionary_equivalent,0.97,high,
v02-c09-u05-009,2,9,5,767,767,세계 문화 유산,世界文化遗产,World Cultural Heritage site,expression,표현,表达,expression,세계(世界) + 문화(文化) + 유산(遺産),,Korean Basic Dictionary,0,component_match,editorial_override,0.42,low,English gloss added by project editorial pass.
v02-c09-u05-010,2,9,5,768,768,축제,节庆；庆典,festival,lexeme,명사,名,hanja,祝祭,축쩨,Korean Basic Dictionary,1,editorial_override,editorial_override,1.0,verified,축제 对应 festival/节庆；原中文“联欢会”范围过窄。
v02-c09-u05-011,2,9,5,769,769,과학,科学,science,lexeme,명사,名,hanja,科學,,Korean Basic Dictionary,2,exact_ambiguous_tie,dictionary_equivalent,0.45,low,
v02-c09-u05-012,2,9,5,770,770,해산물,海产品,seafood,lexeme,명사,名,hanja,海産物,해ː산물,Korean Basic Dictionary,1,exact_unique_gloss,dictionary_equivalent,0.97,high,
v02-c09-u05-013,2,9,5,771,771,설경,雪景,snowscape; snowy scene,lexeme,명사,名,hanja,雪景,,Korean Basic Dictionary,1,exact_unique_gloss,dictionary_equivalent,0.97,high,
v02-c09-u05-014,2,9,5,772,772,유물,遗物 古迹,relic; remains; antiquity,lexeme,명사,名,hanja,遺物,,Korean Basic Dictionary,3,exact_ranked_gloss,dictionary_equivalent,0.91,high,
v02-c09-u05-015,2,9,5,773,773,불국사,佛国寺,Bulguksa Temple,lexeme,명사,名,hanja,佛國寺,불국싸,Korean Basic Dictionary,1,exact_unique_gloss,dictionary_equivalent,0.97,high,
v02-c09-u05-016,2,9,5,774,774,석굴암,石窟庵,Seokguram Grotto,lexeme,명사,名,hanja,石窟庵,석꾸람,Korean Basic Dictionary,1,exact_unique_gloss,dictionary_equivalent,0.97,high,
v02-c09-u05-017,2,9,5,775,775,귤,橘子,tangerine; mandarin orange,lexeme,명사,名,hanja,橘,,Korean Basic Dictionary,1,exact_unique_gloss,dictionary_equivalent,0.97,high,
v02-c09-u05-018,2,9,5,776,776,한라산,汉拿山,Hallasan Mountain,lexeme,명사,名,hanja,漢拏山,할ː라산,Korean Basic Dictionary,1,exact_unique_gloss,dictionary_equivalent,0.97,high,
v02-c09-u05-019,2,9,5,777,777,첨성대,瞻星台,Cheomseongdae Observatory,expression,표현,表达,expression,,,,0,unmatched,editorial_override,0.15,low,English gloss added by project editorial pass.
v02-c10-u01-001,2,10,1,778,778,전세,传贳房,jeonse; Korean lump-sum deposit lease,lexeme,명사,名,hanja,傳貰,,Korean Basic Dictionary,4,editorial_override,editorial_override,1.0,verified,保留制度名称罗马字并补充英文说明。
v02-c10-u01-002,2,10,1,779,779,월세,月租房,monthly rent; monthly rental fee,lexeme,명사,名,hanja,月貰,월쎄,Korean Basic Dictionary,2,exact_ambiguous_tie,dictionary_equivalent,0.45,low,
v02-c10-u01-003,2,10,1,780,780,보증금,押金,deposit,lexeme,명사,名,hanja,保證金,,Korean Basic Dictionary,2,exact_ranked_gloss,dictionary_equivalent,0.91,high,
v02-c10-u01-004,2,10,1,781,781,원룸,开间,studio,lexeme,명사,名,loanword,one-room,,Korean Basic Dictionary,1,exact_unique_gloss,dictionary_equivalent,0.97,high,
v02-c10-u01-005,2,10,1,782,782,시설,设施,facility; installation,lexeme,명사,名,hanja,施設,시ː설,Korean Basic Dictionary,1,exact_unique_gloss,dictionary_equivalent,0.97,high,
v02-c10-u01-006,2,10,1,783,783,부동산 소개소,房地产中介,real estate agency,expression,표현,表达,expression,부동산(不動産) + 소개소(紹介所),,Korean Basic Dictionary,0,component_match,editorial_override,0.42,low,English gloss added by project editorial pass.
v02-c10-u01-007,2,10,1,784,784,계약을 하다,签约,to sign a contract,expression,표현,表达,expression,계약(契約) + 하다(固),,Korean Basic Dictionary,0,component_match,editorial_override,0.42,low,English gloss added by project editorial pass.
v02-c10-u01-008,2,10,1,785,785,소개비,中介费,brokerage fee,lexeme,명사,名,hanja,紹介費,,Korean Basic Dictionary,1,exact_unique_gloss,dictionary_equivalent,0.97,high,
v02-c10-u01-009,2,10,1,786,786,이사를 하다,搬家,to move house,expression,표현,表达,expression,이사(移徙) + 하다(固),,Korean Basic Dictionary,0,component_match,editorial_override,0.42,low,English gloss added by project editorial pass.
v02-c10-u01-010,2,10,1,787,787,조언을 하다,提建议,to give advice,expression,표현,表达,expression,조언(助言) + 하다(固),,Korean Basic Dictionary,0,component_match,editorial_override,0.42,low,English gloss added by project editorial pass.
v02-c10-u01-011,2,10,1,788,788,난방비,取暖费,heating costs,expression,표현,表达,expression,,,,0,unmatched,editorial_override,0.15,low,English gloss added by project editorial pass.
v02-c10-u01-012,2,10,1,789,789,자연 환경,自然环境,natural environment,expression,표현,表达,expression,자연(自然) + 환경(環境),,Korean Basic Dictionary,0,component_match,editorial_override,0.42,low,English gloss added by project editorial pass.
v02-c10-u01-013,2,10,1,790,790,관리비,管理费,management expenses; maintenance cost,lexeme,명사,名,hanja,管理費,괄리비,Korean Basic Dictionary,1,exact_unique_gloss,dictionary_equivalent,0.97,high,
v02-c10-u01-014,2,10,1,791,791,공동 화장실,公共卫生间,shared bathroom,expression,표현,表达,expression,공동(共同) + 화장실(化粧室),,Korean Basic Dictionary,0,component_match,editorial_override,0.42,low,English gloss added by project editorial pass.
v02-c10-u01-015,2,10,1,792,792,독방,单间,solitary cell,lexeme,명사,名,hanja,獨房,독빵,Korean Basic Dictionary,2,exact_ranked_gloss,dictionary_equivalent,0.91,high,
v02-c10-u01-016,2,10,1,793,793,소파,沙发,sofa; couch,lexeme,명사,名,loanword,sofa,,Korean Basic Dictionary,1,exact_unique_gloss,dictionary_equivalent,0.97,high,
v02-c10-u01-017,2,10,1,794,794,자식,孩子,child; kid,lexeme,명사,名,hanja,子息,,Korean Basic Dictionary,10,exact_ambiguous_tie,dictionary_equivalent,0.45,low,
v02-c10-u01-018,2,10,1,795,795,그래도,还是,nevertheless; even so,lexeme,부사,副,native,,,Korean Basic Dictionary,2,editorial_override,editorial_override,1.0,verified,그래도 为转折副词“即便如此/还是”；原英文 geuraedo 只是罗马字，原词性为空。
v02-c10-u01-019,2,10,1,796,796,그래서,所以,so; therefore,lexeme,부사,副,native,,,Korean Basic Dictionary,3,exact_ranked_gloss,dictionary_equivalent,0.91,high,
v02-c10-u01-020,2,10,1,797,797,연기하다,延期,defer; postpone,lexeme,동사,动,hybrid,延期하다,,Korean Basic Dictionary,2,exact_ranked_gloss,dictionary_equivalent,0.91,high,
v02-c10-u01-021,2,10,1,798,798,진학하다,升学,enter a higher education institution,lexeme,동사,动,hybrid,進學하다,진ː하카다,Korean Basic Dictionary,1,exact_unique_gloss,dictionary_equivalent,0.97,high,
v02-c10-u01-022,2,10,1,799,799,그러나,但是,but; however,lexeme,부사,副,native,,,Korean Basic Dictionary,3,exact_ambiguous_tie,dictionary_equivalent,0.45,low,
v02-c10-u01-023,2,10,1,800,800,합격하다,合格,pass; get through,lexeme,동사,动,hybrid,合格하다,합껴카다,Korean Basic Dictionary,2,exact_ambiguous_tie,dictionary_equivalent,0.45,low,
v02-c10-u01-024,2,10,1,801,801,그러니까,所以,so,lexeme,부사,副,native,,,Korean Basic Dictionary,3,exact_ranked_gloss,dictionary_equivalent,0.91,high,
v02-c10-u01-025,2,10,1,802,802,그런데,然而,however; by the way,lexeme,부사,副,native,,,Korean Basic Dictionary,4,editorial_override,editorial_override,1.0,verified,그런데 为转折/话题转换副词；原英文 geureonde 只是罗马字，原词性为空。
v02-c10-u01-026,2,10,1,803,803,그렇지만,但是,but; however; nevertheless,lexeme,부사,副,native,,그러치만,Korean Basic Dictionary,1,exact_unique_gloss,dictionary_equivalent,0.97,high,
v02-c10-u01-027,2,10,1,804,804,무리하다,无理 过分,be too much; be impractical; be out of reach,lexeme,동사,动,hybrid,無理하다,,Korean Basic Dictionary,2,exact_ambiguous_tie,dictionary_equivalent,0.45,low,
v02-c10-u01-028,2,10,1,805,805,그리고,而且,and,lexeme,부사,副,native,,,Korean Basic Dictionary,1,exact_unique_gloss,dictionary_equivalent,0.97,high,
v02-c10-u02-001,2,10,2,806,806,낫다,好,better,lexeme,형용사,形,native,,낟ː따,Korean Basic Dictionary,2,exact_ranked_gloss,dictionary_equivalent,0.91,high,
v02-c10-u02-002,2,10,2,807,807,포장 이사,包装搬家,moving and packing service,expression,표현,表达,hybrid,包裝移徙,,Korean Basic Dictionary,1,exact_unique_gloss,dictionary_equivalent,0.97,high,
v02-c10-u02-003,2,10,2,808,808,참다,忍耐,suppress; control,lexeme,동사,动,native,,참ː따,Korean Basic Dictionary,6,exact_ambiguous_tie,dictionary_equivalent,0.45,low,
v02-c10-u02-004,2,10,2,809,809,옮기다,搬运,move; take; shift,lexeme,동사,动,native,,옴기다,Korean Basic Dictionary,10,exact_ambiguous_tie,dictionary_equivalent,0.45,low,
v02-c10-u02-005,2,10,2,810,810,엄살(을) 부리다,夸张（严重程度）,to exaggerate one's suffering,expression,표현,表达,expression,엄살(固) + 부리다(固),,Korean Basic Dictionary,0,component_match,editorial_override,0.42,low,English gloss added by project editorial pass.
v02-c10-u02-006,2,10,2,811,811,정리하다,整理,organize,lexeme,동사,动,hybrid,整理하다,정ː니하다,Korean Basic Dictionary,5,exact_ambiguous_tie,dictionary_equivalent,0.45,low,
v02-c10-u02-007,2,10,2,812,812,이삿짐센터,搬家公司,moving company; mover,lexeme,명사,名,hybrid,移徙짐center,,Korean Basic Dictionary,1,exact_unique_gloss,dictionary_equivalent,0.97,high,
v02-c10-u02-008,2,10,2,813,813,비용,费用,cost; expense,lexeme,명사,名,hanja,費用,비ː용,Korean Basic Dictionary,1,exact_unique_gloss,dictionary_equivalent,0.97,high,
v02-c10-u02-009,2,10,2,814,814,사다리차,云梯车,ladder truck; hook-and-ladder truck,lexeme,명사,名,hybrid,사다리車,,Korean Basic Dictionary,1,exact_unique_gloss,dictionary_equivalent,0.97,high,
v02-c10-u02-010,2,10,2,815,815,이웃집,邻居家 隔壁,neighbor; house next door,lexeme,명사,名,native,,이욷찝,Korean Basic Dictionary,1,exact_unique_gloss,dictionary_equivalent,0.97,high,
v02-c10-u02-011,2,10,2,816,816,배치,布置,arrangement; placement,lexeme,명사,名,hanja,排置,,Korean Basic Dictionary,3,exact_ranked_gloss,dictionary_equivalent,0.91,high,
v02-c10-u02-012,2,10,2,817,817,전학가다,转学,to transfer schools,expression,표현,表达,expression,,,,0,unmatched,editorial_override,0.15,low,English gloss added by project editorial pass.
v02-c10-u02-013,2,10,2,818,818,다정하다,亲密,kind; friendly,lexeme,형용사,形,hybrid,多情하다,,Korean Basic Dictionary,1,exact_unique_gloss,dictionary_equivalent,0.97,high,
v02-c10-u03-001,2,10,3,819,819,걸레,抹布,damp cloth; dusting cloth,lexeme,명사,名,native,,,Korean Basic Dictionary,2,exact_ranked_gloss,dictionary_equivalent,0.91,high,
v02-c10-u03-002,2,10,3,820,820,깔끔하다,干净利落,clean; neat,lexeme,형용사,形,native,,,Korean Basic Dictionary,2,exact_ranked_gloss,dictionary_equivalent,0.91,high,
v02-c10-u03-003,2,10,3,821,821,룸메이트,同屋 室友,roommate,expression,표현,表达,expression,,,,0,unmatched,editorial_override,0.15,low,English gloss added by project editorial pass.
v02-c10-u03-004,2,10,3,822,822,재활용,再利用,recycling,lexeme,명사,名,hanja,再活用,재ː화룡,Korean Basic Dictionary,1,exact_unique_gloss,dictionary_equivalent,0.97,high,
v02-c10-u03-005,2,10,3,823,823,상자,箱子,box,lexeme,명사,名,hanja,箱子,,Korean Basic Dictionary,2,exact_ambiguous_tie,dictionary_equivalent,0.45,low,
v02-c10-u03-006,2,10,3,824,824,설거지를 하다,洗碗,to wash the dishes,expression,표현,表达,expression,설거지(固) + 하다(固),,Korean Basic Dictionary,0,component_match,editorial_override,0.42,low,English gloss added by project editorial pass.
v02-c10-u03-007,2,10,3,825,825,화분,花盆,flower pot; plant pot,lexeme,명사,名,hanja,花盆,,Korean Basic Dictionary,1,exact_unique_gloss,dictionary_equivalent,0.97,high,
v02-c10-u03-008,2,10,3,826,826,강아지,小狗,puppy,lexeme,명사,名,native,,,Korean Basic Dictionary,2,exact_ranked_gloss,dictionary_equivalent,0.91,high,
v02-c10-u03-009,2,10,3,827,827,돌보다,照顾,take care of,lexeme,동사,动,native,,돌ː보다,Korean Basic Dictionary,2,exact_ranked_gloss,dictionary_equivalent,0.91,high,
v02-c10-u03-010,2,10,3,828,828,먼지를 털다,掸尘,to dust off,expression,표현,表达,expression,먼지(固) + 털다(固),,Korean Basic Dictionary,0,component_match,editorial_override,0.42,low,English gloss added by project editorial pass.
v02-c10-u03-011,2,10,3,829,829,걸레질을 하다,擦灰尘,to mop; wipe with a cloth,expression,표현,表达,expression,걸레질(固) + 하다(固),,Korean Basic Dictionary,0,component_match,editorial_override,0.42,low,English gloss added by project editorial pass.
v02-c10-u03-012,2,10,3,830,830,마당을 쓸다,扫院子,to sweep the yard,expression,표현,表达,expression,마당(固) + 쓸다(固),,Korean Basic Dictionary,0,component_match,editorial_override,0.42,low,English gloss added by project editorial pass.
v02-c10-u03-013,2,10,3,831,831,세차하다,洗车,wash a car,lexeme,동사,动,hybrid,洗車하다,세ː차하다,Korean Basic Dictionary,1,exact_unique_gloss,dictionary_equivalent,0.97,high,
v02-c10-u03-014,2,10,3,832,832,콧노래,哼歌,humming,lexeme,명사,名,native,,콘노래,Korean Basic Dictionary,1,exact_unique_gloss,dictionary_equivalent,0.97,high,
v02-c10-u04-001,2,10,4,833,833,스카프,围巾,scarf,lexeme,명사,名,loanword,scarf,,Korean Basic Dictionary,1,exact_unique_gloss,dictionary_equivalent,0.97,high,
v02-c10-u04-002,2,10,4,834,834,얼룩,斑点 污渍,spot; stain,lexeme,명사,名,native,,,Korean Basic Dictionary,2,exact_ranked_gloss,dictionary_equivalent,0.91,high,
v02-c10-u04-003,2,10,4,835,835,빼다,去除,subtract; remove; draw,lexeme,동사,动,native,,빼ː다,Korean Basic Dictionary,18,exact_ranked_gloss,dictionary_equivalent,0.91,high,
v02-c10-u04-004,2,10,4,836,836,빠지다,洗掉,come out; discolor,lexeme,동사,动,native,,빠ː지다,Korean Basic Dictionary,19,exact_ranked_gloss,dictionary_equivalent,0.91,high,
v02-c10-u04-005,2,10,4,837,837,드라이클리닝,干洗,dry-cleaning,lexeme,명사,名,loanword,dry cleaning,,Korean Basic Dictionary,1,exact_unique_gloss,dictionary_equivalent,0.97,high,
v02-c10-u04-006,2,10,4,838,838,옷걸이,衣架,clothes hanger; hanger,lexeme,명사,名,native,,옫꺼리,Korean Basic Dictionary,1,exact_unique_gloss,dictionary_equivalent,0.97,high,
v02-c10-u04-007,2,10,4,839,839,말리다,晾,dry; make dry; air,lexeme,동사,动,native,,,Korean Basic Dictionary,8,exact_ranked_gloss,dictionary_equivalent,0.91,high,
v02-c10-u04-008,2,10,4,840,840,다림질하다,熨烫,iron; press,lexeme,동사,动,native,,,Korean Basic Dictionary,1,exact_unique_gloss,dictionary_equivalent,0.97,high,
v02-c10-u04-009,2,10,4,841,841,표백하다,漂白,bleach,lexeme,동사,动,hybrid,漂白하다,표배카다,Korean Basic Dictionary,1,exact_unique_gloss,dictionary_equivalent,0.97,high,
v02-c10-u04-010,2,10,4,842,842,짜다,拧,squeeze,lexeme,동사,动,native,,,Korean Basic Dictionary,10,exact_ambiguous_tie,dictionary_equivalent,0.45,low,
v02-c10-u04-011,2,10,4,843,843,털,毛,hair; feather,lexeme,명사,名,native,,,Korean Basic Dictionary,4,exact_ambiguous_tie,dictionary_equivalent,0.45,low,
v02-c10-u04-012,2,10,4,844,844,점퍼,运动服 工作服,jacket,lexeme,명사,名,loanword,jumper,,Korean Basic Dictionary,1,exact_unique_gloss,dictionary_equivalent,0.97,high,
v02-c10-u04-013,2,10,4,845,845,양말,袜子,sock,lexeme,명사,名,hanja,洋襪/洋韈,,Korean Basic Dictionary,1,exact_unique_gloss,dictionary_equivalent,0.97,high,
v02-c10-u04-014,2,10,4,846,846,운동복,运动服,sportswear; sweat suit,lexeme,명사,名,hanja,運動服,운ː동복,Korean Basic Dictionary,1,exact_unique_gloss,dictionary_equivalent,0.97,high,
v02-c10-u04-015,2,10,4,847,847,블라우스,宽松女罩衫 女衬衣,blouse,lexeme,명사,名,loanword,blouse,,Korean Basic Dictionary,1,exact_unique_gloss,dictionary_equivalent,0.97,high,
v02-c10-u04-016,2,10,4,848,848,속옷,内衣,underwear,lexeme,명사,名,native,,소ː곧,Korean Basic Dictionary,1,exact_unique_gloss,dictionary_equivalent,0.97,high,
v02-c10-u04-017,2,10,4,849,849,스타킹,长统袜,stockings; pantyhose,lexeme,명사,名,loanword,stocking,,Korean Basic Dictionary,1,exact_unique_gloss,dictionary_equivalent,0.97,high,
v02-c10-u04-018,2,10,4,850,850,면바지,棉料裤子,cotton pants,lexeme,명사,名,hybrid,綿바지,,Korean Basic Dictionary,1,exact_unique_gloss,dictionary_equivalent,0.97,high,
v02-c10-u04-019,2,10,4,851,851,수건,手巾,towel,lexeme,명사,名,hanja,手巾,수ː건,Korean Basic Dictionary,2,exact_unique_gloss,dictionary_equivalent,0.97,high,
v02-c10-u04-020,2,10,4,852,852,수영복,泳衣,swimsuit; bathing suit,lexeme,명사,名,hanja,水泳服,,Korean Basic Dictionary,1,exact_unique_gloss,dictionary_equivalent,0.97,high,
v02-c10-u04-021,2,10,4,853,853,재킷,夹克,jacket,lexeme,명사,名,loanword,jacket,,Korean Basic Dictionary,2,exact_ambiguous_tie,dictionary_equivalent,0.45,low,
v02-c10-u04-022,2,10,4,854,854,스웨터,针织衫 羊毛衫,sweater,lexeme,명사,名,loanword,sweater,,Korean Basic Dictionary,1,exact_unique_gloss,dictionary_equivalent,0.97,high,
v02-c10-u04-023,2,10,4,855,855,니트,针织品,knit,lexeme,명사,名,loanword,knit,,Korean Basic Dictionary,1,exact_unique_gloss,dictionary_equivalent,0.97,high,
v02-c10-u04-024,2,10,4,856,856,조끼,坎肩,vest,lexeme,명사,名,loanword,←chokki,,Korean Basic Dictionary,1,exact_unique_gloss,dictionary_equivalent,0.97,high,
v02-c10-u04-025,2,10,4,857,857,실크,丝绸,silk,lexeme,명사,名,loanword,silk,,Korean Basic Dictionary,1,exact_unique_gloss,dictionary_equivalent,0.97,high,
v02-c10-u04-026,2,10,4,858,858,아기,小孩儿,baby,lexeme,명사,名,native,,,Korean Basic Dictionary,3,exact_ranked_gloss,dictionary_equivalent,0.91,high,
v02-c10-u04-027,2,10,4,859,859,손빨래,手洗（衣服）,hand-washing,lexeme,명사,名,native,,,Korean Basic Dictionary,1,exact_unique_gloss,dictionary_equivalent,0.97,high,
v02-c10-u04-028,2,10,4,860,860,구멍이 나다,出了洞,to develop a hole,expression,표현,表达,expression,구멍(固) + 나다(固),,Korean Basic Dictionary,0,component_match,editorial_override,0.42,low,English gloss added by project editorial pass.
v02-c10-u04-029,2,10,4,861,861,맡기다,委托,entrust; leave something with,lexeme,동사,动,native,,맏끼다,Korean Basic Dictionary,8,exact_ranked_gloss,dictionary_equivalent,0.91,high,
v02-c10-u04-030,2,10,4,862,862,잉크,墨水,ink,lexeme,명사,名,loanword,ink,,Korean Basic Dictionary,1,exact_unique_gloss,dictionary_equivalent,0.97,high,
v02-c10-u04-031,2,10,4,863,863,껌,口香糖,chewing gum,lexeme,명사,名,loanword,←gum,,Korean Basic Dictionary,1,exact_unique_gloss,dictionary_equivalent,0.97,high,
v02-c10-u04-032,2,10,4,864,864,바르다,抹 擦,apply; spread; put on,lexeme,동사,动,native,,,Korean Basic Dictionary,8,exact_ranked_gloss,dictionary_equivalent,0.91,high,
v02-c10-u04-033,2,10,4,865,865,크레파스,蜡粉笔 蜡笔 彩色粉笔,cray-pas; crayon pastel,lexeme,명사,名,loanword,←kurepasu,,Korean Basic Dictionary,1,exact_unique_gloss,dictionary_equivalent,0.97,high,
v02-c10-u04-034,2,10,4,866,866,지워지다,消除/去掉（지우다的被动词）,to be erased; come off,expression,표현,表达,expression,,,,0,unmatched,editorial_override,0.15,low,English gloss added by project editorial pass.
v02-c10-u04-035,2,10,4,867,867,지하,地下,basement,lexeme,명사,名,hanja,地下,,Korean Basic Dictionary,3,exact_ambiguous_tie,dictionary_equivalent,0.45,low,
v02-c10-u05-001,2,10,5,868,868,접속사,接续词,conjunctive,lexeme,명사,名,hanja,接續詞,접쏙싸,Korean Basic Dictionary,2,exact_ambiguous_tie,dictionary_equivalent,0.45,low,
v02-c10-u05-002,2,10,5,869,869,벽지,墙纸,wallpaper,lexeme,명사,名,hanja,壁紙,벽찌,Korean Basic Dictionary,2,exact_ranked_gloss,dictionary_equivalent,0.91,high,
v02-c10-u05-003,2,10,5,870,870,칠하다,添，涂,apply; paint; coat,lexeme,동사,动,hybrid,漆하다,,Korean Basic Dictionary,1,exact_unique_gloss,dictionary_equivalent,0.97,high,
v02-c10-u05-004,2,10,5,871,871,천장,天花板，天棚,ceiling,lexeme,명사,名,hanja,天障,,Korean Basic Dictionary,1,exact_unique_gloss,dictionary_equivalent,0.97,high,
v02-c10-u05-005,2,10,5,872,872,상담하다,商量 商谈,consult; counsel,lexeme,동사,动,hybrid,相談하다,,Korean Basic Dictionary,1,exact_unique_gloss,dictionary_equivalent,0.97,high,
v02-c10-u05-006,2,10,5,873,873,정보,信息,information; data,lexeme,명사,名,hanja,情報,,Korean Basic Dictionary,2,exact_ambiguous_tie,dictionary_equivalent,0.45,low,
v02-c10-u05-007,2,10,5,874,874,분리,分开 分类,separation,lexeme,명사,名,hanja,分離,불리,Korean Basic Dictionary,1,exact_unique_gloss,dictionary_equivalent,0.97,high,
v02-c10-u05-008,2,10,5,875,875,종류,种类,kind; sort,lexeme,명사,名,hanja,種類,종ː뉴,Korean Basic Dictionary,3,exact_ambiguous_tie,dictionary_equivalent,0.45,low,
v02-c10-u05-009,2,10,5,876,876,플라스틱,塑料,plastic,lexeme,명사,名,loanword,plastic,,Korean Basic Dictionary,1,exact_unique_gloss,dictionary_equivalent,0.97,high,
v02-c10-u05-010,2,10,5,877,877,줄다,减少,shrink; diminish,lexeme,동사,动,native,,줄ː다,Korean Basic Dictionary,6,exact_ambiguous_tie,dictionary_equivalent,0.45,low,
